country,state,city,station,last_update,latitude,longitude,pollutant_id,pollutant_min,pollutant_max,pollutant_avg
India,Assam,Sivasagar,"Girls College, Sivasagar - PCBA",11-04-2026 13:00,26.987634,94.636574,SO2,6.0,8.0,7.0
India,Assam,Sivasagar,"Girls College, Sivasagar - PCBA",11-04-2026 13:00,26.987634,94.636574,CO,12.0,34.0,26.0
India,Bihar,Arrah,"New DM Office, Arrah - BSPCB",11-04-2026 13:00,25.5626095,84.663264,PM2.5,27.0,68.0,47.0
India,Bihar,Arrah,"New DM Office, Arrah - BSPCB",11-04-2026 13:00,25.5626095,84.663264,PM10,23.0,60.0,41.0
India,Bihar,Arrah,"New DM Office, Arrah - BSPCB",11-04-2026 13:00,25.5626095,84.663264,CO,38.0,67.0,51.0
India,Bihar,Arrah,"New DM Office, Arrah - BSPCB",11-04-2026 13:00,25.5626095,84.663264,OZONE,6.0,43.0,8.0
India,Bihar,Aurangabad,"Gurdeo Nagar, Aurangabad - BSPCB",11-04-2026 13:00,24.75746,84.366208,PM10,26.0,83.0,56.0
India,Bihar,Aurangabad,"Gurdeo Nagar, Aurangabad - BSPCB",11-04-2026 13:00,24.75746,84.366208,SO2,12.0,16.0,14.0
India,Bihar,Aurangabad,"Gurdeo Nagar, Aurangabad - BSPCB",11-04-2026 13:00,24.75746,84.366208,OZONE,35.0,82.0,54.0
India,Bihar,Begusarai,"Lohiyanagar, Begusarai - BSPCB",11-04-2026 13:00,25.42742023,86.13886079,NH3,3.0,4.0,4.0
India,Bihar,Begusarai,"Lohiyanagar, Begusarai - BSPCB",11-04-2026 13:00,25.42742023,86.13886079,OZONE,36.0,46.0,40.0
India,Andhra_Pradesh,Anantapur,"Gulzarpet, Anantapur - APPCB",11-04-2026 13:00,14.675886,77.593027,CO,22.0,91.0,50.0
India,Andhra_Pradesh,Chittoor,"Gangineni Cheruvu, Chittoor - APPCB",11-04-2026 13:00,13.20488,79.097889,PM10,45.0,63.0,48.0
India,Andhra_Pradesh,Chittoor,"Gangineni Cheruvu, Chittoor - APPCB",11-04-2026 13:00,13.20488,79.097889,NO2,25.0,37.0,28.0
India,Andhra_Pradesh,Eluru,"District Court, Eluru - APPCB",11-04-2026 13:00,16.711754,81.092095,SO2,8.0,11.0,10.0
India,Andhra_Pradesh,Guntur,"Rajendra Nagar North, Guntur - APPCB",11-04-2026 13:00,16.316553,80.413302,PM2.5,48.0,74.0,55.0
India,Andhra_Pradesh,Guntur,"Rajendra Nagar North, Guntur - APPCB",11-04-2026 13:00,16.316553,80.413302,NH3,4.0,6.0,5.0
India,Andhra_Pradesh,Kadapa,"Yerramukkapalli, Kadapa - APPCB",11-04-2026 13:00,14.465052,78.824187,PM2.5,0.0,0.0,0.0
India,Andhra_Pradesh,Kadapa,"Yerramukkapalli, Kadapa - APPCB",11-04-2026 13:00,14.465052,78.824187,PM10,0.0,0.0,0.0
India,Andhra_Pradesh,Machilipatnam,"Srinivas Nagar Colony, Machilipatnam - APPCB",11-04-2026 13:00,16.186555,81.13219,NH3,5.0,10.0,7.0
India,Andhra_Pradesh,Machilipatnam,"Srinivas Nagar Colony, Machilipatnam - APPCB",11-04-2026 13:00,16.186555,81.13219,SO2,15.0,25.0,17.0
India,Andhra_Pradesh,Machilipatnam,"Srinivas Nagar Colony, Machilipatnam - APPCB",11-04-2026 13:00,16.186555,81.13219,OZONE,31.0,37.0,36.0
India,Andhra_Pradesh,Nellore,"Ambedkar Nagar, Nellore - APPCB ",11-04-2026 13:00,14.438164,79.966814,PM10,0.0,0.0,0.0
India,Andhra_Pradesh,Rajamahendravaram,"Anand Kala Kshetram, Rajamahendravaram - APPCB",11-04-2026 13:00,16.9872867,81.7363176,PM10,29.0,82.0,51.0
India,Andhra_Pradesh,Rajamahendravaram,"Anand Kala Kshetram, Rajamahendravaram - APPCB",11-04-2026 13:00,16.9872867,81.7363176,OZONE,7.0,29.0,14.0
India,Andhra_Pradesh,Tirumala,"Toll Gate, Tirumala - APPCB",11-04-2026 13:00,13.67,79.35,CO,12.0,32.0,16.0
India,Andhra_Pradesh,Tirupati,"Vaikuntapuram, Tirupati - APPCB",11-04-2026 13:00,13.615387,79.40923,PM10,0.0,0.0,0.0
India,Andhra_Pradesh,Tirupati,"Vaikuntapuram, Tirupati - APPCB",11-04-2026 13:00,13.615387,79.40923,NO2,0.0,0.0,0.0
India,Andhra_Pradesh,Tirupati,"Vaikuntapuram, Tirupati - APPCB",11-04-2026 13:00,13.615387,79.40923,SO2,0.0,0.0,0.0
India,Andhra_Pradesh,Tirupati,"Vaikuntapuram, Tirupati - APPCB",11-04-2026 13:00,13.615387,79.40923,OZONE,18.0,40.0,21.0
India,Arunachal_Pradesh,Naharlagun,"Naharlagun, Naharlagun - APSPCB",11-04-2026 13:00,27.103358,93.679645,CO,8.0,20.0,8.0
India,Arunachal_Pradesh,Naharlagun,"Naharlagun, Naharlagun - APSPCB",11-04-2026 13:00,27.103358,93.679645,OZONE,6.0,6.0,6.0
India,Assam,Guwahati,"IITG, Guwahati - PCBA",11-04-2026 13:00,26.2028636,91.70046436,PM2.5,9.0,48.0,28.0
India,Assam,Guwahati,"LGBI Airport, Guwahati - PCBA",11-04-2026 13:00,26.10887,91.589544,NO2,13.0,83.0,19.0
India,Assam,Guwahati,"LGBI Airport, Guwahati - PCBA",11-04-2026 13:00,26.10887,91.589544,OZONE,12.0,14.0,14.0
India,Assam,Guwahati,"Pan Bazaar, Guwahati - PCBA",11-04-2026 13:00,26.1875,91.744194,PM10,0.0,0.0,0.0
India,Assam,Guwahati,"Pan Bazaar, Guwahati - PCBA",11-04-2026 13:00,26.1875,91.744194,NH3,1.0,1.0,1.0
India,Assam,Guwahati,"Railway Colony, Guwahati - PCBA",11-04-2026 13:00,26.181742,91.78063,SO2,1.0,5.0,3.0
India,Andhra_Pradesh,Vijayawada,"Kanuru, Vijayawada - APPCB",11-04-2026 13:00,16.486692,80.699436,PM10,0.0,0.0,0.0
India,Andhra_Pradesh,Vijayawada,"Rajiv Gandhi Park, Vijayawada - APPCB",11-04-2026 13:00,16.509717,80.612222,PM10,46.0,94.0,67.0
India,Andhra_Pradesh,Vijayawada,"Rajiv Gandhi Park, Vijayawada - APPCB",11-04-2026 13:00,16.509717,80.612222,NH3,5.0,6.0,6.0
India,Andhra_Pradesh,Visakhapatnam,"GVM Corporation, Visakhapatnam - APPCB",11-04-2026 13:00,17.72,83.3,NO2,13.0,81.0,41.0
India,Andhra_Pradesh,Visakhapatnam,"GVM Corporation, Visakhapatnam - APPCB",11-04-2026 13:00,17.72,83.3,NH3,3.0,4.0,3.0
India,Andhra_Pradesh,Visakhapatnam,"GVM Corporation, Visakhapatnam - APPCB",11-04-2026 13:00,17.72,83.3,OZONE,4.0,23.0,12.0
India,Arunachal_Pradesh,Naharlagun,"Naharlagun, Naharlagun - APSPCB",11-04-2026 13:00,27.103358,93.679645,PM10,18.0,71.0,37.0
India,Arunachal_Pradesh,Naharlagun,"Naharlagun, Naharlagun - APSPCB",11-04-2026 13:00,27.103358,93.679645,NH3,1.0,1.0,1.0
India,Bihar,Bettiah,"Kamalnath Nagar, Bettiah - BSPCB",11-04-2026 13:00,26.80365,84.51954,PM10,0.0,0.0,0.0
India,Bihar,Bhagalpur,"DM Office_Kachari Chowk, Bhagalpur - BSPCB",11-04-2026 13:00,25.251013,86.989001,NO2,8.0,12.0,11.0
India,Bihar,Bhagalpur,"DM Office_Kachari Chowk, Bhagalpur - BSPCB",11-04-2026 13:00,25.251013,86.989001,NH3,1.0,1.0,1.0
India,Bihar,Bhagalpur,"Mayaganj, Bhagalpur - BSPCB",11-04-2026 13:00,25.265194,87.012947,NH3,5.0,8.0,6.0
India,Bihar,Buxar,"Charitra Van, Buxar - BSPCB",11-04-2026 13:00,25.56752,83.966379,PM2.5,45.0,63.0,55.0
India,Bihar,Buxar,"Charitra Van, Buxar - BSPCB",11-04-2026 13:00,25.56752,83.966379,PM10,41.0,61.0,51.0
India,Bihar,Gaya,"Collectorate, Gaya - BSPCB",11-04-2026 13:00,24.7955,84.9994,NO2,0.0,0.0,0.0
India,Bihar,Gaya,"Collectorate, Gaya - BSPCB",11-04-2026 13:00,24.7955,84.9994,OZONE,18.0,19.0,18.0
India,Bihar,Gaya,"Kareemganj, Gaya - BSPCB",11-04-2026 13:00,24.792403,84.992416,PM2.5,27.0,153.0,69.0
India,Bihar,Gaya,"Kareemganj, Gaya - BSPCB",11-04-2026 13:00,24.792403,84.992416,PM10,107.0,217.0,143.0
India,Bihar,Gaya,"Kareemganj, Gaya - BSPCB",11-04-2026 13:00,24.792403,84.992416,OZONE,18.0,97.0,57.0
India,Bihar,Gaya,"SFTI Kusdihra, Gaya - BSPCB",11-04-2026 13:00,24.762518,84.982348,NH3,2.0,5.0,3.0
India,Assam,Nalbari,"Bata Chowk, Nalbari - PCBA",11-04-2026 13:00,26.446912,91.439057,PM10,33.0,52.0,44.0
India,Assam,Silchar,"Tarapur, Silchar - PCBA",11-04-2026 13:00,24.82827,92.79525,PM10,50.0,68.0,60.0
India,Assam,Silchar,"Tarapur, Silchar - PCBA",11-04-2026 13:00,24.82827,92.79525,NH3,1.0,1.0,1.0
India,Assam,Silchar,"Tarapur, Silchar - PCBA",11-04-2026 13:00,24.82827,92.79525,SO2,5.0,8.0,6.0
India,Andhra_Pradesh,Amaravati,"Secretariat, Amaravati - APPCB",11-04-2026 13:00,16.5150833,80.5181667,PM10,46.0,107.0,63.0
India,Andhra_Pradesh,Amaravati,"Secretariat, Amaravati - APPCB",11-04-2026 13:00,16.5150833,80.5181667,NO2,13.0,20.0,16.0
India,Andhra_Pradesh,Anantapur,"Gulzarpet, Anantapur - APPCB",11-04-2026 13:00,14.675886,77.593027,NH3,4.0,6.0,5.0
India,Andhra_Pradesh,Amaravati,"Secretariat, Amaravati - APPCB",11-04-2026 13:00,16.5150833,80.5181667,PM2.5,27.0,69.0,41.0
India,Bihar,Samastipur,"DM Office_Kasipur, Samastipur - BSPCB",11-04-2026 13:00,25.859655,85.77944,CO,1.0,4.0,2.0
India,Bihar,Sasaram,"Dada Peer, Sasaram - BSPCB",11-04-2026 13:00,24.952822,84.002396,SO2,2.0,6.0,4.0
India,Bihar,Siwan,"Chitragupta Nagar, Siwan - BSPCB",11-04-2026 13:00,26.2271665,84.3570427,NO2,2.0,2.0,2.0
India,Chandigarh,Chandigarh,"Sector 22, Chandigarh - CPCC",11-04-2026 13:00,30.735567,76.775714,PM2.5,18.0,68.0,38.0
India,Chandigarh,Chandigarh,"Sector-25, Chandigarh - CPCC",11-04-2026 13:00,30.751462,76.762879,PM2.5,18.0,47.0,33.0
India,Chandigarh,Chandigarh,"Sector-25, Chandigarh - CPCC",11-04-2026 13:00,30.751462,76.762879,PM10,29.0,45.0,38.0
India,Chandigarh,Chandigarh,"Sector-25, Chandigarh - CPCC",11-04-2026 13:00,30.751462,76.762879,SO2,3.0,13.0,8.0
India,Bihar,Patna,"Rajbansi Nagar, Patna - BSPCB",11-04-2026 13:00,25.599486,85.113666,OZONE,26.0,38.0,31.0
India,Bihar,Patna,"Samanpura, Patna - BSPCB",11-04-2026 13:00,25.596727,85.085624,CO,53.0,110.0,88.0
India,Bihar,Purnia,"Mariam Nagar, Purnia - BSPCB",11-04-2026 13:00,25.366336,87.117468,NH3,2.0,2.0,2.0
India,Bihar,Rajgir,"Dangi Tola, Rajgir - BSPCB",11-04-2026 13:00,25.0328,85.41948,PM2.5,25.0,53.0,39.0
India,Bihar,Rajgir,"Dangi Tola, Rajgir - BSPCB",11-04-2026 13:00,25.0328,85.41948,CO,34.0,48.0,40.0
India,Bihar,Saharsa,"Police Line, Saharsa - BSPCB",11-04-2026 13:00,25.892357,86.590325,NH3,4.0,4.0,4.0
India,Bihar,Saharsa,"Police Line, Saharsa - BSPCB",11-04-2026 13:00,25.892357,86.590325,SO2,15.0,18.0,17.0
India,Bihar,Muzaffarpur,"Muzaffarpur Collectorate, Muzaffarpur - BSPCB",11-04-2026 13:00,26.1209,85.3647,NO2,9.0,16.0,11.0
India,Bihar,Patna,"DRM Office Danapur, Patna - BSPCB",11-04-2026 13:00,25.586562,85.043586,SO2,3.0,9.0,6.0
India,Bihar,Patna,"Govt. High School Shikarpur, Patna - BSPCB",11-04-2026 13:00,25.592539,85.227158,PM10,104.0,432.0,167.0
India,Bihar,Patna,"Govt. High School Shikarpur, Patna - BSPCB",11-04-2026 13:00,25.592539,85.227158,NH3,4.0,5.0,5.0
India,Bihar,Patna,"IGSC Planetarium Complex, Patna - BSPCB",11-04-2026 13:00,25.610369,85.132568,SO2,2.0,21.0,11.0
India,Bihar,Gaya,"SFTI Kusdihra, Gaya - BSPCB",11-04-2026 13:00,24.762518,84.982348,OZONE,15.0,53.0,32.0
India,Bihar,Hajipur,"Industrial Area, Hajipur - BSPCB",11-04-2026 13:00,25.697189,85.2459,PM2.5,115.0,223.0,159.0
India,Bihar,Hajipur,"Industrial Area, Hajipur - BSPCB",11-04-2026 13:00,25.697189,85.2459,CO,16.0,44.0,37.0
India,Bihar,Kishanganj,"SDM Office_Khagra, Kishanganj - BSPCB",11-04-2026 13:00,26.0881305,87.93840336,PM2.5,27.0,137.0,43.0
India,Bihar,Manguraha,"Forest Rest House, Manguraha - BSPCB",11-04-2026 13:00,27.308328,84.531742,CO,19.0,34.0,33.0
India,Bihar,Motihari,"Gandak Colony, Motihari - BSPCB",11-04-2026 13:00,26.63086,84.90051,PM2.5,33.0,207.0,91.0
India,Bihar,Kishanganj,"SDM Office_Khagra, Kishanganj - BSPCB",11-04-2026 13:00,26.0881305,87.93840336,NO2,9.0,11.0,10.0
India,Bihar,Manguraha,"Forest Rest House, Manguraha - BSPCB",11-04-2026 13:00,27.308328,84.531742,NO2,3.0,9.0,5.0
India,Bihar,Munger,"Town Hall, Munger - BSPCB",11-04-2026 13:00,25.376776,86.471523,NO2,4.0,5.0,5.0
India,Bihar,Patna,"Muradpur, Patna - BSPCB",11-04-2026 13:00,25.619651,85.147382,SO2,9.0,11.0,10.0
India,Chandigarh,Chandigarh,"Sector-53, Chandigarh - CPCC",11-04-2026 13:00,30.719859,76.738637,NH3,13.0,14.0,14.0
India,Chandigarh,Chandigarh,"Sector-53, Chandigarh - CPCC",11-04-2026 13:00,30.719859,76.738637,OZONE,32.0,81.0,47.0
India,Chhattisgarh,Bhilai,"Civic Center, Bhilai - Bhilai Steel Plant",11-04-2026 13:00,21.185571,81.343175,NO2,13.0,14.0,13.0
India,Chhattisgarh,Bhilai,"Civic Center, Bhilai - Bhilai Steel Plant",11-04-2026 13:00,21.185571,81.343175,CO,25.0,31.0,26.0
India,Chhattisgarh,Bhilai,"Hathkhoj, Bhilai - CECB",11-04-2026 13:00,21.224231,81.40835,PM10,34.0,75.0,51.0
India,Chhattisgarh,Bhilai,"Hathkhoj, Bhilai - CECB",11-04-2026 13:00,21.224231,81.40835,NO2,15.0,75.0,35.0
India,Chhattisgarh,Bilaspur,"Mangala, Bilaspur - NTPC",11-04-2026 13:00,22.08815,82.13737,PM2.5,41.0,84.0,58.0
India,Chhattisgarh,Bilaspur,"Mangala, Bilaspur - NTPC",11-04-2026 13:00,22.08815,82.13737,SO2,13.0,24.0,18.0
India,Chhattisgarh,Chhal,"Nawapara SECL Colony, Chhal - CECB",11-04-2026 13:00,22.118125,83.140608,PM10,37.0,85.0,62.0
India,Chhattisgarh,Chhal,"Nawapara SECL Colony, Chhal - CECB",11-04-2026 13:00,22.118125,83.140608,NH3,5.0,5.0,5.0
India,Chhattisgarh,Chhal,"Nawapara SECL Colony, Chhal - CECB",11-04-2026 13:00,22.118125,83.140608,SO2,3.0,48.0,16.0
India,Chhattisgarh,Chhal,"Nawapara SECL Colony, Chhal - CECB",11-04-2026 13:00,22.118125,83.140608,CO,10.0,47.0,22.0
India,Chhattisgarh,Chhal,"Nawapara SECL Colony, Chhal - CECB",11-04-2026 13:00,22.118125,83.140608,OZONE,12.0,14.0,13.0
India,Chhattisgarh,Korba,"Rampur, Korba - CECB",11-04-2026 13:00,22.368195,82.746431,NO2,11.0,47.0,26.0
India,Chhattisgarh,Korba,"Rampur, Korba - CECB",11-04-2026 13:00,22.368195,82.746431,CO,7.0,35.0,15.0
India,Chhattisgarh,Korba,"Rampur, Korba - CECB",11-04-2026 13:00,22.368195,82.746431,OZONE,3.0,15.0,11.0
India,Chhattisgarh,Korba,"Urja Nagar, Korba - CECB",11-04-2026 13:00,22.348441,82.549611,PM2.5,3.0,16.0,12.0
India,Chhattisgarh,Kunjemura,"OP Jindal School, Kunjemura - CECB",11-04-2026 13:00,22.12665,83.483212,PM2.5,7.0,56.0,36.0
India,Chhattisgarh,Kunjemura,"OP Jindal School, Kunjemura - CECB",11-04-2026 13:00,22.12665,83.483212,OZONE,1.0,46.0,20.0
India,Chhattisgarh,Milupara,"Govt. Higher Secondary School, Milupara - CECB",11-04-2026 13:00,22.1910172,83.5197009,PM10,0.0,0.0,0.0
India,Chhattisgarh,Milupara,"Govt. Higher Secondary School, Milupara - CECB",11-04-2026 13:00,22.1910172,83.5197009,NO2,0.0,0.0,0.0
India,Chhattisgarh,Milupara,"Govt. Higher Secondary School, Milupara - CECB",11-04-2026 13:00,22.1910172,83.5197009,SO2,0.0,0.0,0.0
India,Delhi,Delhi,"Alipur, Delhi - DPCC",11-04-2026 13:00,28.815329,77.15301,CO,26.0,176.0,48.0
India,Delhi,Delhi,"Anand Vihar, Delhi - DPCC",11-04-2026 13:00,28.647622,77.315809,NO2,14.0,84.0,59.0
India,Delhi,Delhi,"Anand Vihar, Delhi - DPCC",11-04-2026 13:00,28.647622,77.315809,CO,20.0,86.0,36.0
India,Delhi,Delhi,"Ashok Vihar, Delhi - DPCC",11-04-2026 13:00,28.695381,77.181665,PM10,100.0,414.0,194.0
India,Delhi,Delhi,"Ashok Vihar, Delhi - DPCC",11-04-2026 13:00,28.695381,77.181665,NO2,17.0,62.0,31.0
India,Delhi,Delhi,"Ashok Vihar, Delhi - DPCC",11-04-2026 13:00,28.695381,77.181665,NH3,6.0,7.0,7.0
India,Delhi,Delhi,"Ashok Vihar, Delhi - DPCC",11-04-2026 13:00,28.695381,77.181665,SO2,11.0,31.0,20.0
India,Delhi,Delhi,"Aya Nagar, Delhi - IMD",11-04-2026 13:00,28.4706914,77.1099364,NO2,6.0,42.0,20.0
India,Delhi,Delhi,"IGI Airport (T3), Delhi - IMD",11-04-2026 13:00,28.5627763,77.1180053,CO,22.0,46.0,39.0
India,Delhi,Delhi,"IGNOU_Maidan Garhi, Delhi - DPCC",11-04-2026 13:00,28.493624,77.201159,NO2,12.0,70.0,28.0
India,Delhi,Delhi,"ITO, Delhi - CPCB",11-04-2026 13:00,28.628624,77.24106,PM2.5,28.0,119.0,53.0
India,Delhi,Delhi,"ITO, Delhi - CPCB",11-04-2026 13:00,28.628624,77.24106,NO2,2.0,107.0,48.0
India,Delhi,Delhi,"ITO, Delhi - CPCB",11-04-2026 13:00,28.628624,77.24106,SO2,16.0,36.0,24.0
India,Delhi,Delhi,"JNU, Delhi - DPCC",11-04-2026 13:00,28.540721,77.168544,NO2,5.0,43.0,17.0
India,Delhi,Delhi,"JNU, Delhi - DPCC",11-04-2026 13:00,28.540721,77.168544,NH3,3.0,4.0,4.0
India,Delhi,Delhi,"DTU, Delhi - CPCB",11-04-2026 13:00,28.7500499,77.1112615,OZONE,27.0,36.0,29.0
India,Delhi,Delhi,"Dr. Karni Singh Shooting Range, Delhi - DPCC",11-04-2026 13:00,28.498571,77.26484,PM10,85.0,172.0,124.0
India,Delhi,Delhi,"Dr. Karni Singh Shooting Range, Delhi - DPCC",11-04-2026 13:00,28.498571,77.26484,OZONE,30.0,73.0,52.0
India,Delhi,Delhi,"Dwarka-Sector 8, Delhi - DPCC ",11-04-2026 13:00,28.5710274,77.0719006,PM10,109.0,361.0,152.0
India,Delhi,Delhi,"IGI Airport (T3), Delhi - IMD",11-04-2026 13:00,28.5627763,77.1180053,PM10,75.0,139.0,111.0
India,Chhattisgarh,Raipur,"Bhatagaon New ISBT, Raipur - CECB",11-04-2026 13:00,21.219665,81.630094,SO2,4.0,79.0,22.0
India,Chhattisgarh,Raipur,"Krishak Nagar, Raipur - CECB",11-04-2026 13:00,21.237755,81.705301,PM2.5,40.0,92.0,63.0
India,Chhattisgarh,Raipur,"Krishak Nagar, Raipur - CECB",11-04-2026 13:00,21.237755,81.705301,SO2,3.0,18.0,8.0
India,Chhattisgarh,Raipur,"Siltara Phase-II, Raipur - CECB",11-04-2026 13:00,21.371751,81.664929,PM10,49.0,153.0,97.0
India,Chhattisgarh,Raipur,"Siltara Phase-II, Raipur - CECB",11-04-2026 13:00,21.371751,81.664929,NO2,11.0,56.0,24.0
India,Chhattisgarh,Raipur,"Siltara Phase-II, Raipur - CECB",11-04-2026 13:00,21.371751,81.664929,NH3,3.0,3.0,3.0
India,Delhi,Delhi,"Aya Nagar, Delhi - IMD",11-04-2026 13:00,28.4706914,77.1099364,CO,8.0,46.0,41.0
India,Delhi,Delhi,"Aya Nagar, Delhi - IMD",11-04-2026 13:00,28.4706914,77.1099364,OZONE,24.0,75.0,48.0
India,Delhi,Delhi,"Bawana, Delhi - DPCC",11-04-2026 13:00,28.7762,77.051074,PM10,103.0,201.0,139.0
India,Delhi,Delhi,"Burari Crossing, Delhi - IMD",11-04-2026 13:00,28.7256504,77.2011573,CO,2.0,20.0,17.0
India,Delhi,Delhi,"Burari Crossing, Delhi - IMD",11-04-2026 13:00,28.7256504,77.2011573,OZONE,30.0,128.0,64.0
India,Delhi,Delhi,"Jahangirpuri, Delhi - DPCC",11-04-2026 13:00,28.73282,77.170633,NH3,9.0,16.0,12.0
India,Delhi,Delhi,"Jahangirpuri, Delhi - DPCC",11-04-2026 13:00,28.73282,77.170633,SO2,45.0,61.0,52.0
India,Delhi,Delhi,"Jahangirpuri, Delhi - DPCC",11-04-2026 13:00,28.73282,77.170633,OZONE,10.0,49.0,32.0
India,Delhi,Delhi,"Jawaharlal Nehru Stadium, Delhi - DPCC",11-04-2026 13:00,28.58028,77.233829,SO2,0.0,0.0,0.0
India,Delhi,Delhi,"Jawaharlal Nehru Stadium, Delhi - DPCC",11-04-2026 13:00,28.58028,77.233829,OZONE,50.0,70.0,69.0
India,Delhi,Delhi,"Cantonment Area, Delhi - DPCC ",11-04-2026 13:00,28.594169,77.1251,OZONE,23.0,56.0,38.0
India,Delhi,Delhi,"Commonwealth Sports Complex, Delhi - DPCC",11-04-2026 13:00,28.615828,77.271992,SO2,25.0,32.0,28.0
India,Delhi,Delhi,"DTU, Delhi - CPCB",11-04-2026 13:00,28.7500499,77.1112615,PM2.5,15.0,193.0,62.0
India,Delhi,Delhi,"Talkatora Garden, Delhi - DPCC",11-04-2026 13:00,28.62181,77.1944633,CO,28.0,53.0,44.0
India,Delhi,Delhi,"Vivek Vihar, Delhi - DPCC",11-04-2026 13:00,28.672342,77.31526,CO,37.0,68.0,63.0
India,Delhi,Delhi,"Wazirpur, Delhi - DPCC",11-04-2026 13:00,28.699793,77.165453,PM2.5,48.0,245.0,80.0
India,Delhi,Delhi,"Wazirpur, Delhi - DPCC",11-04-2026 13:00,28.699793,77.165453,CO,24.0,65.0,34.0
India,Gujarat,Ahmedabad,"Chandkheda, Ahmedabad - IITM",11-04-2026 13:00,23.107969,72.574648,CO,6.0,142.0,30.0
India,Gujarat,Ahmedabad,"Chandkheda, Ahmedabad - IITM",11-04-2026 13:00,23.107969,72.574648,OZONE,1.0,161.0,150.0
India,Gujarat,Ahmedabad,"Gyaspur, Ahmedabad - IITM",11-04-2026 13:00,22.977134,72.553024,NO2,0.0,0.0,0.0
India,Delhi,Delhi,"R K Puram, Delhi - DPCC",11-04-2026 13:00,28.563262,77.186937,NH3,4.0,6.0,3.0
India,Delhi,Delhi,"R K Puram, Delhi - DPCC",11-04-2026 13:00,28.563262,77.186937,SO2,6.0,67.0,39.0
India,Delhi,Delhi,"R K Puram, Delhi - DPCC",11-04-2026 13:00,28.563262,77.186937,OZONE,12.0,74.0,50.0
India,Delhi,Delhi,"Rohini, Delhi - DPCC",11-04-2026 13:00,28.732528,77.11992,CO,12.0,42.0,19.0
India,Delhi,Delhi,"Shadipur, Delhi - CPCB",11-04-2026 13:00,28.6514781,77.1473105,NH3,5.0,8.0,6.0
India,Delhi,Delhi,"Sirifort, Delhi - CPCB",11-04-2026 13:00,28.5504249,77.2159377,PM2.5,38.0,127.0,64.0
India,Delhi,Delhi,"Sonia Vihar, Delhi - DPCC",11-04-2026 13:00,28.710508,77.249485,NO2,9.0,43.0,20.0
India,Gujarat,Ahmedabad,"Rakhial, Ahmedabad - IITM",11-04-2026 13:00,23.016834,72.625775,OZONE,1.0,159.0,57.0
India,Gujarat,Ahmedabad,"SAC ISRO Bopal, Ahmedabad - IITM",11-04-2026 13:00,23.041137,72.456691,PM2.5,68.0,297.0,149.0
India,Gujarat,Ahmedabad,"SAC ISRO Bopal, Ahmedabad - IITM",11-04-2026 13:00,23.041137,72.456691,CO,8.0,32.0,11.0
India,Gujarat,Ahmedabad,"SAC ISRO Satellite, Ahmedabad - IITM",11-04-2026 13:00,23.023389,72.515201,NH3,1.0,18.0,7.0
India,Gujarat,Ankleshwar,"GIDC, Ankleshwar - GPCB",11-04-2026 13:00,21.613267,73.010555,NH3,0.0,0.0,0.0
India,Delhi,Delhi,"Major Dhyan Chand National Stadium, Delhi - DPCC",11-04-2026 13:00,28.611281,77.237738,SO2,10.0,24.0,17.0
India,Delhi,Delhi,"Mundka, Delhi - DPCC",11-04-2026 13:00,28.684678,77.076574,PM2.5,15.0,333.0,112.0
India,Delhi,Delhi,"Mundka, Delhi - DPCC",11-04-2026 13:00,28.684678,77.076574,NO2,42.0,92.0,74.0
India,Delhi,Delhi,"NSIT Dwarka, Delhi - CPCB",11-04-2026 13:00,28.60909,77.0325413,NO2,76.0,108.0,93.0
India,Delhi,Delhi,"NSIT Dwarka, Delhi - CPCB",11-04-2026 13:00,28.60909,77.0325413,OZONE,51.0,131.0,91.0
India,Delhi,Delhi,"Punjabi Bagh, Delhi - DPCC",11-04-2026 13:00,28.674045,77.131023,NO2,17.0,44.0,28.0
India,Delhi,Delhi,"Pusa, Delhi - DPCC",11-04-2026 13:00,28.639652,77.146275,PM10,117.0,263.0,160.0
India,Delhi,Delhi,"Pusa, Delhi - DPCC",11-04-2026 13:00,28.639652,77.146275,NH3,9.0,22.0,15.0
India,Delhi,Delhi,"Pusa, Delhi - DPCC",11-04-2026 13:00,28.639652,77.146275,CO,38.0,106.0,72.0
India,Delhi,Delhi,"R K Puram, Delhi - DPCC",11-04-2026 13:00,28.563262,77.186937,PM2.5,23.0,203.0,64.0
India,Delhi,Delhi,"NSUT Jaffarpur, Delhi - DPCC",11-04-2026 13:00,28.594004,76.909423,NH3,1.0,3.0,2.0
India,Delhi,Delhi,"NSUT Jaffarpur, Delhi - DPCC",11-04-2026 13:00,28.594004,76.909423,CO,16.0,42.0,29.0
India,Delhi,Delhi,"Najafgarh, Delhi - DPCC",11-04-2026 13:00,28.570173,76.933762,CO,8.0,107.0,24.0
India,Delhi,Delhi,"New Moti Bagh, Delhi - MHUA",11-04-2026 13:00,28.57834,77.184,PM2.5,35.0,81.0,56.0
India,Gujarat,Bhavnagar,"Vidhyanagar, Bhavnagar - Nexteng Enviro",11-04-2026 13:00,21.755417,72.139056,CO,106.0,116.0,108.0
India,Gujarat,Bhavnagar,"Vidhyanagar, Bhavnagar - Nexteng Enviro",11-04-2026 13:00,21.755417,72.139056,OZONE,10.0,42.0,21.0
India,Gujarat,Gandhinagar,"GIFT City, Gandhinagar - IITM",11-04-2026 13:00,23.163798,72.677768,NH3,5.0,20.0,9.0
India,Gujarat,Gandhinagar,"GIFT City, Gandhinagar - IITM",11-04-2026 13:00,23.163798,72.677768,SO2,11.0,21.0,16.0
India,Delhi,Delhi,"Okhla Phase-2, Delhi - DPCC",11-04-2026 13:00,28.530785,77.271255,PM10,86.0,149.0,116.0
India,Delhi,Delhi,"Okhla Phase-2, Delhi - DPCC",11-04-2026 13:00,28.530785,77.271255,NH3,7.0,12.0,10.0
India,Gujarat,Ahmedabad,"Raikhad, Ahmedabad - IITM",11-04-2026 13:00,23.020509,72.579261,OZONE,1.0,82.0,38.0
India,Haryana,Ballabgarh,"Nathu Colony, Ballabgarh - HSPCB",11-04-2026 13:00,28.3419248,77.319699,OZONE,7.0,42.0,29.0
India,Haryana,Bhiwani,"H.B. Colony, Bhiwani - HSPCB",11-04-2026 13:00,28.806223,76.141105,PM2.5,27.0,38.0,30.0
India,Haryana,Bhiwani,"H.B. Colony, Bhiwani - HSPCB",11-04-2026 13:00,28.806223,76.141105,SO2,1.0,89.0,11.0
India,Haryana,Dharuhera,"Municipal Corporation Office, Dharuhera -  HSPCB",11-04-2026 13:00,28.2068,76.7997,PM2.5,56.0,109.0,78.0
India,Haryana,Dharuhera,"Municipal Corporation Office, Dharuhera -  HSPCB",11-04-2026 13:00,28.2068,76.7997,NO2,14.0,51.0,37.0
India,Haryana,Dharuhera,"Municipal Corporation Office, Dharuhera -  HSPCB",11-04-2026 13:00,28.2068,76.7997,NH3,9.0,27.0,19.0
India,Haryana,Faridabad,"New Industrial Town, Faridabad - HSPCB",11-04-2026 13:00,28.39072,77.30059,PM2.5,99.0,139.0,125.0
India,Haryana,Faridabad,"New Industrial Town, Faridabad - HSPCB",11-04-2026 13:00,28.39072,77.30059,NH3,10.0,12.0,11.0
India,Haryana,Faridabad,"New Industrial Town, Faridabad - HSPCB",11-04-2026 13:00,28.39072,77.30059,SO2,8.0,9.0,8.0
India,Haryana,Faridabad,"New Industrial Town, Faridabad - HSPCB",11-04-2026 13:00,28.39072,77.30059,OZONE,13.0,50.0,20.0
India,Haryana,Karnal,"Sector-12, Karnal - HSPCB",11-04-2026 13:00,29.6953,77.0027,SO2,5.0,114.0,19.0
India,Haryana,Kurukshetra,"Sector-7, Kurukshetra - HSPCB",11-04-2026 13:00,29.966942,76.875879,NO2,4.0,4.0,4.0
India,Haryana,Mandikhera,"General Hospital, Mandikhera(Nuh) - HSPCB",11-04-2026 13:00,27.9002,76.9938,PM2.5,23.0,44.0,34.0
India,Haryana,Mandikhera,"General Hospital, Mandikhera(Nuh) - HSPCB",11-04-2026 13:00,27.9002,76.9938,PM10,27.0,52.0,40.0
India,Haryana,Mandikhera,"General Hospital, Mandikhera(Nuh) - HSPCB",11-04-2026 13:00,27.9002,76.9938,SO2,32.0,36.0,34.0
India,Haryana,Mandikhera,"General Hospital, Mandikhera(Nuh) - HSPCB",11-04-2026 13:00,27.9002,76.9938,OZONE,25.0,30.0,27.0
India,Haryana,Manesar,"Sector-2 IMT, Manesar - HSPCB",11-04-2026 13:00,28.360699,76.93609,OZONE,9.0,50.0,26.0
India,Haryana,Narnaul,"Shastri Nagar, Narnaul - HSPCB",11-04-2026 13:00,28.060249,76.113115,PM2.5,54.0,117.0,76.0
India,Haryana,Palwal,"Shyam Nagar, Palwal - HSPCB",11-04-2026 13:00,28.1485564,77.3320667,NO2,23.0,24.0,24.0
India,Haryana,Palwal,"Shyam Nagar, Palwal - HSPCB",11-04-2026 13:00,28.1485564,77.3320667,NH3,8.0,9.0,9.0
India,Haryana,Panipat,"Sector-18, Panipat - HSPCB",11-04-2026 13:00,29.432304,76.972765,PM10,72.0,135.0,105.0
India,Gujarat,Vadodara,"Bapunagar, Vadodara - Nexteng Enviro",11-04-2026 13:00,22.320153,73.216285,PM10,30.0,344.0,158.0
India,Haryana,Ambala,"Patti Mehar, Ambala - HSPCB",11-04-2026 13:00,30.379589,76.778328,PM10,37.0,71.0,51.0
India,Haryana,Ambala,"Patti Mehar, Ambala - HSPCB",11-04-2026 13:00,30.379589,76.778328,CO,22.0,48.0,26.0
India,Haryana,Gurugram,"NISE Gwal Pahari, Gurugram - IMD",11-04-2026 13:00,28.422681,77.148944,OZONE,26.0,81.0,50.0
India,Haryana,Gurugram,"Teri Gram, Gurugram - HSPCB",11-04-2026 13:00,28.4275,77.1465,PM10,94.0,381.0,135.0
India,Haryana,Gurugram,"Teri Gram, Gurugram - HSPCB",11-04-2026 13:00,28.4275,77.1465,NO2,37.0,76.0,53.0
India,Haryana,Gurugram,"Teri Gram, Gurugram - HSPCB",11-04-2026 13:00,28.4275,77.1465,CO,11.0,22.0,14.0
India,Haryana,Hisar,"Urban Estate-II, Hisar - HSPCB",11-04-2026 13:00,29.14056,75.744941,NO2,32.0,33.0,32.0
India,Haryana,Kaithal,"Rishi Nagar, Kaithal - HSPCB",11-04-2026 13:00,29.8006,76.4155,PM10,41.0,77.0,57.0
India,Haryana,Kaithal,"Rishi Nagar, Kaithal - HSPCB",11-04-2026 13:00,29.8006,76.4155,SO2,39.0,43.0,40.0
India,Gujarat,Surat,"Katargam, Surat - Nexteng Enviro",11-04-2026 13:00,21.217779,72.834787,OZONE,11.0,12.0,11.0
India,Haryana,Jind,"Police Lines, Jind - HSPCB",11-04-2026 13:00,29.307814,76.337619,NH3,4.0,6.0,5.0
India,Haryana,Rohtak,"MD University, Rohtak - HSPCB",11-04-2026 13:00,28.52123,76.37138,OZONE,39.0,40.0,39.0
India,Haryana,Sirsa,"F-Block, Sirsa - HSPCB",11-04-2026 13:00,29.5364,75.0158,PM10,70.0,123.0,101.0
India,Haryana,Sirsa,"F-Block, Sirsa - HSPCB",11-04-2026 13:00,29.5364,75.0158,NO2,17.0,21.0,19.0
India,Haryana,Sirsa,"F-Block, Sirsa - HSPCB",11-04-2026 13:00,29.5364,75.0158,OZONE,9.0,16.0,13.0
India,Haryana,Sonipat,"Murthal, Sonipat - HSPCB",11-04-2026 13:00,29.0272,77.0621,PM10,107.0,199.0,154.0
India,Haryana,Sonipat,"Murthal, Sonipat - HSPCB",11-04-2026 13:00,29.0272,77.0621,CO,45.0,62.0,51.0
India,Haryana,Yamuna Nagar,"Gobind Pura, Yamuna Nagar - HSPCB",11-04-2026 13:00,30.1480566,77.2893471,PM2.5,68.0,321.0,95.0
India,Haryana,Yamuna Nagar,"Gobind Pura, Yamuna Nagar - HSPCB",11-04-2026 13:00,30.1480566,77.2893471,PM10,68.0,198.0,86.0
India,Haryana,Yamuna Nagar,"Gobind Pura, Yamuna Nagar - HSPCB",11-04-2026 13:00,30.1480566,77.2893471,NH3,1.0,6.0,3.0
India,Haryana,Yamuna Nagar,"Gobind Pura, Yamuna Nagar - HSPCB",11-04-2026 13:00,30.1480566,77.2893471,OZONE,8.0,33.0,27.0
India,Karnataka,Dharwad,"Kalabhavan, Dharwad - KSPCB",11-04-2026 13:00,15.459706,75.008381,NH3,6.0,8.0,8.0
India,Karnataka,Hubballi,"Lingaraj Nagar, Hubballi - KSPCB",11-04-2026 13:00,15.3714823,75.1160168,CO,8.0,62.0,14.0
India,Karnataka,Hubballi,"Lingaraj Nagar, Hubballi - KSPCB",11-04-2026 13:00,15.3714823,75.1160168,OZONE,31.0,32.0,32.0
India,Karnataka,Kalaburagi,"Mahatma Basaveswar Colony, Kalaburgi - KSPCB",11-04-2026 13:00,17.336318,76.847397,NH3,3.0,3.0,3.0
India,Karnataka,Mangalore,"Kadri, Mangalore - KSPCB",11-04-2026 13:00,12.88925,74.853,PM2.5,37.0,68.0,58.0
India,Karnataka,Mysuru,"Hebbal 1st Stage, Mysuru - KSPCB",11-04-2026 13:00,12.21041,76.37376,PM10,44.0,109.0,80.0
India,Karnataka,Mysuru,"Hebbal 1st Stage, Mysuru - KSPCB",11-04-2026 13:00,12.21041,76.37376,NO2,8.0,26.0,17.0
India,Karnataka,Mysuru,"Hebbal 1st Stage, Mysuru - KSPCB",11-04-2026 13:00,12.21041,76.37376,CO,6.0,34.0,26.0
India,Karnataka,Belgaum,"Ramteerth Nagar, Belgaum - KSPCB",11-04-2026 13:00,15.888653,74.541751,SO2,36.0,43.0,38.0
India,Karnataka,Belgaum,"Ramteerth Nagar, Belgaum - KSPCB",11-04-2026 13:00,15.888653,74.541751,OZONE,19.0,20.0,20.0
India,Karnataka,Bengaluru,"BWSSB Kadabesanahalli, Bengaluru - CPCB",11-04-2026 13:00,12.9352049,77.6814488,SO2,2.0,7.0,4.0
India,Karnataka,Bengaluru,"Bapuji Nagar, Bengaluru - KSPCB",11-04-2026 13:00,12.951913,77.539784,PM10,70.0,156.0,111.0
India,Karnataka,Bengaluru,"Bapuji Nagar, Bengaluru - KSPCB",11-04-2026 13:00,12.951913,77.539784,NO2,25.0,36.0,28.0
India,Karnataka,Bengaluru,"Bapuji Nagar, Bengaluru - KSPCB",11-04-2026 13:00,12.951913,77.539784,SO2,5.0,37.0,19.0
India,Karnataka,Bengaluru,"City Railway Station, Bengaluru - KSPCB",11-04-2026 13:00,12.9756843,77.5660749,CO,57.0,64.0,60.0
India,Jammu_and_Kashmir,Srinagar,"Rajbagh, Srinagar - JKPCC",11-04-2026 13:00,34.066206,74.81982,PM2.5,18.0,31.0,23.0
India,Jammu_and_Kashmir,Srinagar,"Rajbagh, Srinagar - JKPCC",11-04-2026 13:00,34.066206,74.81982,OZONE,1.0,8.0,1.0
India,Jharkhand,Dhanbad,"Sardar Patel Nagar, Dhanbad - JSPCB",11-04-2026 13:00,23.80569,86.44268,NO2,92.0,150.0,100.0
India,Karnataka,Bagalkot,"Vidayagiri, Bagalkot - KSPCB",11-04-2026 13:00,16.172806,75.659694,PM10,53.0,55.0,53.0
India,Karnataka,Bengaluru,"Jayanagar 5th Block, Bengaluru - KSPCB",11-04-2026 13:00,12.920984,77.584908,NH3,1.0,1.0,1.0
India,Karnataka,Bengaluru,"Jigani, Bengaluru - KSPCB",11-04-2026 13:00,12.7816279,77.6299145,OZONE,24.0,26.0,25.0
India,Karnataka,Bengaluru,"RVCE-Mailasandra, Bengaluru - KSPCB",11-04-2026 13:00,12.921418,77.502466,CO,5.0,38.0,11.0
India,Karnataka,Bengaluru,"Shivapura_Peenya, Bengaluru - KSPCB",11-04-2026 13:00,13.0246342,77.5080115,NH3,4.0,4.0,4.0
India,Karnataka,Bengaluru,"Silk Board, Bengaluru - KSPCB",11-04-2026 13:00,12.917348,77.622813,CO,12.0,48.0,17.0
India,Karnataka,Chamarajanagar,"Urban, Chamarajanagar - KSPCB",11-04-2026 13:00,11.55358,76.55521,PM2.5,26.0,48.0,30.0
India,Karnataka,Chamarajanagar,"Urban, Chamarajanagar - KSPCB",11-04-2026 13:00,11.55358,76.55521,NO2,14.0,35.0,21.0
India,Karnataka,Chamarajanagar,"Urban, Chamarajanagar - KSPCB",11-04-2026 13:00,11.55358,76.55521,SO2,2.0,4.0,3.0
India,Karnataka,Chikkamagaluru,"Kalyana Nagara, Chikkamagaluru - KSPCB",11-04-2026 13:00,13.328028,75.797056,SO2,2.0,10.0,4.0
India,Karnataka,Chikkamagaluru,"Kalyana Nagara, Chikkamagaluru - KSPCB",11-04-2026 13:00,13.328028,75.797056,CO,11.0,44.0,15.0
India,Karnataka,Chikkamagaluru,"Kalyana Nagara, Chikkamagaluru - KSPCB",11-04-2026 13:00,13.328028,75.797056,OZONE,32.0,50.0,35.0
India,Karnataka,Dharwad,"Kalabhavan, Dharwad - KSPCB",11-04-2026 13:00,15.459706,75.008381,PM2.5,42.0,77.0,68.0
India,Karnataka,Ramanagara,"Vijay Nagar, Ramanagara - KSPCB",11-04-2026 13:00,12.733409,77.298051,NH3,3.0,4.0,4.0
India,Karnataka,Shivamogga,"Vinoba Nagara, Shivamogga - KSPCB",11-04-2026 13:00,13.94,75.555917,PM2.5,41.0,50.0,48.0
India,Karnataka,Bengaluru,"Hebbal, Bengaluru - KSPCB",11-04-2026 13:00,13.029152,77.585901,CO,6.0,104.0,19.0
India,Madhya Pradesh,Jabalpur,"Suhagi, Jabalpur - JMC",11-04-2026 13:00,23.218135,79.95777,SO2,8.0,24.0,13.0
India,Madhya Pradesh,Katni,"Gole Bazar, Katni - MPPCB",11-04-2026 13:00,23.50016,80.23284,PM2.5,15.0,290.0,61.0
India,Madhya Pradesh,Mandideep,"Sector-D Industrial Area, Mandideep - MPPCB",11-04-2026 13:00,23.10844,77.511428,NO2,9.0,111.0,65.0
India,Madhya Pradesh,Pithampur,"Sector-2 Industrial Area, Pithampur - MPPCB",11-04-2026 13:00,22.624758,75.675238,PM2.5,46.0,370.0,190.0
India,Madhya Pradesh,Pithampur,"Sector-2 Industrial Area, Pithampur - MPPCB",11-04-2026 13:00,22.624758,75.675238,SO2,15.0,107.0,34.0
India,Madhya Pradesh,Pithampur,"Sector-2 Industrial Area, Pithampur - MPPCB",11-04-2026 13:00,22.624758,75.675238,OZONE,34.0,178.0,178.0
India,Madhya Pradesh,Ratlam,"Shasthri Nagar, Ratlam - IPCA Lab",11-04-2026 13:00,23.331731,75.045981,PM10,80.0,224.0,146.0
India,Madhya Pradesh,Indore,"Maguda Nagar, Indore - IMC",11-04-2026 13:00,22.7524,75.8872,CO,35.0,57.0,49.0
India,Madhya Pradesh,Indore,"Regional Park, Indore - IMC",11-04-2026 13:00,22.678,75.8559,PM10,0.0,0.0,0.0
India,Madhya Pradesh,Indore,"Residency Area, Indore - IMC",11-04-2026 13:00,22.7084,75.8815,NO2,5.0,26.0,17.0
India,Madhya Pradesh,Indore,"Residency Area, Indore - IMC",11-04-2026 13:00,22.7084,75.8815,CO,28.0,64.0,47.0
India,Madhya Pradesh,Jabalpur,"Marhatal, Jabalpur - MPPCB",11-04-2026 13:00,23.168606,79.932247,PM10,81.0,418.0,159.0
India,Madhya Pradesh,Jabalpur,"Marhatal, Jabalpur - MPPCB",11-04-2026 13:00,23.168606,79.932247,NO2,36.0,70.0,52.0
India,Madhya Pradesh,Jabalpur,"Marhatal, Jabalpur - MPPCB",11-04-2026 13:00,23.168606,79.932247,NH3,4.0,8.0,6.0
India,Madhya Pradesh,Bhopal,"Paryavaran Parisar, Bhopal - MPPCB",11-04-2026 13:00,23.210494,77.425409,PM2.5,12.0,85.0,52.0
India,Madhya Pradesh,Bhopal,"Paryavaran Parisar, Bhopal - MPPCB",11-04-2026 13:00,23.210494,77.425409,SO2,25.0,31.0,27.0
India,Madhya Pradesh,Bhopal,"Paryavaran Parisar, Bhopal - MPPCB",11-04-2026 13:00,23.210494,77.425409,OZONE,50.0,78.0,60.0
India,Madhya Pradesh,Bhopal,"T T Nagar, Bhopal - MPPCB",11-04-2026 13:00,23.233584,77.400574,NH3,5.0,6.0,5.0
India,Madhya Pradesh,Dewas,"Bhopal Chauraha, Dewas - MPPCB",11-04-2026 13:00,22.9682591,76.064118,PM10,62.0,196.0,121.0
India,Madhya Pradesh,Dewas,"Bhopal Chauraha, Dewas - MPPCB",11-04-2026 13:00,22.9682591,76.064118,SO2,15.0,56.0,28.0
India,Madhya Pradesh,Dewas,"Bhopal Chauraha, Dewas - MPPCB",11-04-2026 13:00,22.9682591,76.064118,CO,23.0,64.0,34.0
India,Karnataka,Udupi,"Brahmagiri, Udupi - KSPCB",11-04-2026 13:00,13.34194444,74.74694444,NO2,4.0,14.0,11.0
India,Karnataka,Udupi,"Brahmagiri, Udupi - KSPCB",11-04-2026 13:00,13.34194444,74.74694444,SO2,20.0,21.0,20.0
India,Karnataka,Vijayapura,"Ibrahimpur, Vijayapura - KSPCB",11-04-2026 13:00,16.802639,75.722694,PM10,38.0,39.0,39.0
India,Karnataka,Vijayapura,"Ibrahimpur, Vijayapura - KSPCB",11-04-2026 13:00,16.802639,75.722694,SO2,3.0,6.0,3.0
India,Karnataka,Yadgir,"Collector Office, Yadgir - KSPCB",11-04-2026 13:00,16.7602,77.1428,PM2.5,47.0,86.0,65.0
India,Karnataka,Yadgir,"Collector Office, Yadgir - KSPCB",11-04-2026 13:00,16.7602,77.1428,PM10,108.0,168.0,131.0
India,Kerala,Thiruvananthapuram,"Kariavattom, Thiruvananthapuram - Kerala PCB",11-04-2026 13:00,8.5637,76.8865,PM10,35.0,92.0,61.0
India,Kerala,Thiruvananthapuram,"Plammoodu, Thiruvananthapuram - Kerala PCB",11-04-2026 13:00,8.5149093,76.9435879,SO2,8.0,22.0,15.0
India,Kerala,Thrissur,"Corporation Ground, Thrissur - Kerala PCB",11-04-2026 13:00,10.5324,76.2159,NO2,0.0,0.0,0.0
India,Karnataka,Shivamogga,"Vinoba Nagara, Shivamogga - KSPCB",11-04-2026 13:00,13.94,75.555917,PM10,50.0,65.0,62.0
India,Karnataka,Tumakuru,"Thimmalapura, Tumakuru - KSPCB",11-04-2026 13:00,13.377516,77.099072,CO,52.0,54.0,54.0
India,Karnataka,Udupi,"Brahmagiri, Udupi - KSPCB",11-04-2026 13:00,13.34194444,74.74694444,PM2.5,58.0,112.0,83.0
India,Kerala,Kannur,"Thavakkara, Kannur - Kerala PCB",11-04-2026 13:00,11.875,75.3732,NH3,2.0,2.0,2.0
India,Kerala,Kannur,"Thavakkara, Kannur - Kerala PCB",11-04-2026 13:00,11.875,75.3732,SO2,2.0,2.0,2.0
India,Kerala,Kannur,"Thavakkara, Kannur - Kerala PCB",11-04-2026 13:00,11.875,75.3732,CO,14.0,18.0,16.0
India,Kerala,Kollam,"Polayathode, Kollam - Kerala PCB",11-04-2026 13:00,8.8787,76.6073,NO2,8.0,10.0,9.0
India,Madhya Pradesh,Gwalior,"Deen Dayal Nagar, Gwalior - MPPCB",11-04-2026 13:00,26.259242,78.216432,PM10,46.0,217.0,97.0
India,Madhya Pradesh,Gwalior,"Deen Dayal Nagar, Gwalior - MPPCB",11-04-2026 13:00,26.259242,78.216432,OZONE,36.0,158.0,85.0
India,Madhya Pradesh,Gwalior,"Maharaj Bada, Gwalior - MPPCB",11-04-2026 13:00,26.200388,78.147714,OZONE,11.0,170.0,156.0
India,Madhya Pradesh,Sagar,"Civil Lines, Sagar - MPPCB",11-04-2026 13:00,23.838586,78.759431,CO,4.0,25.0,15.0
India,Madhya Pradesh,Sagar,"Deen Dayal Nagar, Sagar - MPPCB",11-04-2026 13:00,23.8640158,78.80289321,CO,70.0,97.0,88.0
India,Maharashtra,Boisar,"Khaira, Boisar - MPCB",11-04-2026 13:00,19.786089,72.757971,CO,26.0,33.0,26.0
India,Maharashtra,Chandrapur,"MIDC Khutala, Chandrapur - MPCB",11-04-2026 13:00,19.9775302,79.2337086,NH3,1.0,4.0,3.0
India,Maharashtra,Chandrapur,"MIDC Khutala, Chandrapur - MPCB",11-04-2026 13:00,19.9775302,79.2337086,OZONE,1.0,152.0,52.0
India,Maharashtra,Dhule,"Deopur, Dhule - MPCB",11-04-2026 13:00,20.918946,74.776388,PM10,67.0,101.0,79.0
India,Maharashtra,Dhule,"Deopur, Dhule - MPCB",11-04-2026 13:00,20.918946,74.776388,SO2,2.0,27.0,10.0
India,Maharashtra,Dombivli,"Kalu Nagar, Dombivli - MPCB",11-04-2026 13:00,19.2268427,73.0788456,PM10,61.0,121.0,86.0
India,Maharashtra,Dombivli,"Kalu Nagar, Dombivli - MPCB",11-04-2026 13:00,19.2268427,73.0788456,NH3,1.0,3.0,2.0
India,Maharashtra,Dombivli,"Kalu Nagar, Dombivli - MPCB",11-04-2026 13:00,19.2268427,73.0788456,SO2,4.0,22.0,11.0
India,Maharashtra,Dombivli,"Kalu Nagar, Dombivli - MPCB",11-04-2026 13:00,19.2268427,73.0788456,CO,9.0,40.0,26.0
India,Maharashtra,Hingoli,"Ashta Vinayak Nagar, Hingoli - MPCB",11-04-2026 13:00,19.710842,77.151824,PM2.5,27.0,81.0,49.0
India,Maharashtra,Hingoli,"Ashta Vinayak Nagar, Hingoli - MPCB",11-04-2026 13:00,19.710842,77.151824,PM10,53.0,108.0,76.0
India,Maharashtra,Hingoli,"Ashta Vinayak Nagar, Hingoli - MPCB",11-04-2026 13:00,19.710842,77.151824,NO2,10.0,48.0,24.0
India,Maharashtra,Hingoli,"Ashta Vinayak Nagar, Hingoli - MPCB",11-04-2026 13:00,19.710842,77.151824,CO,12.0,52.0,30.0
India,Maharashtra,Jalgaon,"Prabhat Colony, Jalgaon - MPCB",11-04-2026 13:00,21.001264,75.565602,PM10,68.0,164.0,112.0
India,Maharashtra,Jalgaon,"Prabhat Colony, Jalgaon - MPCB",11-04-2026 13:00,21.001264,75.565602,NH3,1.0,3.0,2.0
India,Maharashtra,Jalgaon,"Prabhat Colony, Jalgaon - MPCB",11-04-2026 13:00,21.001264,75.565602,CO,18.0,60.0,22.0
India,Maharashtra,Akola,"Ramdaspeth, Akola - MPCB",11-04-2026 13:00,20.719516,77.000253,PM10,73.0,129.0,92.0
India,Maharashtra,Ambernath,"Chinchpada, Ambernath - MPCB",11-04-2026 13:00,19.215784,73.199781,PM10,0.0,0.0,0.0
India,Maharashtra,Ambernath,"Chinchpada, Ambernath - MPCB",11-04-2026 13:00,19.215784,73.199781,OZONE,1.0,64.0,29.0
India,Maharashtra,Amravati,"Shivneri Colony, Amravati - MPCB",11-04-2026 13:00,20.9402359,77.7895248,SO2,9.0,29.0,12.0
India,Maharashtra,Amravati,"Shivneri Colony, Amravati - MPCB",11-04-2026 13:00,20.9402359,77.7895248,CO,10.0,29.0,14.0
India,Maharashtra,Amravati,"Shivneri Colony, Amravati - MPCB",11-04-2026 13:00,20.9402359,77.7895248,OZONE,31.0,71.0,57.0
India,Maharashtra,Aurangabad,"Rachnakar Colony, Aurangabad - MPCB",11-04-2026 13:00,19.863756,75.321188,CO,30.0,77.0,45.0
India,Maharashtra,Badlapur,"Katrap, Badlapur - MPCB",11-04-2026 13:00,19.16485,73.23409,NO2,11.0,43.0,26.0
India,Maharashtra,Belapur,"CBD Belapur, Belapur - MPCB",11-04-2026 13:00,19.0243902,73.0406721,PM10,128.0,261.0,187.0
India,Maharashtra,Bhiwandi,"Gokul Nagar, Bhiwandi - MPCB",11-04-2026 13:00,19.309073,73.057223,NH3,3.0,7.0,5.0
India,Maharashtra,Jalna,"Old MIDC, Jalna - MPCB",11-04-2026 13:00,19.854616,75.905894,SO2,4.0,11.0,7.0
India,Maharashtra,Kalyan,"Pimpleshwar Mandir, Kalyan - MPCB",11-04-2026 13:00,19.192056,72.9585188,NO2,0.0,0.0,0.0
India,Maharashtra,Kolhapur,"Sinchan Bhavan, Kolhapur - MPCB",11-04-2026 13:00,16.7143745,74.2426398,OZONE,21.0,94.0,62.0
India,Maharashtra,Latur,"Sawe Wadi, Latur - MPCB",11-04-2026 13:00,18.39963,76.57452,NH3,3.0,19.0,8.0
India,Maharashtra,Amravati,"Shri Shivaji Science College, Amravati - MPCB",11-04-2026 13:00,20.939198,77.765701,SO2,12.0,26.0,17.0
India,Maharashtra,Amravati,"Shri Shivaji Science College, Amravati - MPCB",11-04-2026 13:00,20.939198,77.765701,CO,12.0,86.0,19.0
India,Maharashtra,Amravati,"Shri Shivaji Science College, Amravati - MPCB",11-04-2026 13:00,20.939198,77.765701,OZONE,13.0,73.0,55.0
India,Maharashtra,Aurangabad,"MIDC Chilkalthana, Aurangabad - MPCB",11-04-2026 13:00,19.87562,75.38731,NO2,22.0,28.0,25.0
India,Maharashtra,Aurangabad,"MIDC Chilkalthana, Aurangabad - MPCB",11-04-2026 13:00,19.87562,75.38731,SO2,32.0,42.0,37.0
India,Maharashtra,Mahad,"Kamble Tarf Birwadi, Mahad - MPCB",11-04-2026 13:00,18.1023399,73.4783687,PM2.5,55.0,94.0,71.0
India,Maharashtra,Mahad,"Kamble Tarf Birwadi, Mahad - MPCB",11-04-2026 13:00,18.1023399,73.4783687,NO2,6.0,20.0,11.0
India,Maharashtra,Mahad,"Kamble Tarf Birwadi, Mahad - MPCB",11-04-2026 13:00,18.1023399,73.4783687,OZONE,20.0,75.0,23.0
India,Maharashtra,Malegaon,"Mahesh Nagar, Malegaon - MPCB",11-04-2026 13:00,20.555712,74.529236,PM2.5,41.0,244.0,102.0
India,Maharashtra,Aurangabad,"More Chowk Waluj, Aurangabad - MPCB",11-04-2026 13:00,19.8389439,75.244448,SO2,28.0,50.0,34.0
India,Maharashtra,Aurangabad,"Rachnakar Colony, Aurangabad - MPCB",11-04-2026 13:00,19.863756,75.321188,PM2.5,39.0,126.0,76.0
India,Maharashtra,Ahmednagar,"Tarakpur, Ahmednagar - MPCB",11-04-2026 13:00,19.10122,74.73339,PM2.5,42.0,100.0,67.0
India,Maharashtra,Ahmednagar,"Tarakpur, Ahmednagar - MPCB",11-04-2026 13:00,19.10122,74.73339,NH3,5.0,7.0,6.0
India,Maharashtra,Mumbai,"Bandra Kurla Complex, Mumbai - MPCB",11-04-2026 13:00,19.065931,72.862131,PM2.5,9.0,288.0,143.0
India,Maharashtra,Mumbai,"Bandra Kurla Complex, Mumbai - MPCB",11-04-2026 13:00,19.065931,72.862131,CO,8.0,12.0,10.0
India,Maharashtra,Mumbai,"Borivali East, Mumbai - IITM",11-04-2026 13:00,19.23241,72.86895,NH3,4.0,5.0,4.0
India,Maharashtra,Mumbai,"Borivali East, Mumbai - IITM",11-04-2026 13:00,19.23241,72.86895,OZONE,8.0,75.0,15.0
India,Maharashtra,Mumbai,"Borivali East, Mumbai - MPCB",11-04-2026 13:00,19.2243333,72.8658113,NO2,0.0,0.0,0.0
India,Maharashtra,Mumbai,"Borivali East, Mumbai - MPCB",11-04-2026 13:00,19.2243333,72.8658113,SO2,11.0,17.0,14.0
India,Maharashtra,Mumbai,"Byculla, Mumbai - BMC",11-04-2026 13:00,18.9767,72.838,PM10,90.0,136.0,114.0
India,Maharashtra,Mumbai,"Byculla, Mumbai - BMC",11-04-2026 13:00,18.9767,72.838,SO2,3.0,6.0,5.0
India,Maharashtra,Mumbai,"Byculla, Mumbai - BMC",11-04-2026 13:00,18.9767,72.838,CO,38.0,62.0,45.0
India,Maharashtra,Mumbai,"Byculla, Mumbai - BMC",11-04-2026 13:00,18.9767,72.838,OZONE,15.0,41.0,33.0
India,Maharashtra,Mumbai,"Chakala-Andheri East, Mumbai - IITM",11-04-2026 13:00,19.11074,72.86084,CO,34.0,85.0,38.0
India,Maharashtra,Mumbai,"Chembur, Mumbai - MPCB",11-04-2026 13:00,19.0364585,72.8954371,PM2.5,42.0,80.0,59.0
India,Maharashtra,Mumbai,"Malad West, Mumbai - IITM",11-04-2026 13:00,19.19709,72.82204,PM2.5,45.0,87.0,63.0
India,Maharashtra,Mumbai,"Malad West, Mumbai - IITM",11-04-2026 13:00,19.19709,72.82204,OZONE,31.0,80.0,40.0
India,Maharashtra,Mumbai,"Mindspace-Malad West, Mumbai - MPCB",11-04-2026 13:00,19.1878657,72.8304069,PM10,69.0,436.0,134.0
India,Maharashtra,Mumbai,"Mulund West, Mumbai - MPCB",11-04-2026 13:00,19.175,72.9419,NH3,2.0,3.0,2.0
India,Maharashtra,Mumbai,"Navy Nagar-Colaba, Mumbai - IITM",11-04-2026 13:00,18.897756,72.81332,PM10,136.0,148.0,143.0
India,Maharashtra,Mumbai,"Navy Nagar-Colaba, Mumbai - IITM",11-04-2026 13:00,18.897756,72.81332,NO2,26.0,52.0,33.0
India,Maharashtra,Mumbai,"Navy Nagar-Colaba, Mumbai - IITM",11-04-2026 13:00,18.897756,72.81332,NH3,7.0,8.0,7.0
India,Maharashtra,Mumbai,"Navy Nagar-Colaba, Mumbai - IITM",11-04-2026 13:00,18.897756,72.81332,SO2,5.0,18.0,10.0
India,Maharashtra,Mumbai,"Chhatrapati Shivaji Intl. Airport (T2), Mumbai - MPCB",11-04-2026 13:00,19.10078,72.87462,PM2.5,74.0,139.0,97.0
India,Maharashtra,Mumbai,"Deonar, Mumbai - IITM",11-04-2026 13:00,19.04946,72.923,PM10,0.0,0.0,0.0
India,Maharashtra,Mumbai,"Ghatkopar, Mumbai - BMC",11-04-2026 13:00,19.083694,72.920967,SO2,1.0,6.0,4.0
India,Maharashtra,Mumbai,"Ghatkopar, Mumbai - BMC",11-04-2026 13:00,19.083694,72.920967,CO,18.0,45.0,18.0
India,Maharashtra,Mumbai,"Kandivali East, Mumbai - MPCB",11-04-2026 13:00,19.2058,72.8682,PM2.5,12.0,41.0,24.0
India,Maharashtra,Mumbai,"Kandivali West, Mumbai - BMC",11-04-2026 13:00,19.215859,72.831718,NH3,4.0,4.0,4.0
India,Maharashtra,Mumbai,"Kherwadi_Bandra East, Mumbai - MPCB",11-04-2026 13:00,19.0632143,72.8456324,PM2.5,50.0,96.0,68.0
India,Maharashtra,Mumbai,"Khindipada-Bhandup West, Mumbai - IITM",11-04-2026 13:00,19.1653323,72.922099,PM10,82.0,135.0,115.0
India,Maharashtra,Mumbai,"Khindipada-Bhandup West, Mumbai - IITM",11-04-2026 13:00,19.1653323,72.922099,OZONE,38.0,80.0,52.0
India,Maharashtra,Mumbai,"Kurla, Mumbai - MPCB",11-04-2026 13:00,19.0863,72.8888,SO2,29.0,29.0,29.0
India,Maharashtra,Malegaon,"Mahesh Nagar, Malegaon - MPCB",11-04-2026 13:00,20.555712,74.529236,OZONE,20.0,96.0,61.0
India,Maharashtra,Mira-Bhayandar,"Bhayandar West, Mira-Bhayandar - MPCB",11-04-2026 13:00,19.296481,72.840923,PM2.5,64.0,95.0,76.0
India,Maharashtra,Mira-Bhayandar,"Bhayandar West, Mira-Bhayandar - MPCB",11-04-2026 13:00,19.296481,72.840923,NO2,9.0,31.0,16.0
India,Maharashtra,Mira-Bhayandar,"Bhayandar West, Mira-Bhayandar - MPCB",11-04-2026 13:00,19.296481,72.840923,SO2,6.0,11.0,8.0
India,Maharashtra,Mumbai,"Siddharth Nagar-Worli, Mumbai - IITM",11-04-2026 13:00,19.000083,72.813993,OZONE,43.0,83.0,73.0
India,Maharashtra,Mumbai,"Sion, Mumbai - MPCB",11-04-2026 13:00,19.047,72.8746,PM2.5,25.0,280.0,83.0
India,Maharashtra,Mumbai,"Sion, Mumbai - MPCB",11-04-2026 13:00,19.047,72.8746,SO2,1.0,8.0,2.0
India,Maharashtra,Mumbai,"Sion, Mumbai - MPCB",11-04-2026 13:00,19.047,72.8746,CO,12.0,18.0,16.0
India,Maharashtra,Mumbai,"Worli, Mumbai -MPCB",11-04-2026 13:00,18.994218,72.8158167,NO2,12.0,12.0,12.0
India,Maharashtra,Mumbai,"Worli, Mumbai -MPCB",11-04-2026 13:00,18.994218,72.8158167,NH3,3.0,3.0,3.0
India,Maharashtra,Mumbai,"Powai, Mumbai - MPCB",11-04-2026 13:00,19.1375,72.915056,NH3,2.0,2.0,2.0
India,Maharashtra,Pimpri-Chinchwad,"Park Street Wakad, Pimpri Chinchwad - MPCB",11-04-2026 13:00,18.59051,73.77946,OZONE,9.0,189.0,79.0
India,Maharashtra,Pimpri-Chinchwad,"Savta Mali Nagar, Pimpri-Chinchwad - IITM",11-04-2026 13:00,18.614767,73.799516,NO2,25.0,74.0,51.0
India,Maharashtra,Pimpri-Chinchwad,"Thergaon, Pimpri Chinchwad - MPCB",11-04-2026 13:00,18.616318,73.765797,NH3,9.0,14.0,12.0
India,Maharashtra,Pimpri-Chinchwad,"Transport Nagar-Nigdi, Pune - IITM",11-04-2026 13:00,18.664282,73.763966,PM10,83.0,134.0,112.0
India,Maharashtra,Pune,"Dhankawadi, Pune - IITM",11-04-2026 13:00,18.459883,73.852193,PM2.5,48.0,178.0,90.0
India,Maharashtra,Pune,"Dhankawadi, Pune - IITM",11-04-2026 13:00,18.459883,73.852193,PM10,100.0,164.0,132.0
India,Maharashtra,Pune,"Dhankawadi, Pune - IITM",11-04-2026 13:00,18.459883,73.852193,NO2,39.0,52.0,44.0
India,Maharashtra,Pune,"Dhankawadi, Pune - IITM",11-04-2026 13:00,18.459883,73.852193,CO,46.0,105.0,79.0
India,Maharashtra,Pune,"Hadapsar, Pune - IITM",11-04-2026 13:00,18.501793,73.927532,NO2,0.0,0.0,0.0
India,Maharashtra,Pune,"Katraj Dairy, Pune - MPCB",11-04-2026 13:00,18.45445,73.854155,NO2,16.0,61.0,29.0
India,Maharashtra,Navi Mumbai,"Tondare-Taloja, Navi Mumbai - MPCB",11-04-2026 13:00,19.063,73.1209,NO2,20.0,43.0,32.0
India,Maharashtra,Parbhani,"Masoom Colony, Parbhani - MPCB",11-04-2026 13:00,19.265594,76.761463,NH3,3.0,6.0,4.0
India,Maharashtra,Parbhani,"Masoom Colony, Parbhani - MPCB",11-04-2026 13:00,19.265594,76.761463,SO2,3.0,15.0,10.0
India,Maharashtra,Pimpri-Chinchwad,"Bhosari, Pune - IITM",11-04-2026 13:00,18.640051,73.848956,PM2.5,19.0,104.0,66.0
India,Maharashtra,Pimpri-Chinchwad,"Bhumkar Nagar, Pune - IITM",11-04-2026 13:00,18.60577,73.749976,PM2.5,74.0,332.0,181.0
India,Maharashtra,Pimpri-Chinchwad,"Park Street Wakad, Pimpri Chinchwad - MPCB",11-04-2026 13:00,18.59051,73.77946,PM2.5,72.0,223.0,147.0
India,Maharashtra,Pimpri-Chinchwad,"Park Street Wakad, Pimpri Chinchwad - MPCB",11-04-2026 13:00,18.59051,73.77946,NO2,20.0,83.0,49.0
India,Maharashtra,Pimpri-Chinchwad,"Park Street Wakad, Pimpri Chinchwad - MPCB",11-04-2026 13:00,18.59051,73.77946,SO2,3.0,21.0,7.0
India,Maharashtra,Pune,"Savitribai Phule Pune University, Pune - MPCB",11-04-2026 13:00,18.547056,73.826908,NO2,4.0,55.0,28.0
India,Maharashtra,Sangli,"Vijay Nagar, Sangli - MPCB",11-04-2026 13:00,16.5038,74.3623,PM2.5,54.0,152.0,82.0
India,Maharashtra,Solapur,"Dnyaneshwar Nagar, Solapur - MPCB",11-04-2026 13:00,17.6336264,75.9132495,NO2,9.0,60.0,25.0
India,Maharashtra,Solapur,"Dnyaneshwar Nagar, Solapur - MPCB",11-04-2026 13:00,17.6336264,75.9132495,SO2,1.0,8.0,5.0
India,Maharashtra,Solapur,"Ratandeep Housing Society, Solapur - MPCB",11-04-2026 13:00,17.65439,75.90649,NO2,11.0,122.0,60.0
India,Maharashtra,Solapur,"Ratandeep Housing Society, Solapur - MPCB",11-04-2026 13:00,17.65439,75.90649,NH3,3.0,15.0,7.0
India,Maharashtra,Solapur,"Ratandeep Housing Society, Solapur - MPCB",11-04-2026 13:00,17.65439,75.90649,SO2,1.0,10.0,4.0
India,Maharashtra,Nashik,"Pandav Nagari, Nashik - MPCB",11-04-2026 13:00,19.9591346,73.7788008,NH3,2.0,7.0,3.0
India,Maharashtra,Nashik,"Pandav Nagari, Nashik - MPCB",11-04-2026 13:00,19.9591346,73.7788008,CO,12.0,101.0,33.0
India,Maharashtra,Navi Mumbai,"Mahape, Navi Mumbai - MPCB",11-04-2026 13:00,19.1135051,73.008978,NH3,1.0,1.0,1.0
India,Maharashtra,Navi Mumbai,"Nerul, Navi Mumbai - MPCB",11-04-2026 13:00,19.008751,73.01662,NH3,7.0,7.0,7.0
India,Maharashtra,Navi Mumbai,"Sector-2E Kalamboli, Navi Mumbai - MPCB",11-04-2026 13:00,19.02579,73.10297,NH3,3.0,8.0,5.0
India,Maharashtra,Nanded,"Sneh Nagar, Nanded - MPCB",11-04-2026 13:00,19.173852,77.296291,NH3,3.0,5.0,4.0
India,Maharashtra,Nashik,"Gangapur Road, Nashik - MPCB",11-04-2026 13:00,20.0073285,73.7762427,PM10,60.0,134.0,100.0
India,Maharashtra,Nashik,"Hirawadi, Nashik - MPCB",11-04-2026 13:00,20.021503,73.813844,SO2,5.0,37.0,12.0
India,Maharashtra,Nashik,"MIDC Ambad, Nashik - MPCB",11-04-2026 13:00,19.95022,73.73148,CO,34.0,39.0,36.0
India,Maharashtra,Pune,"Panchawati_Pashan, Pune - IITM",11-04-2026 13:00,18.536457,73.805454,OZONE,5.0,60.0,32.0
India,Maharashtra,Pune,"Revenue Colony-Shivajinagar, Pune - IITM",11-04-2026 13:00,18.530085,73.849598,PM2.5,37.0,123.0,81.0
India,Maharashtra,Pune,"Revenue Colony-Shivajinagar, Pune - IITM",11-04-2026 13:00,18.530085,73.849598,PM10,117.0,149.0,132.0
India,Maharashtra,Pune,"Revenue Colony-Shivajinagar, Pune - IITM",11-04-2026 13:00,18.530085,73.849598,NO2,34.0,125.0,70.0
India,Maharashtra,Pune,"Revenue Colony-Shivajinagar, Pune - IITM",11-04-2026 13:00,18.530085,73.849598,SO2,12.0,83.0,35.0
India,Maharashtra,Nagpur,"Opp GPO Civil Lines, Nagpur - MPCB",11-04-2026 13:00,21.152875,79.0517531,PM10,70.0,136.0,107.0
India,Maharashtra,Nagpur,"Ram Nagar, Nagpur - MPCB",11-04-2026 13:00,21.143383,79.048912,PM10,80.0,115.0,102.0
India,Maharashtra,Nagpur,"Ram Nagar, Nagpur - MPCB",11-04-2026 13:00,21.143383,79.048912,SO2,16.0,59.0,30.0
India,Maharashtra,Nagpur,"Ambazari, Nagpur - MPCB",11-04-2026 13:00,21.121801,79.04952,SO2,12.0,52.0,23.0
India,Maharashtra,Nagpur,"Ambazari, Nagpur - MPCB",11-04-2026 13:00,21.121801,79.04952,CO,6.0,66.0,22.0
India,Maharashtra,Nagpur,"Mahal, Nagpur - MPCB",11-04-2026 13:00,21.14472,79.107595,NH3,6.0,16.0,11.0
India,Maharashtra,Thane,"Kasarvadavali, Thane - MPCB",11-04-2026 13:00,19.26777,72.97182,CO,10.0,41.0,18.0
India,Maharashtra,Thane,"Upvan Fort, Thane - MPCB",11-04-2026 13:00,19.222279,72.957979,SO2,0.0,0.0,0.0
India,Maharashtra,Thane,"Upvan Fort, Thane - MPCB",11-04-2026 13:00,19.222279,72.957979,OZONE,0.0,0.0,0.0
India,Maharashtra,Ulhasnagar,"Vithalwadi, Ulhasnagar - MPCB",11-04-2026 13:00,19.2307571,73.155192,OZONE,10.0,71.0,27.0
India,Meghalaya,Byrnihat,"15th Mile-Nongthymmai, Byrnihat - Meghalaya PCB",11-04-2026 13:00,26.05374,91.86796,NO2,1.0,2.0,1.0
India,Meghalaya,Shillong,"JN Stadium, Shillong - Meghalaya PCB",11-04-2026 13:00,25.5803419,91.8942571,NH3,0.0,0.0,0.0
India,Meghalaya,Shillong,"JN Stadium, Shillong - Meghalaya PCB",11-04-2026 13:00,25.5803419,91.8942571,CO,9.0,31.0,16.0
India,Meghalaya,Shillong,"Lumpyngngad, Shillong - Meghalaya PCB",11-04-2026 13:00,25.5586,91.8985,PM2.5,1.0,127.0,17.0
India,Meghalaya,Shillong,"Lumpyngngad, Shillong - Meghalaya PCB",11-04-2026 13:00,25.5586,91.8985,CO,6.0,18.0,7.0
India,Mizoram,Aizawl,"Sikulpuikawn, Aizawl - Mizoram PCB",11-04-2026 13:00,23.7176342,92.7192841,SO2,14.0,15.0,15.0
India,Nagaland,Kohima,"PWD Junction, Kohima - NPCB",11-04-2026 13:00,25.6635413,94.0989878,PM10,14.0,57.0,26.0
India,Nagaland,Kohima,"PWD Junction, Kohima - NPCB",11-04-2026 13:00,25.6635413,94.0989878,NO2,3.0,4.0,3.0
India,Nagaland,Kohima,"PWD Junction, Kohima - NPCB",11-04-2026 13:00,25.6635413,94.0989878,NH3,1.0,1.0,1.0
India,Nagaland,Kohima,"PWD Junction, Kohima - NPCB",11-04-2026 13:00,25.6635413,94.0989878,CO,2.0,14.0,5.0
India,Odisha,Angul,"Hakimapada, Angul - OSPCB",11-04-2026 13:00,20.832874,85.104082,NO2,8.0,62.0,26.0
India,Odisha,Balasore,"Kalidaspur, Balasore - OSPCB",11-04-2026 13:00,21.51161,86.89088,CO,36.0,51.0,46.0
India,Odisha,Barbil,"Forest Office, Barbil - OSPCB",11-04-2026 13:00,22.1166054,85.3945546,NO2,10.0,34.0,20.0
India,Odisha,Baripada,"Meher Colony, Baripada - OSPCB",11-04-2026 13:00,21.941841,86.728318,NO2,1.0,16.0,8.0
India,Odisha,Bhubaneswar,"Lingraj Mandir, Bhubaneswar - OSPCB",11-04-2026 13:00,20.24079,85.836784,PM10,26.0,105.0,67.0
India,Odisha,Bhubaneswar,"Lingraj Mandir, Bhubaneswar - OSPCB",11-04-2026 13:00,20.24079,85.836784,NO2,8.0,29.0,15.0
India,Odisha,Bhubaneswar,"Lingraj Mandir, Bhubaneswar - OSPCB",11-04-2026 13:00,20.24079,85.836784,NH3,6.0,11.0,7.0
India,Odisha,Bhubaneswar,"Lingraj Mandir, Bhubaneswar - OSPCB",11-04-2026 13:00,20.24079,85.836784,SO2,1.0,7.0,2.0
India,Punjab,Patiala,"Model Town, Patiala - PPCB",11-04-2026 13:00,30.349388,76.366642,OZONE,14.0,53.0,23.0
India,Punjab,Rupnagar,"Ratanpura, Rupnagar - Ambuja Cements",11-04-2026 13:00,31.0325454,76.5623046,PM2.5,12.0,21.0,17.0
India,Rajasthan,Alwar,"Moti Doongri, Alwar - RSPCB",11-04-2026 13:00,27.554793,76.611536,NH3,6.0,12.0,9.0
India,Rajasthan,Banswara,"Rati Talai, Banswara - RSPCB",11-04-2026 13:00,23.55519,74.44001,PM2.5,34.0,136.0,71.0
India,Rajasthan,Banswara,"Rati Talai, Banswara - RSPCB",11-04-2026 13:00,23.55519,74.44001,NO2,12.0,150.0,46.0
India,Rajasthan,Banswara,"Rati Talai, Banswara - RSPCB",11-04-2026 13:00,23.55519,74.44001,NH3,2.0,6.0,3.0
India,Rajasthan,Banswara,"Rati Talai, Banswara - RSPCB",11-04-2026 13:00,23.55519,74.44001,CO,20.0,64.0,35.0
India,Rajasthan,Baran,"Bamboliya, Baran - RSPCB",11-04-2026 13:00,25.106006,76.469948,OZONE,20.0,156.0,150.0
India,Rajasthan,Barmer,"Railway Colony, Barmer - RSPCB",11-04-2026 13:00,25.747299,71.393989,NO2,4.0,49.0,15.0
India,Odisha,Tensa,"Barsua Iron Ore Mines, Tensa - OSPCB",11-04-2026 13:00,21.869985,85.167016,OZONE,7.0,28.0,20.0
India,Puducherry,Puducherry,"Jawahar Nagar, Puducherry - PPCC",11-04-2026 13:00,11.9309,79.8027,PM10,24.0,56.0,37.0
India,Punjab,Amritsar,"Golden Temple, Amritsar - PPCB",11-04-2026 13:00,31.62,74.876512,SO2,13.0,26.0,17.0
India,Punjab,Amritsar,"Golden Temple, Amritsar - PPCB",11-04-2026 13:00,31.62,74.876512,OZONE,46.0,63.0,54.0
India,Punjab,Jalandhar,"Civil Line, Jalandhar - PPCB",11-04-2026 13:00,31.321907,75.578914,PM2.5,51.0,79.0,65.0
India,Punjab,Jalandhar,"Civil Line, Jalandhar - PPCB",11-04-2026 13:00,31.321907,75.578914,PM10,55.0,86.0,71.0
India,Punjab,Jalandhar,"Civil Line, Jalandhar - PPCB",11-04-2026 13:00,31.321907,75.578914,NH3,2.0,2.0,2.0
India,Punjab,Khanna,"Kalal Majra, Khanna - PPCB",11-04-2026 13:00,30.736056,76.209694,PM2.5,29.0,65.0,45.0
India,Punjab,Ludhiana,"Punjab Agricultural University, Ludhiana - PPCB",11-04-2026 13:00,30.9028,75.8086,PM10,55.0,77.0,61.0
India,Punjab,Ludhiana,"Punjab Agricultural University, Ludhiana - PPCB",11-04-2026 13:00,30.9028,75.8086,NH3,8.0,9.0,8.0
India,Punjab,Ludhiana,"Punjab Agricultural University, Ludhiana - PPCB",11-04-2026 13:00,30.9028,75.8086,SO2,13.0,20.0,17.0
India,Punjab,Mandi Gobindgarh,"RIMT University, Mandi Gobindgarh - PPCB",11-04-2026 13:00,30.649961,76.331442,NO2,0.0,0.0,0.0
India,Punjab,Patiala,"Model Town, Patiala - PPCB",11-04-2026 13:00,30.349388,76.366642,PM2.5,27.0,94.0,59.0
India,Punjab,Patiala,"Model Town, Patiala - PPCB",11-04-2026 13:00,30.349388,76.366642,PM10,59.0,85.0,70.0
India,Odisha,Rourkela,"Fertilizer Township, Rourkela - OSPCB",11-04-2026 13:00,22.18972222,84.86277778,NO2,11.0,11.0,11.0
India,Odisha,Rourkela,"Fertilizer Township, Rourkela - OSPCB",11-04-2026 13:00,22.18972222,84.86277778,SO2,10.0,12.0,11.0
India,Odisha,Rourkela,"Fertilizer Township, Rourkela - OSPCB",11-04-2026 13:00,22.18972222,84.86277778,CO,8.0,26.0,13.0
India,Odisha,Suakati,"OMC Colony, Suakati - OSPCB",11-04-2026 13:00,21.606865,85.510538,PM2.5,33.0,34.0,33.0
India,Odisha,Suakati,"OMC Colony, Suakati - OSPCB",11-04-2026 13:00,21.606865,85.510538,NO2,15.0,15.0,15.0
India,Odisha,Suakati,"OMC Colony, Suakati - OSPCB",11-04-2026 13:00,21.606865,85.510538,NH3,7.0,7.0,7.0
India,Odisha,Suakati,"OMC Colony, Suakati - OSPCB",11-04-2026 13:00,21.606865,85.510538,SO2,5.0,20.0,10.0
India,Odisha,Talcher,"Talcher Coalfields,Talcher - OSPCB",11-04-2026 13:00,20.9360711,85.1707021,SO2,11.0,35.0,19.0
India,Odisha,Keonjhar,"Jagamohanpur, Keonjhar - OSPCB",11-04-2026 13:00,21.6439,85.599355,SO2,3.0,16.0,8.0
India,Odisha,Keonjhar,"Jagamohanpur, Keonjhar - OSPCB",11-04-2026 13:00,21.6439,85.599355,CO,19.0,60.0,47.0
India,Odisha,Nayagarh,"Dabuna, Nayagarh - OSPCB",11-04-2026 13:00,21.847279,85.416905,PM2.5,8.0,111.0,74.0
India,Odisha,Nayagarh,"Dabuna, Nayagarh - OSPCB",11-04-2026 13:00,21.847279,85.416905,NO2,4.0,7.0,5.0
India,Odisha,Nayagarh,"Dabuna, Nayagarh - OSPCB",11-04-2026 13:00,21.847279,85.416905,NH3,6.0,6.0,6.0
India,Odisha,Nayagarh,"Dabuna, Nayagarh - OSPCB",11-04-2026 13:00,21.847279,85.416905,OZONE,11.0,73.0,15.0
India,Odisha,Rairangpur,"Divisional Forest Office, Rairangpur - OSPCB",11-04-2026 13:00,22.265816,86.174829,SO2,7.0,16.0,10.0
India,Odisha,Bileipada,"Tata Township, Bileipada - OSPCB",11-04-2026 13:00,22.06156703,85.47409613,NH3,5.0,5.0,5.0
India,Odisha,Bileipada,"Tata Township, Bileipada - OSPCB",11-04-2026 13:00,22.06156703,85.47409613,SO2,14.0,16.0,15.0
India,Odisha,Bileipada,"Tata Township, Bileipada - OSPCB",11-04-2026 13:00,22.06156703,85.47409613,CO,14.0,32.0,25.0
India,Odisha,Byasanagar,"Ferro Chrome Colony, Byasanagar - OSPCB",11-04-2026 13:00,20.94185,86.1151,PM10,55.0,120.0,81.0
India,Rajasthan,Bhiwadi,"RIICO Ind. Area III, Bhiwadi - RSPCB",11-04-2026 13:00,28.194909,76.862296,SO2,9.0,18.0,14.0
India,Rajasthan,Bhiwadi,"Vasundhara Nagar_UIT, Bhiwadi - RSPCB",11-04-2026 13:00,28.207266,76.829265,PM2.5,25.0,88.0,51.0
India,Rajasthan,Jaipur,"Mansarovar Sector-12, Jaipur - RSPCB",11-04-2026 13:00,26.843698,75.766894,NO2,28.0,214.0,63.0
India,Rajasthan,Jaipur,"RIICO Sitapura, Jaipur - RSPCB",11-04-2026 13:00,26.786682,75.827928,PM10,0.0,0.0,0.0
India,Rajasthan,Jaipur,"RIICO Sitapura, Jaipur - RSPCB",11-04-2026 13:00,26.786682,75.827928,NH3,0.0,0.0,0.0
India,Rajasthan,Jaipur,"RIICO Sitapura, Jaipur - RSPCB",11-04-2026 13:00,26.786682,75.827928,SO2,0.0,0.0,0.0
India,Rajasthan,Jaipur,"RIICO Sitapura, Jaipur - RSPCB",11-04-2026 13:00,26.786682,75.827928,CO,0.0,0.0,0.0
India,Rajasthan,Jaipur,"Sector-2 Murlipura, Jaipur - RSPCB",11-04-2026 13:00,26.960669,75.771817,PM10,42.0,232.0,99.0
India,Rajasthan,Jaipur,"Sector-2 Murlipura, Jaipur - RSPCB",11-04-2026 13:00,26.960669,75.771817,CO,1.0,50.0,23.0
India,Rajasthan,Jaipur,"Shastri Nagar, Jaipur - RSPCB",11-04-2026 13:00,26.9502929,75.730943,PM10,49.0,156.0,112.0
India,Rajasthan,Jaisalmer,"Sadar Bazar, Jaisalmer - RSPCB",11-04-2026 13:00,26.912329,70.909168,PM2.5,17.0,90.0,37.0
India,Rajasthan,Jaisalmer,"Sadar Bazar, Jaisalmer - RSPCB",11-04-2026 13:00,26.912329,70.909168,PM10,61.0,204.0,110.0
India,Rajasthan,Bundi,"New Colony, Bundi - RSPCB",11-04-2026 13:00,25.435774,75.644272,PM2.5,8.0,88.0,34.0
India,Rajasthan,Bundi,"New Colony, Bundi - RSPCB",11-04-2026 13:00,25.435774,75.644272,SO2,2.0,15.0,6.0
India,Rajasthan,Bundi,"New Colony, Bundi - RSPCB",11-04-2026 13:00,25.435774,75.644272,OZONE,45.0,150.0,97.0
India,Rajasthan,Chittorgarh,"Shastri Nagar, Chittorgarh - RSPCB",11-04-2026 13:00,24.892047,74.623527,OZONE,1.0,145.0,63.0
India,Rajasthan,Churu,"Subash Chowk, Churu - RSPCB",11-04-2026 13:00,28.296139,74.961696,PM2.5,27.0,128.0,65.0
India,Rajasthan,Dausa,"Khatikan Mohalla, Dausa - RSPCB",11-04-2026 13:00,26.895552,76.334753,NH3,9.0,31.0,17.0
India,Rajasthan,Dausa,"Khatikan Mohalla, Dausa - RSPCB",11-04-2026 13:00,26.895552,76.334753,SO2,3.0,9.0,6.0
India,Rajasthan,Dausa,"Khatikan Mohalla, Dausa - RSPCB",11-04-2026 13:00,26.895552,76.334753,CO,16.0,100.0,32.0
India,Rajasthan,Jhunjhunu,"Indra Nagar, Jhunjhunu - RSPCB",11-04-2026 13:00,28.108988,75.386577,PM2.5,22.0,86.0,53.0
India,Rajasthan,Jhunjhunu,"Indra Nagar, Jhunjhunu - RSPCB",11-04-2026 13:00,28.108988,75.386577,NH3,8.0,17.0,11.0
India,Rajasthan,Jhunjhunu,"Indra Nagar, Jhunjhunu - RSPCB",11-04-2026 13:00,28.108988,75.386577,CO,10.0,30.0,23.0
India,Rajasthan,Jodhpur,"Collectorate, Jodhpur - RSPCB",11-04-2026 13:00,26.268249,73.0193853,NH3,5.0,21.0,11.0
India,Rajasthan,Jodhpur,"Collectorate, Jodhpur - RSPCB",11-04-2026 13:00,26.268249,73.0193853,SO2,3.0,14.0,8.0
India,Rajasthan,Jodhpur,"Digari Kalan, Jodhpur - RSPCB",11-04-2026 13:00,26.29581,73.082283,NH3,2.0,17.0,4.0
India,Rajasthan,Jodhpur,"Jhalamand, Jodhpur - RSPCB",11-04-2026 13:00,26.215415,73.070156,PM10,46.0,251.0,101.0
India,Rajasthan,Jodhpur,"Mandor, Jodhpur - RSPCB",11-04-2026 13:00,26.358805,73.047444,SO2,1.0,9.0,4.0
India,Rajasthan,Jalore,"Mudtra Sili, Jalore - RSPCB",11-04-2026 13:00,25.344694,72.626208,PM2.5,22.0,98.0,47.0
India,Rajasthan,Jalore,"Mudtra Sili, Jalore - RSPCB",11-04-2026 13:00,25.344694,72.626208,NO2,10.0,134.0,31.0
India,Rajasthan,Jhalawar,"Rajlaxmi Nagar, Jhalawar - RSPCB",11-04-2026 13:00,24.588397,76.172782,PM10,61.0,173.0,109.0
India,Rajasthan,Jhalawar,"Rajlaxmi Nagar, Jhalawar - RSPCB",11-04-2026 13:00,24.588397,76.172782,NO2,20.0,125.0,79.0
India,Rajasthan,Jhalawar,"Rajlaxmi Nagar, Jhalawar - RSPCB",11-04-2026 13:00,24.588397,76.172782,SO2,7.0,24.0,11.0
India,Rajasthan,Karauli,"Satyawati Vihar, Karauli - RSPCB",11-04-2026 13:00,26.506177,77.025989,SO2,3.0,7.0,5.0
India,Rajasthan,Kota,"Dhanmandi, Kota - RSPCB",11-04-2026 13:00,25.16409,75.858137,SO2,7.0,69.0,14.0
India,Rajasthan,Kota,"Nayapura, Kota - RSPCB",11-04-2026 13:00,25.196024,75.855668,SO2,2.0,85.0,17.0
India,Rajasthan,Hanumangarh,"Housing Board, Hanumangarh - RSPCB",11-04-2026 13:00,29.61075,74.283608,OZONE,22.0,85.0,42.0
India,Rajasthan,Jaipur,"Adarsh Nagar, Jaipur - RSPCB",11-04-2026 13:00,26.902909,75.836858,SO2,8.0,39.0,23.0
India,Rajasthan,Karauli,"Satyawati Vihar, Karauli - RSPCB",11-04-2026 13:00,26.506177,77.025989,NH3,8.0,19.0,11.0
India,Rajasthan,Dungarpur,"Bhoiwada, Dungarpur - RSPCB",11-04-2026 13:00,23.837789,73.714926,OZONE,4.0,79.0,39.0
India,Rajasthan,Dholpur,"Raja Ganj, Dholpur - RSPCB",11-04-2026 13:00,26.699557,77.898881,OZONE,42.0,77.0,55.0
India,TamilNadu,Chennai,"Manali, Chennai - CPCB",11-04-2026 13:00,13.164544,80.26285,SO2,10.0,21.0,15.0
India,TamilNadu,Chennai,"Perungudi, Chennai - TNPCB",11-04-2026 13:00,12.9533,80.2357,PM2.5,20.0,79.0,37.0
India,TamilNadu,Chennai,"Royapuram, Chennai - TNPCB",11-04-2026 13:00,13.1036,80.2909,PM10,30.0,77.0,51.0
India,TamilNadu,Chennai,"Royapuram, Chennai - TNPCB",11-04-2026 13:00,13.1036,80.2909,NO2,11.0,16.0,13.0
India,TamilNadu,Chennai,"Royapuram, Chennai - TNPCB",11-04-2026 13:00,13.1036,80.2909,NH3,4.0,5.0,4.0
India,TamilNadu,Chennai,"Royapuram, Chennai - TNPCB",11-04-2026 13:00,13.1036,80.2909,CO,20.0,28.0,22.0
India,TamilNadu,Chennai,"Velachery Res. Area, Chennai - CPCB",11-04-2026 13:00,13.0052189,80.2398125,PM10,48.0,80.0,56.0
India,TamilNadu,Chennai,"Velachery Res. Area, Chennai - CPCB",11-04-2026 13:00,13.0052189,80.2398125,NO2,12.0,13.0,12.0
India,TamilNadu,Chennai,"Velachery Res. Area, Chennai - CPCB",11-04-2026 13:00,13.0052189,80.2398125,SO2,5.0,7.0,6.0
India,TamilNadu,Coimbatore,"PSG College of Arts and Science, Coimbatore - TNPCB",11-04-2026 13:00,11.0328,77.0349,PM2.5,48.0,84.0,65.0
India,TamilNadu,Coimbatore,"PSG College of Arts and Science, Coimbatore - TNPCB",11-04-2026 13:00,11.0328,77.0349,NO2,10.0,11.0,11.0
India,TamilNadu,Perundurai,"SIPCOT Industrial Park, Perundurai - TNPCB",11-04-2026 13:00,11.258242,77.552761,PM10,58.0,424.0,220.0
India,TamilNadu,Perundurai,"SIPCOT Industrial Park, Perundurai - TNPCB",11-04-2026 13:00,11.258242,77.552761,OZONE,1.0,30.0,28.0
India,TamilNadu,Thoothukudi,"Meelavittan, Thoothukudi - TNPCB",11-04-2026 13:00,8.816428,78.099039,OZONE,26.0,34.0,29.0
India,TamilNadu,Tirupur,"Kumaran College, Tirupur - TNPCB",11-04-2026 13:00,11.0973603,77.3228673,CO,82.0,87.0,85.0
India,Telangana,Hyderabad,"Central University, Hyderabad - TSPCB",11-04-2026 13:00,17.460103,78.334361,OZONE,14.0,16.0,15.0
India,Telangana,Hyderabad,"ECIL Kapra, Hyderabad - TSPCB",11-04-2026 13:00,17.470431,78.566959,PM10,69.0,94.0,78.0
India,Telangana,Hyderabad,"ECIL Kapra, Hyderabad - TSPCB",11-04-2026 13:00,17.470431,78.566959,NH3,4.0,5.0,5.0
India,TamilNadu,Chennai,"Kodungaiyur, Chennai - TNPCB",11-04-2026 13:00,13.1278,80.2642,SO2,5.0,7.0,6.0
India,TamilNadu,Chennai,"Kodungaiyur, Chennai - TNPCB",11-04-2026 13:00,13.1278,80.2642,CO,26.0,34.0,29.0
India,TamilNadu,Chennai,"Manali Village, Chennai - TNPCB",11-04-2026 13:00,13.1662,80.2584,PM10,14.0,109.0,51.0
India,TamilNadu,Chennai,"Manali Village, Chennai - TNPCB",11-04-2026 13:00,13.1662,80.2584,NO2,4.0,8.0,5.0
India,TamilNadu,Chennai,"Manali Village, Chennai - TNPCB",11-04-2026 13:00,13.1662,80.2584,NH3,2.0,3.0,2.0
India,TamilNadu,Chennai,"Manali, Chennai - CPCB",11-04-2026 13:00,13.164544,80.26285,PM2.5,9.0,56.0,16.0
India,Rajasthan,Nagaur,"Karni Colony, Nagaur - RSPCB",11-04-2026 13:00,27.213494,73.734444,CO,2.0,100.0,12.0
India,Rajasthan,Pratapgarh,"Pragati Nagar, Pratapgarh - RSPCB",11-04-2026 13:00,24.041198,74.780702,PM10,55.0,120.0,80.0
India,Rajasthan,Rajsamand,"Dhoinda, Rajsamand - RSPCB",11-04-2026 13:00,25.03636,73.883502,PM2.5,3.0,150.0,42.0
India,Rajasthan,Rajsamand,"Dhoinda, Rajsamand - RSPCB",11-04-2026 13:00,25.03636,73.883502,PM10,31.0,184.0,77.0
India,Rajasthan,Sikar,"Radhakishan Pura, Sikar - RSPCB",11-04-2026 13:00,27.608912,75.153302,CO,8.0,64.0,21.0
India,Rajasthan,Sirohi,"Vedhaynath Colony, Sirohi - RSPCB",11-04-2026 13:00,24.885261,72.857549,NO2,3.0,74.0,24.0
India,Rajasthan,Sirohi,"Vedhaynath Colony, Sirohi - RSPCB",11-04-2026 13:00,24.885261,72.857549,CO,4.0,30.0,22.0
India,Rajasthan,Sirohi,"Vedhaynath Colony, Sirohi - RSPCB",11-04-2026 13:00,24.885261,72.857549,OZONE,34.0,101.0,74.0
India,Rajasthan,Udaipur,"Ashok Nagar, Udaipur - RSPCB",11-04-2026 13:00,24.5886166,73.6321397,OZONE,2.0,103.0,22.0
India,Sikkim,Gangtok,"Zero Point GICI, Gangtok - SSPCB",11-04-2026 13:00,27.33853,88.614099,NO2,6.0,7.0,6.0
India,Rajasthan,Tonk,"Shastri Nagar, Tonk - RSPCB",11-04-2026 13:00,26.159933,75.780517,NH3,3.0,5.0,4.0
India,Rajasthan,Udaipur,"Ashok Nagar, Udaipur - RSPCB",11-04-2026 13:00,24.5886166,73.6321397,PM2.5,51.0,216.0,102.0
India,Rajasthan,Rajsamand,"Dhoinda, Rajsamand - RSPCB",11-04-2026 13:00,25.03636,73.883502,OZONE,8.0,120.0,74.0
India,Rajasthan,Sawai Madhopur,"Sahu Nagar, Sawai Madhopur - RSPCB",11-04-2026 13:00,26.031443,76.359327,CO,14.0,22.0,15.0
India,TamilNadu,Coimbatore,"SIDCO Kurichi, Coimbatore - TNPCB",11-04-2026 13:00,10.942451,76.978996,PM2.5,19.0,76.0,46.0
India,Telangana,Hyderabad,"ECIL Kapra, Hyderabad - TSPCB",11-04-2026 13:00,17.470431,78.566959,OZONE,12.0,69.0,17.0
India,Telangana,Hyderabad,"ICRISAT Patancheru, Hyderabad - TSPCB",11-04-2026 13:00,17.5184,78.278777,SO2,10.0,48.0,18.0
India,Telangana,Hyderabad,"ICRISAT Patancheru, Hyderabad - TSPCB",11-04-2026 13:00,17.5184,78.278777,OZONE,11.0,75.0,41.0
India,Telangana,Hyderabad,"IDA Pashamylaram, Hyderabad - TSPCB",11-04-2026 13:00,17.5316895,78.218939,CO,30.0,77.0,41.0
India,Telangana,Hyderabad,"IITH Kandi, Hyderabad - TSPCB",11-04-2026 13:00,17.585705,78.126199,PM10,73.0,84.0,75.0
India,Telangana,Hyderabad,"IITH Kandi, Hyderabad - TSPCB",11-04-2026 13:00,17.585705,78.126199,NO2,12.0,17.0,13.0
India,Telangana,Hyderabad,"IITH Kandi, Hyderabad - TSPCB",11-04-2026 13:00,17.585705,78.126199,SO2,8.0,13.0,9.0
India,Telangana,Hyderabad,"Kokapet, Hyderabad - TSPCB",11-04-2026 13:00,17.393559,78.339194,PM2.5,56.0,73.0,62.0
India,Telangana,Hyderabad,"Kokapet, Hyderabad - TSPCB",11-04-2026 13:00,17.393559,78.339194,NO2,11.0,17.0,13.0
India,Telangana,Hyderabad,"Kokapet, Hyderabad - TSPCB",11-04-2026 13:00,17.393559,78.339194,CO,24.0,40.0,25.0
India,Telangana,Hyderabad,"Kokapet, Hyderabad - TSPCB",11-04-2026 13:00,17.393559,78.339194,OZONE,18.0,32.0,20.0
India,Telangana,Hyderabad,"Nacharam_TSIIC IALA, Hyderabad - TSPCB",11-04-2026 13:00,17.429398,78.569354,NO2,13.0,18.0,14.0
India,Telangana,Hyderabad,"Nacharam_TSIIC IALA, Hyderabad - TSPCB",11-04-2026 13:00,17.429398,78.569354,CO,14.0,33.0,32.0
India,Telangana,Hyderabad,"Ramachandrapuram, Hyderabad - TSPCB",11-04-2026 13:00,17.528544,78.286195,NO2,10.0,16.0,15.0
India,Telangana,Hyderabad,"Ramachandrapuram, Hyderabad - TSPCB",11-04-2026 13:00,17.528544,78.286195,NH3,3.0,5.0,5.0
India,Telangana,Hyderabad,"Sanathnagar, Hyderabad - TSPCB",11-04-2026 13:00,17.4559458,78.4332152,PM2.5,40.0,75.0,55.0
India,Telangana,Hyderabad,"Somajiguda, Hyderabad - TSPCB",11-04-2026 13:00,17.417094,78.457437,SO2,16.0,19.0,18.0
India,Telangana,Hyderabad,"Zoo Park, Hyderabad - TSPCB",11-04-2026 13:00,17.349694,78.451437,CO,2.0,34.0,1.0
India,Uttar_Pradesh,Agra,"Rohta, Agra - UPPCB",11-04-2026 13:00,27.106972,78.000111,PM2.5,20.0,319.0,78.0
India,Uttar_Pradesh,Agra,"Rohta, Agra - UPPCB",11-04-2026 13:00,27.106972,78.000111,OZONE,12.0,15.0,14.0
India,Uttar_Pradesh,Agra,"Sanjay Palace, Agra - UPPCB",11-04-2026 13:00,27.19865833,78.00598056,PM2.5,17.0,92.0,67.0
India,Uttar_Pradesh,Agra,"Sanjay Palace, Agra - UPPCB",11-04-2026 13:00,27.19865833,78.00598056,OZONE,39.0,115.0,78.0
India,Uttar_Pradesh,Agra,"Shahjahan Garden, Agra - UPPCB",11-04-2026 13:00,27.169338,78.03582,NH3,3.0,3.0,3.0
India,Uttar_Pradesh,Agra,"Shastripuram, Agra - UPPCB",11-04-2026 13:00,27.19862,77.92066,NO2,16.0,16.0,16.0
India,Uttar_Pradesh,Agra,"Shastripuram, Agra - UPPCB",11-04-2026 13:00,27.19862,77.92066,SO2,4.0,5.0,5.0
India,Uttar_Pradesh,Bulandshahr,"Yamunapuram, Bulandshahr - UPPCB",11-04-2026 13:00,28.406963,77.849831,NO2,7.0,86.0,34.0
India,Uttar_Pradesh,Firozabad,"Nagla Bhau, Firozabad - UPPCB",11-04-2026 13:00,27.168897,78.37696,PM2.5,26.0,86.0,54.0
India,Uttar_Pradesh,Firozabad,"Nagla Bhau, Firozabad - UPPCB",11-04-2026 13:00,27.168897,78.37696,SO2,24.0,80.0,34.0
India,Uttar_Pradesh,Ghaziabad,"Indirapuram, Ghaziabad - UPPCB",11-04-2026 13:00,28.646233,77.358075,NH3,14.0,15.0,14.0
India,Uttar_Pradesh,Baghpat,"Sardar Patel Inter College, Baghpat - UPPCB",11-04-2026 13:00,28.964949,77.278761,OZONE,18.0,134.0,52.0
India,Uttar_Pradesh,Bareilly,"Rajendra Nagar, Bareilly - UPPCB",11-04-2026 13:00,28.38910936,79.42963708,PM2.5,11.0,30.0,21.0
India,Uttar_Pradesh,Bareilly,"Rajendra Nagar, Bareilly - UPPCB",11-04-2026 13:00,28.38910936,79.42963708,SO2,40.0,42.0,41.0
India,Uttar_Pradesh,Ghaziabad,"Ved Vihar-Loni, Ghaziabad - UPPCB",11-04-2026 13:00,28.739153,77.273668,OZONE,5.0,49.0,17.0
India,Uttar_Pradesh,Gorakhpur,"Madan Mohan Malaviya University of Technology, Gorakhpur - UPPCB",11-04-2026 13:00,26.730136,83.433859,PM2.5,42.0,337.0,79.0
India,Uttar_Pradesh,Ghaziabad,"Loni, Ghaziabad - UPPCB",11-04-2026 13:00,28.757294,77.278792,NO2,8.0,44.0,24.0
India,Uttar_Pradesh,Ghaziabad,"Vasundhara, Ghaziabad - UPPCB",11-04-2026 13:00,28.6603346,77.3572563,PM2.5,0.0,0.0,0.0
India,Uttar_Pradesh,Greater Noida,"Knowledge Park - III, Greater Noida - UPPCB",11-04-2026 13:00,28.47272,77.482,PM2.5,20.0,56.0,35.0
India,Uttar_Pradesh,Agra,"Manoharpur, Agra - UPPCB",11-04-2026 13:00,27.23711,78.01936,PM2.5,8.0,58.0,35.0
India,Uttar_Pradesh,Jhansi,"Shivaji Nagar, Jhansi - UPPCB",11-04-2026 13:00,25.4547,78.6039,CO,5.0,40.0,17.0
India,Uttar_Pradesh,Kanpur,"FTI Kidwai Nagar, Kanpur - UPPCB",11-04-2026 13:00,26.428282,80.327067,PM10,50.0,129.0,84.0
India,Uttar_Pradesh,Kanpur,"FTI Kidwai Nagar, Kanpur - UPPCB",11-04-2026 13:00,26.428282,80.327067,OZONE,4.0,13.0,8.0
India,Uttar_Pradesh,Kanpur,"NSI Kalyanpur, Kanpur - UPPCB",11-04-2026 13:00,26.509954,80.249612,PM2.5,20.0,72.0,39.0
India,Uttar_Pradesh,Kanpur,"NSI Kalyanpur, Kanpur - UPPCB",11-04-2026 13:00,26.509954,80.249612,NO2,28.0,29.0,28.0
India,Uttar_Pradesh,Kanpur,"NSI Kalyanpur, Kanpur - UPPCB",11-04-2026 13:00,26.509954,80.249612,OZONE,15.0,17.0,16.0
India,Uttar_Pradesh,Moradabad,"Jigar Colony, Moradabad - UPPCB",11-04-2026 13:00,28.856664,78.772638,NO2,24.0,25.0,25.0
India,Uttar_Pradesh,Moradabad,"Jigar Colony, Moradabad - UPPCB",11-04-2026 13:00,28.856664,78.772638,NH3,6.0,6.0,6.0
India,Uttar_Pradesh,Moradabad,"Jigar Colony, Moradabad - UPPCB",11-04-2026 13:00,28.856664,78.772638,SO2,12.0,96.0,26.0
India,Uttar_Pradesh,Moradabad,"Kashiram Nagar, Moradabad - UPPCB",11-04-2026 13:00,28.849399,78.742362,OZONE,8.0,69.0,24.0
India,Uttar_Pradesh,Moradabad,"Transport Nagar, Moradabad - UPPCB",11-04-2026 13:00,28.802625,78.753728,PM2.5,4.0,58.0,21.0
India,Uttar_Pradesh,Moradabad,"Transport Nagar, Moradabad - UPPCB",11-04-2026 13:00,28.802625,78.753728,CO,84.0,102.0,87.0
India,Uttar_Pradesh,Lucknow,"Kukrail Picnic Spot-1, Lucknow - UPPCB",11-04-2026 13:00,26.90723,80.98579,NH3,6.0,6.0,6.0
India,Uttar_Pradesh,Lucknow,"Lalbagh, Lucknow - CPCB",11-04-2026 13:00,26.8458805,80.9365541,PM2.5,31.0,102.0,57.0
India,Uttar_Pradesh,Lucknow,"Lalbagh, Lucknow - CPCB",11-04-2026 13:00,26.8458805,80.9365541,CO,28.0,84.0,44.0
India,Uttar_Pradesh,Lucknow,"Lalbagh, Lucknow - CPCB",11-04-2026 13:00,26.8458805,80.9365541,OZONE,10.0,46.0,25.0
India,Uttar_Pradesh,Meerut,"Jai Bhim Nagar, Meerut - UPPCB",11-04-2026 13:00,28.9535882,77.7622941,PM10,73.0,159.0,117.0
India,Uttar_Pradesh,Modinagar,"SRM University, Modinagar - UPPCB",11-04-2026 13:00,28.798171,77.540243,SO2,12.0,40.0,22.0
India,Uttar_Pradesh,Moradabad,"Buddhi Vihar, Moradabad - UPPCB",11-04-2026 13:00,28.83526,78.7446,OZONE,16.0,58.0,23.0
India,Uttar_Pradesh,Moradabad,"Eco Herbal Park, Moradabad - UPPCB",11-04-2026 13:00,28.840739,78.697531,PM2.5,8.0,50.0,35.0
India,Uttar_Pradesh,Moradabad,"Jigar Colony, Moradabad - UPPCB",11-04-2026 13:00,28.856664,78.772638,PM2.5,11.0,64.0,39.0
India,Uttar_Pradesh,Greater Noida,"Knowledge Park - III, Greater Noida - UPPCB",11-04-2026 13:00,28.47272,77.482,CO,32.0,52.0,38.0
India,Uttar_Pradesh,Greater Noida,"Knowledge Park - V, Greater Noida - UPPCB",11-04-2026 13:00,28.557054,77.453663,PM2.5,41.0,88.0,60.0
India,Uttar_Pradesh,Greater Noida,"Knowledge Park - V, Greater Noida - UPPCB",11-04-2026 13:00,28.557054,77.453663,CO,6.0,52.0,35.0
India,Uttar_Pradesh,Hapur,"Anand Vihar, Hapur - UPPCB",11-04-2026 13:00,28.725645,77.749675,NO2,10.0,20.0,17.0
India,Uttar_Pradesh,Khora,"Prashant Garden, Khora - UPPCB",11-04-2026 13:00,28.61119,77.34206,PM10,139.0,500.0,194.0
India,Uttar_Pradesh,Khurja,"Kalindi Kunj, Khurja - UPPCB",11-04-2026 13:00,28.2348927,77.8683002,SO2,10.0,10.0,10.0
India,Uttar_Pradesh,Lucknow,"Gomti Nagar, Lucknow - UPPCB",11-04-2026 13:00,26.86812,81.005119,PM10,75.0,140.0,103.0
India,Uttar_Pradesh,Lucknow,"Gomti Nagar, Lucknow - UPPCB",11-04-2026 13:00,26.86812,81.005119,NO2,8.0,10.0,9.0
India,Uttar_Pradesh,Lucknow,"Gomti Nagar, Lucknow - UPPCB",11-04-2026 13:00,26.86812,81.005119,SO2,11.0,12.0,11.0
India,Uttar_Pradesh,Lucknow,"Kendriya Vidyalaya, Lucknow - CPCB",11-04-2026 13:00,26.906111,80.948222,PM2.5,41.0,99.0,72.0
India,Uttar_Pradesh,Lucknow,"Kendriya Vidyalaya, Lucknow - CPCB",11-04-2026 13:00,26.906111,80.948222,SO2,7.0,14.0,10.0
India,Uttar_Pradesh,Lucknow,"Kendriya Vidyalaya, Lucknow - CPCB",11-04-2026 13:00,26.906111,80.948222,CO,21.0,52.0,31.0
India,Uttar_Pradesh,Muzaffarnagar,"New Mandi, Muzaffarnagar - UPPCB",11-04-2026 13:00,29.4723508,77.7194031,CO,18.0,59.0,36.0
India,West_Bengal,Barrackpore,"SVSPA Campus, Barrackpore - WBPCB",11-04-2026 13:00,22.7605581,88.3617589,CO,22.0,100.0,42.0
India,West_Bengal,Durgapur,"Mahishkapur Road_B-Zone, Durgapur - WBPCB",11-04-2026 13:00,23.567923,87.306843,PM10,40.0,134.0,83.0
India,West_Bengal,Durgapur,"Mahishkapur Road_B-Zone, Durgapur - WBPCB",11-04-2026 13:00,23.567923,87.306843,CO,36.0,88.0,60.0
India,West_Bengal,Durgapur,"PCBL Residential Complex, Durgapur - WBPCB",11-04-2026 13:00,23.508764,87.35444,CO,48.0,119.0,83.0
India,West_Bengal,Durgapur,"Womens College_City Center, Durgapur - WBPCB",11-04-2026 13:00,23.549395,87.300496,PM10,55.0,135.0,101.0
India,West_Bengal,Haldia,"Priyambada Housing Estate, Haldia - WBPCB",11-04-2026 13:00,22.06047,88.109737,PM10,53.0,137.0,83.0
India,West_Bengal,Howrah,"Botanical Garden, Howrah - WBPCB",11-04-2026 13:00,22.554954,88.292568,SO2,3.0,13.0,7.0
India,West_Bengal,Asansol,"Asansol Court Area, Asansol - WBPCB",11-04-2026 13:00,23.685297,86.945968,PM2.5,33.0,257.0,105.0
India,West_Bengal,Asansol,"Asansol Court Area, Asansol - WBPCB",11-04-2026 13:00,23.685297,86.945968,NH3,2.0,13.0,6.0
India,West_Bengal,Asansol,"Asansol Court Area, Asansol - WBPCB",11-04-2026 13:00,23.685297,86.945968,CO,8.0,106.0,61.0
India,West_Bengal,Asansol,"Asansol Court Area, Asansol - WBPCB",11-04-2026 13:00,23.685297,86.945968,OZONE,13.0,49.0,33.0
India,West_Bengal,Asansol,"Evelyn Lodge, Asansol - WBPCB",11-04-2026 13:00,23.697936,86.944395,PM10,34.0,124.0,84.0
India,West_Bengal,Asansol,"Evelyn Lodge, Asansol - WBPCB",11-04-2026 13:00,23.697936,86.944395,OZONE,1.0,66.0,39.0
India,West_Bengal,Asansol,"Mahabir Colliery, Asansol - WBPCB",11-04-2026 13:00,23.618183,87.105718,PM2.5,2.0,166.0,76.0
India,West_Bengal,Asansol,"Mahabir Colliery, Asansol - WBPCB",11-04-2026 13:00,23.618183,87.105718,NO2,9.0,22.0,14.0
India,West_Bengal,Asansol,"Trivenidevi Bhalotia College, Asansol - WBPCB",11-04-2026 13:00,23.616515,87.119133,PM2.5,18.0,119.0,60.0
India,Uttar_Pradesh,Noida,"Sector - 62, Noida - IMD",11-04-2026 13:00,28.6245479,77.3577104,OZONE,61.0,96.0,78.0
India,Uttar_Pradesh,Noida,"Sector-116, Noida - UPPCB",11-04-2026 13:00,28.56923,77.393848,NH3,6.0,11.0,7.0
India,Uttar_Pradesh,Noida,"Sector-116, Noida - UPPCB",11-04-2026 13:00,28.56923,77.393848,OZONE,24.0,90.0,48.0
India,Uttar_Pradesh,Prayagraj,"Jhunsi, Prayagraj - UPPCB",11-04-2026 13:00,25.425602,81.917152,OZONE,18.0,60.0,28.0
India,Uttar_Pradesh,Prayagraj,"Motilal Nehru NIT, Prayagraj - UPPCB",11-04-2026 13:00,25.494,81.863,SO2,29.0,48.0,46.0
India,Uttar_Pradesh,Prayagraj,"Nagar Nigam, Prayagraj - UPPCB",11-04-2026 13:00,25.44919916,81.82735986,PM2.5,14.0,32.0,23.0
India,Uttar_Pradesh,Prayagraj,"Nagar Nigam, Prayagraj - UPPCB",11-04-2026 13:00,25.44919916,81.82735986,OZONE,11.0,12.0,12.0
India,Uttarakhand,Dehradun,"Doon University, Dehradun - UKPCB",11-04-2026 13:00,30.269444,78.044167,NO2,1.0,4.0,2.0
India,Uttarakhand,Dehradun,"Doon University, Dehradun - UKPCB",11-04-2026 13:00,30.269444,78.044167,SO2,1.0,2.0,1.0
India,Uttarakhand,Dehradun,"Doon University, Dehradun - UKPCB",11-04-2026 13:00,30.269444,78.044167,OZONE,2.0,46.0,23.0
India,Uttarakhand,Kashipur,"Govt. Girls Inter College, Kashipur - UKPCB",11-04-2026 13:00,29.2124114,78.9611753,PM10,0.0,0.0,0.0
India,Uttarakhand,Rishikesh,"Shivaji Nagar, Rishikesh - UKPCB",11-04-2026 13:00,30.075911,78.2859547,PM10,3.0,3.0,3.0
India,West_Bengal,Howrah,"Botanical Garden, Howrah - WBPCB",11-04-2026 13:00,22.554954,88.292568,OZONE,7.0,64.0,27.0
India,West_Bengal,Howrah,"Padmapukur, Howrah - WBPCB",11-04-2026 13:00,22.5687319,88.2797276,SO2,8.0,27.0,14.0
India,West_Bengal,Kolkata,"Ballygunge, Kolkata - WBPCB",11-04-2026 13:00,22.5367507,88.3638022,PM2.5,39.0,108.0,71.0
India,West_Bengal,Kolkata,"Bidhannagar, Kolkata - WBPCB",11-04-2026 13:00,22.58157048,88.41002457,PM2.5,48.0,158.0,90.0
India,Uttar_Pradesh,Raebareli," Indira Nagar, Raebareli - NTPC Unchahar",11-04-2026 13:00,26.207781,81.245571,NH3,0.0,0.0,0.0
India,Uttar_Pradesh,Varanasi,"Bhelupur, Varanasi - UPPCB",11-04-2026 13:00,25.301778,82.996789,PM10,45.0,145.0,93.0
India,Uttar_Pradesh,Varanasi,"Bhelupur, Varanasi - UPPCB",11-04-2026 13:00,25.301778,82.996789,NH3,1.0,1.0,1.0
India,Uttar_Pradesh,Varanasi,"IESD Banaras Hindu University, Varanasi - UPPCB",11-04-2026 13:00,25.262326,82.995408,NO2,1.0,2.0,2.0
India,West_Bengal,Kolkata,"Bidhannagar, Kolkata - WBPCB",11-04-2026 13:00,22.58157048,88.41002457,SO2,5.0,16.0,10.0
India,West_Bengal,Kolkata,"Bidhannagar, Kolkata - WBPCB",11-04-2026 13:00,22.58157048,88.41002457,CO,12.0,73.0,28.0
India,West_Bengal,Kolkata,"Fort William, Kolkata - WBPCB",11-04-2026 13:00,22.55664,88.342674,NO2,22.0,80.0,44.0
India,West_Bengal,Asansol,"Trivenidevi Bhalotia College, Asansol - WBPCB",11-04-2026 13:00,23.616515,87.119133,NH3,3.0,4.0,3.0
India,West_Bengal,Asansol,"Trivenidevi Bhalotia College, Asansol - WBPCB",11-04-2026 13:00,23.616515,87.119133,SO2,10.0,15.0,12.0
India,West_Bengal,Asansol,"Trivenidevi Bhalotia College, Asansol - WBPCB",11-04-2026 13:00,23.616515,87.119133,CO,27.0,111.0,76.0
India,Uttar_Pradesh,Noida,"Sector - 125, Noida - UPPCB",11-04-2026 13:00,28.5447608,77.3231257,NO2,11.0,75.0,34.0
India,Uttar_Pradesh,Noida,"Sector - 125, Noida - UPPCB",11-04-2026 13:00,28.5447608,77.3231257,NH3,14.0,17.0,16.0
India,Uttar_Pradesh,Noida,"Sector - 62, Noida - IMD",11-04-2026 13:00,28.6245479,77.3577104,NO2,20.0,38.0,24.0
India,West_Bengal,Kolkata,"Fort William, Kolkata - WBPCB",11-04-2026 13:00,22.55664,88.342674,CO,16.0,100.0,23.0
India,West_Bengal,Kolkata,"Jadavpur, Kolkata - WBPCB",11-04-2026 13:00,22.49929,88.36917,PM2.5,43.0,303.0,94.0
India,West_Bengal,Kolkata,"Jadavpur, Kolkata - WBPCB",11-04-2026 13:00,22.49929,88.36917,NO2,9.0,63.0,20.0
India,West_Bengal,Kolkata,"Jadavpur, Kolkata - WBPCB",11-04-2026 13:00,22.49929,88.36917,NH3,10.0,55.0,22.0
India,West_Bengal,Kolkata,"Jadavpur, Kolkata - WBPCB",11-04-2026 13:00,22.49929,88.36917,SO2,3.0,7.0,5.0
India,West_Bengal,Kolkata,"Rabindra Bharati University, Kolkata - WBPCB",11-04-2026 13:00,22.627847,88.380669,OZONE,9.0,87.0,36.0
India,West_Bengal,Kolkata,"Rabindra Sarobar, Kolkata - WBPCB",11-04-2026 13:00,22.51106,88.35142,NH3,7.0,21.0,9.0
India,West_Bengal,Kolkata,"Rabindra Sarobar, Kolkata - WBPCB",11-04-2026 13:00,22.51106,88.35142,CO,10.0,102.0,25.0
India,West_Bengal,Kolkata,"Victoria, Kolkata - WBPCB",11-04-2026 13:00,22.5448082,88.3403691,PM10,69.0,117.0,94.0
India,West_Bengal,Kolkata,"Victoria, Kolkata - WBPCB",11-04-2026 13:00,22.5448082,88.3403691,OZONE,7.0,84.0,37.0
India,West_Bengal,Siliguri,"Ward-32 Bapupara, Siliguri - WBPCB",11-04-2026 13:00,26.6879226,88.4152495,NH3,8.0,13.0,10.0
India,Andhra_Pradesh,Vijayawada,"HB Colony, Vijayawada - APPCB",11-04-2026 13:00,16.536107,80.594233,PM10,34.0,184.0,61.0
India,Andhra_Pradesh,Vijayawada,"HB Colony, Vijayawada - APPCB",11-04-2026 13:00,16.536107,80.594233,NO2,16.0,27.0,18.0
India,Andhra_Pradesh,Vijayawada,"Kanuru, Vijayawada - APPCB",11-04-2026 13:00,16.486692,80.699436,NO2,0.0,0.0,0.0
India,Andhra_Pradesh,Vijayawada,"Kanuru, Vijayawada - APPCB",11-04-2026 13:00,16.486692,80.699436,SO2,0.0,0.0,0.0
India,Andhra_Pradesh,Vijayawada,"Rajiv Gandhi Park, Vijayawada - APPCB",11-04-2026 13:00,16.509717,80.612222,SO2,17.0,21.0,18.0
India,Andhra_Pradesh,Vijayawada,"Rajiv Nagar, Vijayawada - APPCB",11-04-2026 13:00,16.554731,80.64911,NO2,20.0,27.0,25.0
India,Andhra_Pradesh,Vijayawada,"Rajiv Nagar, Vijayawada - APPCB",11-04-2026 13:00,16.554731,80.64911,SO2,6.0,15.0,12.0
India,Andhra_Pradesh,Visakhapatnam,"GVM Corporation, Visakhapatnam - APPCB",11-04-2026 13:00,17.72,83.3,SO2,1.0,45.0,14.0
India,Andhra_Pradesh,Visakhapatnam,"GVM Corporation, Visakhapatnam - APPCB",11-04-2026 13:00,17.72,83.3,CO,2.0,51.0,22.0
India,Arunachal_Pradesh,Naharlagun,"Naharlagun, Naharlagun - APSPCB",11-04-2026 13:00,27.103358,93.679645,PM2.5,16.0,63.0,33.0
India,Arunachal_Pradesh,Naharlagun,"Naharlagun, Naharlagun - APSPCB",11-04-2026 13:00,27.103358,93.679645,NO2,7.0,7.0,7.0
India,Assam,Sivasagar,"Girls College, Sivasagar - PCBA",11-04-2026 13:00,26.987634,94.636574,OZONE,6.0,83.0,44.0
India,Bihar,Araria,"Kharahiya Basti, Araria - BSPCB",11-04-2026 13:00,26.146529,87.454184,NO2,1.0,7.0,2.0
India,Bihar,Araria,"Kharahiya Basti, Araria - BSPCB",11-04-2026 13:00,26.146529,87.454184,SO2,39.0,77.0,59.0
India,Bihar,Arrah,"New DM Office, Arrah - BSPCB",11-04-2026 13:00,25.5626095,84.663264,NO2,5.0,9.0,7.0
India,Bihar,Arrah,"New DM Office, Arrah - BSPCB",11-04-2026 13:00,25.5626095,84.663264,SO2,4.0,6.0,5.0
India,Bihar,Aurangabad,"Gurdeo Nagar, Aurangabad - BSPCB",11-04-2026 13:00,24.75746,84.366208,CO,101.0,103.0,102.0
India,Bihar,Begusarai,"Lohiyanagar, Begusarai - BSPCB",11-04-2026 13:00,25.42742023,86.13886079,PM10,59.0,178.0,110.0
India,Bihar,Begusarai,"Lohiyanagar, Begusarai - BSPCB",11-04-2026 13:00,25.42742023,86.13886079,SO2,34.0,37.0,35.0
India,Bihar,Bettiah,"Kamalnath Nagar, Bettiah - BSPCB",11-04-2026 13:00,26.80365,84.51954,PM2.5,0.0,0.0,0.0
India,Assam,Byrnihat,"Central Academy for SFS, Byrnihat - PCBA",11-04-2026 13:00,26.071318,91.87488,PM2.5,44.0,222.0,72.0
India,Assam,Byrnihat,"Central Academy for SFS, Byrnihat - PCBA",11-04-2026 13:00,26.071318,91.87488,SO2,25.0,32.0,32.0
India,Assam,Guwahati,"IITG, Guwahati - PCBA",11-04-2026 13:00,26.2028636,91.70046436,PM10,15.0,43.0,27.0
India,Assam,Guwahati,"LGBI Airport, Guwahati - PCBA",11-04-2026 13:00,26.10887,91.589544,PM10,32.0,47.0,41.0
India,Assam,Guwahati,"LGBI Airport, Guwahati - PCBA",11-04-2026 13:00,26.10887,91.589544,SO2,9.0,14.0,12.0
India,Assam,Guwahati,"Pan Bazaar, Guwahati - PCBA",11-04-2026 13:00,26.1875,91.744194,PM2.5,1.0,83.0,42.0
India,Assam,Guwahati,"Pan Bazaar, Guwahati - PCBA",11-04-2026 13:00,26.1875,91.744194,CO,16.0,34.0,18.0
India,Assam,Guwahati,"Railway Colony, Guwahati - PCBA",11-04-2026 13:00,26.181742,91.78063,NH3,1.0,1.0,1.0
India,Andhra_Pradesh,Anantapur,"Gulzarpet, Anantapur - APPCB",11-04-2026 13:00,14.675886,77.593027,SO2,9.0,17.0,10.0
India,Andhra_Pradesh,Chittoor,"Gangineni Cheruvu, Chittoor - APPCB",11-04-2026 13:00,13.20488,79.097889,OZONE,21.0,41.0,25.0
India,Andhra_Pradesh,Guntur,"Rajendra Nagar North, Guntur - APPCB",11-04-2026 13:00,16.316553,80.413302,PM10,48.0,71.0,55.0
India,Andhra_Pradesh,Guntur,"Rajendra Nagar North, Guntur - APPCB",11-04-2026 13:00,16.316553,80.413302,CO,12.0,34.0,17.0
India,Andhra_Pradesh,Kadapa,"Yerramukkapalli, Kadapa - APPCB",11-04-2026 13:00,14.465052,78.824187,NH3,0.0,0.0,0.0
India,Andhra_Pradesh,Kadapa,"Yerramukkapalli, Kadapa - APPCB",11-04-2026 13:00,14.465052,78.824187,SO2,0.0,0.0,0.0
India,Andhra_Pradesh,Machilipatnam,"Srinivas Nagar Colony, Machilipatnam - APPCB",11-04-2026 13:00,16.186555,81.13219,NO2,13.0,40.0,23.0
India,Bihar,Bettiah,"Kamalnath Nagar, Bettiah - BSPCB",11-04-2026 13:00,26.80365,84.51954,SO2,0.0,0.0,0.0
India,Bihar,Bhagalpur,"DM Office_Kachari Chowk, Bhagalpur - BSPCB",11-04-2026 13:00,25.251013,86.989001,OZONE,5.0,27.0,16.0
India,Bihar,Bhagalpur,"Mayaganj, Bhagalpur - BSPCB",11-04-2026 13:00,25.265194,87.012947,PM2.5,27.0,63.0,38.0
India,Bihar,Bhagalpur,"Mayaganj, Bhagalpur - BSPCB",11-04-2026 13:00,25.265194,87.012947,NO2,6.0,8.0,7.0
India,Bihar,Bhagalpur,"Mayaganj, Bhagalpur - BSPCB",11-04-2026 13:00,25.265194,87.012947,OZONE,8.0,30.0,14.0
India,Bihar,Bihar Sharif,"D M Colony, Bihar Sharif - BSPCB",11-04-2026 13:00,25.204762,85.51496,PM2.5,13.0,43.0,30.0
India,Bihar,Bihar Sharif,"D M Colony, Bihar Sharif - BSPCB",11-04-2026 13:00,25.204762,85.51496,NO2,9.0,10.0,9.0
India,Bihar,Chhapra,"Darshan Nagar, Chhapra - BSPCB",11-04-2026 13:00,25.7808257,84.7446768,PM10,0.0,0.0,0.0
India,Bihar,Chhapra,"Darshan Nagar, Chhapra - BSPCB",11-04-2026 13:00,25.7808257,84.7446768,NO2,3.0,4.0,4.0
India,Bihar,Chhapra,"Darshan Nagar, Chhapra - BSPCB",11-04-2026 13:00,25.7808257,84.7446768,OZONE,8.0,52.0,26.0
India,Bihar,Gaya,"Kareemganj, Gaya - BSPCB",11-04-2026 13:00,24.792403,84.992416,NO2,9.0,12.0,12.0
India,Bihar,Gaya,"SFTI Kusdihra, Gaya - BSPCB",11-04-2026 13:00,24.762518,84.982348,PM2.5,32.0,60.0,45.0
India,Bihar,Gaya,"SFTI Kusdihra, Gaya - BSPCB",11-04-2026 13:00,24.762518,84.982348,PM10,36.0,72.0,48.0
India,Bihar,Gaya,"SFTI Kusdihra, Gaya - BSPCB",11-04-2026 13:00,24.762518,84.982348,SO2,6.0,9.0,8.0
India,Andhra_Pradesh,Nellore,"Ambedkar Nagar, Nellore - APPCB ",11-04-2026 13:00,14.438164,79.966814,OZONE,6.0,30.0,14.0
India,Andhra_Pradesh,Rajamahendravaram,"Anand Kala Kshetram, Rajamahendravaram - APPCB",11-04-2026 13:00,16.9872867,81.7363176,NO2,4.0,18.0,10.0
India,Andhra_Pradesh,Rajamahendravaram,"Anand Kala Kshetram, Rajamahendravaram - APPCB",11-04-2026 13:00,16.9872867,81.7363176,SO2,5.0,8.0,6.0
India,Andhra_Pradesh,Tirumala,"Toll Gate, Tirumala - APPCB",11-04-2026 13:00,13.67,79.35,NH3,2.0,3.0,3.0
India,Assam,Nagaon,"Christianpatty, Nagaon - PCBA",11-04-2026 13:00,26.349082,92.68449,OZONE,2.0,14.0,10.0
India,Assam,Nalbari,"Bata Chowk, Nalbari - PCBA",11-04-2026 13:00,26.446912,91.439057,SO2,5.0,8.0,8.0
India,Assam,Silchar,"Tarapur, Silchar - PCBA",11-04-2026 13:00,24.82827,92.79525,OZONE,2.0,6.0,3.0
India,Andhra_Pradesh,Amaravati,"Secretariat, Amaravati - APPCB",11-04-2026 13:00,16.5150833,80.5181667,SO2,4.0,21.0,9.0
India,Andhra_Pradesh,Amaravati,"Secretariat, Amaravati - APPCB",11-04-2026 13:00,16.5150833,80.5181667,CO,14.0,21.0,16.0
India,Assam,Nagaon,"Christianpatty, Nagaon - PCBA",11-04-2026 13:00,26.349082,92.68449,PM10,24.0,64.0,44.0
India,Assam,Nagaon,"Christianpatty, Nagaon - PCBA",11-04-2026 13:00,26.349082,92.68449,NH3,4.0,5.0,5.0
India,Bihar,Samastipur,"DM Office_Kasipur, Samastipur - BSPCB",11-04-2026 13:00,25.859655,85.77944,NH3,0.0,0.0,0.0
India,Bihar,Sasaram,"Dada Peer, Sasaram - BSPCB",11-04-2026 13:00,24.952822,84.002396,PM2.5,0.0,0.0,0.0
India,Bihar,Sasaram,"Dada Peer, Sasaram - BSPCB",11-04-2026 13:00,24.952822,84.002396,PM10,0.0,0.0,0.0
India,Bihar,Sasaram,"Dada Peer, Sasaram - BSPCB",11-04-2026 13:00,24.952822,84.002396,NH3,2.0,7.0,3.0
India,Bihar,Sasaram,"Dada Peer, Sasaram - BSPCB",11-04-2026 13:00,24.952822,84.002396,CO,28.0,93.0,65.0
India,Bihar,Siwan,"Chitragupta Nagar, Siwan - BSPCB",11-04-2026 13:00,26.2271665,84.3570427,OZONE,14.0,15.0,14.0
India,Chandigarh,Chandigarh,"Sector 22, Chandigarh - CPCC",11-04-2026 13:00,30.735567,76.775714,NO2,2.0,13.0,7.0
India,Chandigarh,Chandigarh,"Sector 22, Chandigarh - CPCC",11-04-2026 13:00,30.735567,76.775714,OZONE,52.0,125.0,64.0
India,Chandigarh,Chandigarh,"Sector-25, Chandigarh - CPCC",11-04-2026 13:00,30.751462,76.762879,NH3,10.0,12.0,11.0
India,Chandigarh,Chandigarh,"Sector-25, Chandigarh - CPCC",11-04-2026 13:00,30.751462,76.762879,CO,7.0,15.0,11.0
India,Chandigarh,Chandigarh,"Sector-25, Chandigarh - CPCC",11-04-2026 13:00,30.751462,76.762879,OZONE,25.0,62.0,37.0
India,Chandigarh,Chandigarh,"Sector-53, Chandigarh - CPCC",11-04-2026 13:00,30.719859,76.738637,PM10,12.0,42.0,25.0
India,Chandigarh,Chandigarh,"Sector-53, Chandigarh - CPCC",11-04-2026 13:00,30.719859,76.738637,SO2,6.0,6.0,6.0
India,Chandigarh,Chandigarh,"Sector-53, Chandigarh - CPCC",11-04-2026 13:00,30.719859,76.738637,CO,30.0,54.0,39.0
India,Chhattisgarh,Bhilai,"32Bungalows, Bhilai - CECB",11-04-2026 13:00,21.194815,81.31477,NH3,3.0,5.0,4.0
India,Chhattisgarh,Bhilai,"Civic Center, Bhilai - Bhilai Steel Plant",11-04-2026 13:00,21.185571,81.343175,SO2,5.0,26.0,9.0
India,Chhattisgarh,Bhilai,"Hathkhoj, Bhilai - CECB",11-04-2026 13:00,21.224231,81.40835,PM2.5,19.0,54.0,35.0
India,Chhattisgarh,Bhilai,"Hathkhoj, Bhilai - CECB",11-04-2026 13:00,21.224231,81.40835,CO,2.0,36.0,13.0
India,Chhattisgarh,Bilaspur,"Mangala, Bilaspur - NTPC",11-04-2026 13:00,22.08815,82.13737,NO2,37.0,85.0,49.0
India,Bihar,Munger,"Town Hall, Munger - BSPCB",11-04-2026 13:00,25.376776,86.471523,NH3,3.0,3.0,3.0
India,Bihar,Muzaffarpur,"Buddha Colony, Muzaffarpur - BSPCB",11-04-2026 13:00,26.11442,85.39813,PM10,135.0,294.0,199.0
India,Bihar,Muzaffarpur,"Buddha Colony, Muzaffarpur - BSPCB",11-04-2026 13:00,26.11442,85.39813,NO2,29.0,60.0,47.0
India,Bihar,Muzaffarpur,"Buddha Colony, Muzaffarpur - BSPCB",11-04-2026 13:00,26.11442,85.39813,SO2,3.0,39.0,9.0
India,Bihar,Muzaffarpur,"MIT-Daudpur Kothi, Muzaffarpur - BSPCB",11-04-2026 13:00,26.1403345,85.3650192,PM2.5,55.0,98.0,71.0
India,Bihar,Muzaffarpur,"MIT-Daudpur Kothi, Muzaffarpur - BSPCB",11-04-2026 13:00,26.1403345,85.3650192,PM10,54.0,75.0,63.0
India,Bihar,Muzaffarpur,"Muzaffarpur Collectorate, Muzaffarpur - BSPCB",11-04-2026 13:00,26.1209,85.3647,SO2,4.0,7.0,5.0
India,Bihar,Patna,"Govt. High School Shikarpur, Patna - BSPCB",11-04-2026 13:00,25.592539,85.227158,NO2,8.0,22.0,14.0
India,Bihar,Patna,"Govt. High School Shikarpur, Patna - BSPCB",11-04-2026 13:00,25.592539,85.227158,SO2,4.0,7.0,6.0
India,Bihar,Patna,"IGSC Planetarium Complex, Patna - BSPCB",11-04-2026 13:00,25.610369,85.132568,NO2,1.0,2.0,2.0
India,Bihar,Patna,"IGSC Planetarium Complex, Patna - BSPCB",11-04-2026 13:00,25.610369,85.132568,CO,7.0,39.0,36.0
India,Bihar,Patna,"Samanpura, Patna - BSPCB",11-04-2026 13:00,25.596727,85.085624,PM2.5,35.0,106.0,57.0
India,Bihar,Patna,"Samanpura, Patna - BSPCB",11-04-2026 13:00,25.596727,85.085624,OZONE,53.0,306.0,239.0
India,Bihar,Purnia,"Mariam Nagar, Purnia - BSPCB",11-04-2026 13:00,25.366336,87.117468,OZONE,20.0,43.0,27.0
India,Bihar,Rajgir,"Dangi Tola, Rajgir - BSPCB",11-04-2026 13:00,25.0328,85.41948,OZONE,21.0,28.0,25.0
India,Bihar,Katihar,"Mirchaibari, Katihar - BSPCB",11-04-2026 13:00,25.560083,87.553265,NO2,8.0,10.0,9.0
India,Bihar,Katihar,"Mirchaibari, Katihar - BSPCB",11-04-2026 13:00,25.560083,87.553265,OZONE,5.0,93.0,25.0
India,Bihar,Motihari,"Gandak Colony, Motihari - BSPCB",11-04-2026 13:00,26.63086,84.90051,SO2,2.0,3.0,3.0
India,Bihar,Patna,"Rajbansi Nagar, Patna - BSPCB",11-04-2026 13:00,25.599486,85.113666,NH3,2.0,3.0,3.0
India,Bihar,Patna,"Muradpur, Patna - BSPCB",11-04-2026 13:00,25.619651,85.147382,CO,7.0,109.0,21.0
India,Chhattisgarh,Korba,"Urja Nagar, Korba - CECB",11-04-2026 13:00,22.348441,82.549611,PM10,31.0,57.0,40.0
India,Chhattisgarh,Korba,"Urja Nagar, Korba - CECB",11-04-2026 13:00,22.348441,82.549611,SO2,8.0,22.0,15.0
India,Chhattisgarh,Kunjemura,"OP Jindal School, Kunjemura - CECB",11-04-2026 13:00,22.12665,83.483212,NO2,12.0,71.0,37.0
India,Chhattisgarh,Kunjemura,"OP Jindal School, Kunjemura - CECB",11-04-2026 13:00,22.12665,83.483212,NH3,2.0,2.0,2.0
India,Chhattisgarh,Kunjemura,"OP Jindal School, Kunjemura - CECB",11-04-2026 13:00,22.12665,83.483212,SO2,7.0,46.0,17.0
India,Chhattisgarh,Milupara,"Govt. Higher Secondary School, Milupara - CECB",11-04-2026 13:00,22.1910172,83.5197009,PM2.5,0.0,0.0,0.0
India,Chhattisgarh,Milupara,"Govt. Higher Secondary School, Milupara - CECB",11-04-2026 13:00,22.1910172,83.5197009,CO,9.0,9.0,9.0
India,Chhattisgarh,Milupara,"Govt. Higher Secondary School, Milupara - CECB",11-04-2026 13:00,22.1910172,83.5197009,OZONE,126.0,126.0,126.0
India,Delhi,Delhi,"IHBAS, Dilshad Garden, Delhi - CPCB",11-04-2026 13:00,28.6811736,77.3025234,PM10,81.0,120.0,106.0
India,Delhi,Delhi,"IHBAS, Dilshad Garden, Delhi - CPCB",11-04-2026 13:00,28.6811736,77.3025234,NO2,40.0,81.0,54.0
India,Delhi,Delhi,"IIT Delhi, Delhi - IITM",11-04-2026 13:00,28.54246,77.191651,CO,68.0,86.0,80.0
India,Delhi,Delhi,"IIT Delhi, Delhi - IITM",11-04-2026 13:00,28.54246,77.191651,OZONE,14.0,48.0,32.0
India,Delhi,Delhi,"ITO, Delhi - CPCB",11-04-2026 13:00,28.628624,77.24106,NH3,2.0,7.0,5.0
India,Delhi,Delhi,"JNU, Delhi - DPCC",11-04-2026 13:00,28.540721,77.168544,PM10,72.0,115.0,94.0
India,Delhi,Delhi,"JNU, Delhi - DPCC",11-04-2026 13:00,28.540721,77.168544,CO,21.0,62.0,43.0
India,Delhi,Delhi,"JNU, Delhi - DPCC",11-04-2026 13:00,28.540721,77.168544,OZONE,17.0,45.0,33.0
India,Delhi,Delhi,"Lodhi Road, Delhi - IMD",11-04-2026 13:00,28.5918245,77.2273074,OZONE,61.0,119.0,85.0
India,Delhi,Delhi,"Major Dhyan Chand National Stadium, Delhi - DPCC",11-04-2026 13:00,28.611281,77.237738,CO,52.0,72.0,58.0
India,Delhi,Delhi,"Mandir Marg, Delhi - DPCC",11-04-2026 13:00,28.636429,77.201067,PM2.5,97.0,163.0,141.0
India,Delhi,Delhi,"Mandir Marg, Delhi - DPCC",11-04-2026 13:00,28.636429,77.201067,PM10,83.0,131.0,104.0
India,Delhi,Delhi,"Mandir Marg, Delhi - DPCC",11-04-2026 13:00,28.636429,77.201067,NO2,39.0,75.0,53.0
India,Delhi,Delhi,"NSIT Dwarka, Delhi - CPCB",11-04-2026 13:00,28.60909,77.0325413,SO2,6.0,12.0,9.0
India,Delhi,Delhi,"NSIT Dwarka, Delhi - CPCB",11-04-2026 13:00,28.60909,77.0325413,CO,29.0,94.0,50.0
India,Delhi,Delhi,"Cantonment Area, Delhi - DPCC ",11-04-2026 13:00,28.594169,77.1251,PM2.5,13.0,41.0,24.0
India,Delhi,Delhi,"Cantonment Area, Delhi - DPCC ",11-04-2026 13:00,28.594169,77.1251,NH3,2.0,30.0,6.0
India,Delhi,Delhi,"Chandni Chowk, Delhi - IITM",11-04-2026 13:00,28.656756,77.227234,PM10,31.0,500.0,150.0
India,Delhi,Delhi,"Commonwealth Sports Complex, Delhi - DPCC",11-04-2026 13:00,28.615828,77.271992,PM2.5,21.0,82.0,59.0
India,Delhi,Delhi,"Commonwealth Sports Complex, Delhi - DPCC",11-04-2026 13:00,28.615828,77.271992,PM10,90.0,141.0,113.0
India,Delhi,Delhi,"Commonwealth Sports Complex, Delhi - DPCC",11-04-2026 13:00,28.615828,77.271992,OZONE,8.0,171.0,169.0
India,Delhi,Delhi,"Alipur, Delhi - DPCC",11-04-2026 13:00,28.815329,77.15301,NO2,14.0,38.0,24.0
India,Delhi,Delhi,"Alipur, Delhi - DPCC",11-04-2026 13:00,28.815329,77.15301,NH3,11.0,12.0,12.0
India,Delhi,Delhi,"Anand Vihar, Delhi - DPCC",11-04-2026 13:00,28.647622,77.315809,PM2.5,10.0,150.0,63.0
India,Delhi,Delhi,"Anand Vihar, Delhi - DPCC",11-04-2026 13:00,28.647622,77.315809,NH3,3.0,6.0,5.0
India,Delhi,Delhi,"Anand Vihar, Delhi - DPCC",11-04-2026 13:00,28.647622,77.315809,OZONE,15.0,57.0,30.0
India,Delhi,Delhi,"Ashok Vihar, Delhi - DPCC",11-04-2026 13:00,28.695381,77.181665,CO,2.0,32.0,14.0
India,Delhi,Delhi,"Dr. Karni Singh Shooting Range, Delhi - DPCC",11-04-2026 13:00,28.498571,77.26484,NO2,8.0,48.0,24.0
India,Delhi,Delhi,"Dwarka-Sector 8, Delhi - DPCC ",11-04-2026 13:00,28.5710274,77.0719006,PM2.5,32.0,325.0,82.0
India,Delhi,Delhi,"Dwarka-Sector 8, Delhi - DPCC ",11-04-2026 13:00,28.5710274,77.0719006,NH3,9.0,44.0,17.0
India,Delhi,Delhi,"IGI Airport (T3), Delhi - IMD",11-04-2026 13:00,28.5627763,77.1180053,PM2.5,5.0,99.0,48.0
India,Chhattisgarh,Raipur,"Krishak Nagar, Raipur - CECB",11-04-2026 13:00,21.237755,81.705301,PM10,55.0,140.0,88.0
India,Chhattisgarh,Raipur,"Siltara Phase-II, Raipur - CECB",11-04-2026 13:00,21.371751,81.664929,PM2.5,35.0,247.0,72.0
India,Chhattisgarh,Tumidih,"OP Jindal Industrial Park, Tumidih - CECB",11-04-2026 13:00,22.06631475,83.33820077,PM10,17.0,98.0,48.0
India,Delhi,Delhi,"Bawana, Delhi - DPCC",11-04-2026 13:00,28.7762,77.051074,NO2,8.0,28.0,16.0
India,Delhi,Delhi,"Bawana, Delhi - DPCC",11-04-2026 13:00,28.7762,77.051074,CO,14.0,53.0,44.0
India,Delhi,Delhi,"CRRI Mathura Road, Delhi - IMD",11-04-2026 13:00,28.5512005,77.2735737,PM10,86.0,164.0,128.0
India,Delhi,Delhi,"Lodhi Road, Delhi - IMD",11-04-2026 13:00,28.5918245,77.2273074,PM2.5,19.0,69.0,50.0
India,Delhi,Delhi,"Talkatora Garden, Delhi - DPCC",11-04-2026 13:00,28.62181,77.1944633,PM2.5,23.0,109.0,59.0
India,Delhi,Delhi,"Talkatora Garden, Delhi - DPCC",11-04-2026 13:00,28.62181,77.1944633,PM10,61.0,135.0,94.0
India,Delhi,Delhi,"Talkatora Garden, Delhi - DPCC",11-04-2026 13:00,28.62181,77.1944633,NO2,7.0,20.0,13.0
India,Delhi,Delhi,"Vivek Vihar, Delhi - DPCC",11-04-2026 13:00,28.672342,77.31526,NO2,30.0,74.0,46.0
India,Delhi,Delhi,"Vivek Vihar, Delhi - DPCC",11-04-2026 13:00,28.672342,77.31526,SO2,12.0,27.0,18.0
India,Delhi,Delhi,"Wazirpur, Delhi - DPCC",11-04-2026 13:00,28.699793,77.165453,SO2,4.0,20.0,13.0
India,Gujarat,Ahmedabad,"Maninagar, Ahmedabad - GPCB",11-04-2026 13:00,23.002657,72.591912,PM2.5,55.0,333.0,116.0
India,Gujarat,Ahmedabad,"Maninagar, Ahmedabad - GPCB",11-04-2026 13:00,23.002657,72.591912,PM10,69.0,146.0,97.0
India,Delhi,Delhi,"R K Puram, Delhi - DPCC",11-04-2026 13:00,28.563262,77.186937,CO,23.0,64.0,50.0
India,Delhi,Delhi,"Rohini, Delhi - DPCC",11-04-2026 13:00,28.732528,77.11992,PM2.5,23.0,305.0,88.0
India,Delhi,Delhi,"Rohini, Delhi - DPCC",11-04-2026 13:00,28.732528,77.11992,OZONE,27.0,61.0,45.0
India,Delhi,Delhi,"Shadipur, Delhi - CPCB",11-04-2026 13:00,28.6514781,77.1473105,PM10,72.0,131.0,106.0
India,Delhi,Delhi,"Sirifort, Delhi - CPCB",11-04-2026 13:00,28.5504249,77.2159377,CO,1.0,13.0,8.0
India,Delhi,Delhi,"Sonia Vihar, Delhi - DPCC",11-04-2026 13:00,28.710508,77.249485,SO2,25.0,44.0,34.0
India,Delhi,Delhi,"Sonia Vihar, Delhi - DPCC",11-04-2026 13:00,28.710508,77.249485,CO,17.0,65.0,50.0
India,Delhi,Delhi,"Sonia Vihar, Delhi - DPCC",11-04-2026 13:00,28.710508,77.249485,OZONE,29.0,60.0,44.0
India,Delhi,Delhi,"North Campus, DU, Delhi - IMD",11-04-2026 13:00,28.6573814,77.1585447,PM10,102.0,322.0,142.0
India,Delhi,Delhi,"Okhla Phase-2, Delhi - DPCC",11-04-2026 13:00,28.530785,77.271255,OZONE,55.0,180.0,170.0
India,Delhi,Delhi,"Patparganj, Delhi - DPCC",11-04-2026 13:00,28.623763,77.287209,PM2.5,12.0,83.0,49.0
India,Delhi,Delhi,"Patparganj, Delhi - DPCC",11-04-2026 13:00,28.623763,77.287209,PM10,113.0,163.0,132.0
India,Delhi,Delhi,"Patparganj, Delhi - DPCC",11-04-2026 13:00,28.623763,77.287209,NO2,27.0,95.0,57.0
India,Delhi,Delhi,"Patparganj, Delhi - DPCC",11-04-2026 13:00,28.623763,77.287209,NH3,6.0,8.0,7.0
India,Gujarat,Ahmedabad,"SVPI Airport Hansol, Ahmedabad - IITM",11-04-2026 13:00,23.076793,72.627874,PM2.5,39.0,261.0,130.0
India,Gujarat,Ahmedabad,"SVPI Airport Hansol, Ahmedabad - IITM",11-04-2026 13:00,23.076793,72.627874,NO2,8.0,108.0,59.0
India,Gujarat,Ankleshwar,"GIDC, Ankleshwar - GPCB",11-04-2026 13:00,21.613267,73.010555,NO2,0.0,0.0,0.0
India,Delhi,Delhi,"Punjabi Bagh, Delhi - DPCC",11-04-2026 13:00,28.674045,77.131023,PM2.5,10.0,237.0,75.0
India,Delhi,Delhi,"Pusa, Delhi - IMD",11-04-2026 13:00,28.63611,77.173332,CO,14.0,57.0,36.0
India,Delhi,Delhi,"R K Puram, Delhi - DPCC",11-04-2026 13:00,28.563262,77.186937,PM10,47.0,227.0,128.0
India,Delhi,Delhi,"NSUT Jaffarpur, Delhi - DPCC",11-04-2026 13:00,28.594004,76.909423,SO2,13.0,75.0,29.0
India,Delhi,Delhi,"Nehru Nagar, Delhi - DPCC",11-04-2026 13:00,28.56789,77.250515,CO,16.0,66.0,26.0
India,Delhi,Delhi,"Nehru Nagar, Delhi - DPCC",11-04-2026 13:00,28.56789,77.250515,OZONE,17.0,53.0,35.0
India,Gujarat,Ahmedabad,"Raikhad, Ahmedabad - IITM",11-04-2026 13:00,23.020509,72.579261,CO,18.0,183.0,44.0
India,Gujarat,Ahmedabad,"Rakhial, Ahmedabad - IITM",11-04-2026 13:00,23.016834,72.625775,NH3,2.0,10.0,4.0
India,Delhi,Delhi,"Sri Aurobindo Marg, Delhi - DPCC",11-04-2026 13:00,28.531346,77.190156,PM10,74.0,127.0,102.0
India,Gujarat,Ahmedabad,"Raikhad, Ahmedabad - IITM",11-04-2026 13:00,23.020509,72.579261,SO2,2.0,63.0,26.0
India,Gujarat,Vadodara,"Bapunagar, Vadodara - Nexteng Enviro",11-04-2026 13:00,22.320153,73.216285,NH3,2.0,3.0,2.0
India,Gujarat,Vadodara,"Bapunagar, Vadodara - Nexteng Enviro",11-04-2026 13:00,22.320153,73.216285,SO2,5.0,7.0,5.0
India,Gujarat,Vadodara,"Bapunagar, Vadodara - Nexteng Enviro",11-04-2026 13:00,22.320153,73.216285,CO,68.0,93.0,89.0
India,Gujarat,Vapi,"Phase-1 GIDC, Vapi - GPCB",11-04-2026 13:00,20.362421,72.918013,SO2,0.0,0.0,0.0
India,Gujarat,Vatva,"Phase-4 GIDC, Vatva - GPCB",11-04-2026 13:00,22.969611,72.6435,PM10,84.0,438.0,179.0
India,Gujarat,Vatva,"Phase-4 GIDC, Vatva - GPCB",11-04-2026 13:00,22.969611,72.6435,CO,38.0,156.0,63.0
India,Haryana,Ambala,"Patti Mehar, Ambala - HSPCB",11-04-2026 13:00,30.379589,76.778328,PM2.5,35.0,67.0,48.0
India,Haryana,Ambala,"Patti Mehar, Ambala - HSPCB",11-04-2026 13:00,30.379589,76.778328,NO2,9.0,12.0,10.0
India,Haryana,Ambala,"Patti Mehar, Ambala - HSPCB",11-04-2026 13:00,30.379589,76.778328,SO2,15.0,32.0,22.0
India,Haryana,Bahadurgarh,"Arya Nagar, Bahadurgarh - HSPCB",11-04-2026 13:00,28.6701,76.9254,NO2,12.0,14.0,13.0
India,Haryana,Bahadurgarh,"Arya Nagar, Bahadurgarh - HSPCB",11-04-2026 13:00,28.6701,76.9254,CO,44.0,50.0,47.0
India,Haryana,Bahadurgarh,"Arya Nagar, Bahadurgarh - HSPCB",11-04-2026 13:00,28.6701,76.9254,OZONE,22.0,27.0,25.0
India,Haryana,Ballabgarh,"Nathu Colony, Ballabgarh - HSPCB",11-04-2026 13:00,28.3419248,77.319699,PM10,133.0,297.0,218.0
India,Haryana,Ballabgarh,"Nathu Colony, Ballabgarh - HSPCB",11-04-2026 13:00,28.3419248,77.319699,SO2,3.0,10.0,5.0
India,Gujarat,Gandhinagar,"IIPHG Lekawada, Gandhinagar - IITM",11-04-2026 13:00,23.243639,72.68994,OZONE,1.0,35.0,15.0
India,Gujarat,Gandhinagar,"Sector-10, Gandhinagar - GPCB",11-04-2026 13:00,23.221714,72.654328,NO2,10.0,79.0,29.0
India,Gujarat,Gandhinagar,"Sector-10, Gandhinagar - GPCB",11-04-2026 13:00,23.221714,72.654328,NH3,1.0,8.0,3.0
India,Gujarat,Gandhinagar,"Sector-10, Gandhinagar - GPCB",11-04-2026 13:00,23.221714,72.654328,SO2,1.0,25.0,9.0
India,Gujarat,Mehsana,"Sadanand Nagar, Mehsana - Nexteng Enviro",11-04-2026 13:00,23.59315,72.372792,PM2.5,23.0,284.0,96.0
India,Gujarat,Mehsana,"Sadanand Nagar, Mehsana - Nexteng Enviro",11-04-2026 13:00,23.59315,72.372792,PM10,30.0,148.0,103.0
India,Gujarat,Rajkot,"Mavdi, Rajkot - Nexteng Enviro ",11-04-2026 13:00,22.248853,70.776774,PM2.5,18.0,79.0,53.0
India,Gujarat,Rajkot,"Mavdi, Rajkot - Nexteng Enviro ",11-04-2026 13:00,22.248853,70.776774,SO2,12.0,30.0,19.0
India,Gujarat,Rajkot,"Mavdi, Rajkot - Nexteng Enviro ",11-04-2026 13:00,22.248853,70.776774,OZONE,6.0,19.0,9.0
India,Gujarat,Surat,"Katargam, Surat - Nexteng Enviro",11-04-2026 13:00,21.217779,72.834787,SO2,8.0,97.0,33.0
India,Gujarat,Surat,"Katargam, Surat - Nexteng Enviro",11-04-2026 13:00,21.217779,72.834787,CO,32.0,46.0,42.0
India,Gujarat,Surat,"Science Center, Surat - SMC",11-04-2026 13:00,21.170046,72.795405,PM2.5,59.0,304.0,105.0
India,Gujarat,Surat,"Science Center, Surat - SMC",11-04-2026 13:00,21.170046,72.795405,NO2,15.0,16.0,15.0
India,Haryana,Bhiwani,"H.B. Colony, Bhiwani - HSPCB",11-04-2026 13:00,28.806223,76.141105,NO2,4.0,22.0,10.0
India,Haryana,Bhiwani,"H.B. Colony, Bhiwani - HSPCB",11-04-2026 13:00,28.806223,76.141105,CO,1.0,4.0,2.0
India,Haryana,Bhiwani,"H.B. Colony, Bhiwani - HSPCB",11-04-2026 13:00,28.806223,76.141105,OZONE,7.0,15.0,9.0
India,Haryana,Charkhi Dadri,"Mini Secretariat, Charkhi Dadri - HSPCB",11-04-2026 13:00,28.593883,76.270653,PM2.5,8.0,246.0,160.0
India,Haryana,Charkhi Dadri,"Mini Secretariat, Charkhi Dadri - HSPCB",11-04-2026 13:00,28.593883,76.270653,PM10,8.0,149.0,118.0
India,Haryana,Charkhi Dadri,"Mini Secretariat, Charkhi Dadri - HSPCB",11-04-2026 13:00,28.593883,76.270653,CO,9.0,30.0,15.0
India,Haryana,Dharuhera,"Municipal Corporation Office, Dharuhera -  HSPCB",11-04-2026 13:00,28.2068,76.7997,SO2,6.0,7.0,7.0
India,Haryana,Dharuhera,"Municipal Corporation Office, Dharuhera -  HSPCB",11-04-2026 13:00,28.2068,76.7997,CO,53.0,102.0,64.0
India,Haryana,Dharuhera,"Municipal Corporation Office, Dharuhera -  HSPCB",11-04-2026 13:00,28.2068,76.7997,OZONE,23.0,29.0,25.0
India,Haryana,Faridabad,"New Industrial Town, Faridabad - HSPCB",11-04-2026 13:00,28.39072,77.30059,PM10,89.0,109.0,102.0
India,Gujarat,Ankleshwar,"GIDC, Ankleshwar - GPCB",11-04-2026 13:00,21.613267,73.010555,OZONE,0.0,0.0,0.0
India,Gujarat,Bhavnagar,"Vidhyanagar, Bhavnagar - Nexteng Enviro",11-04-2026 13:00,21.755417,72.139056,PM2.5,55.0,301.0,139.0
India,Gujarat,Bhavnagar,"Vidhyanagar, Bhavnagar - Nexteng Enviro",11-04-2026 13:00,21.755417,72.139056,NO2,55.0,74.0,65.0
India,Gujarat,Gandhinagar,"GIFT City, Gandhinagar - IITM",11-04-2026 13:00,23.163798,72.677768,PM2.5,12.0,306.0,100.0
India,Gujarat,Gandhinagar,"GIFT City, Gandhinagar - IITM",11-04-2026 13:00,23.163798,72.677768,CO,48.0,104.0,73.0
India,Gujarat,Gandhinagar,"GIFT City, Gandhinagar - IITM",11-04-2026 13:00,23.163798,72.677768,OZONE,2.0,110.0,56.0
India,Haryana,Fatehabad,"Huda Sector, Fatehabad - HSPCB",11-04-2026 13:00,29.503664,75.467934,NO2,18.0,20.0,19.0
India,Haryana,Gurugram,"NISE Gwal Pahari, Gurugram - IMD",11-04-2026 13:00,28.422681,77.148944,NO2,7.0,36.0,22.0
India,Haryana,Gurugram,"Sector-51, Gurugram - HSPCB",11-04-2026 13:00,28.4227,77.0667,PM10,107.0,145.0,126.0
India,Haryana,Hisar,"Urban Estate-II, Hisar - HSPCB",11-04-2026 13:00,29.14056,75.744941,CO,36.0,56.0,50.0
India,Haryana,Jind,"Police Lines, Jind - HSPCB",11-04-2026 13:00,29.307814,76.337619,NO2,26.0,46.0,35.0
India,Gujarat,Gandhinagar,"IIPHG Lekawada, Gandhinagar - IITM",11-04-2026 13:00,23.243639,72.68994,NO2,6.0,37.0,16.0
India,Haryana,Fatehabad,"Huda Sector, Fatehabad - HSPCB",11-04-2026 13:00,29.503664,75.467934,PM2.5,23.0,86.0,56.0
India,Haryana,Hisar,"Urban Estate-II, Hisar - HSPCB",11-04-2026 13:00,29.14056,75.744941,NH3,13.0,13.0,13.0
India,Karnataka,Bengaluru,"Jayanagar 5th Block, Bengaluru - KSPCB",11-04-2026 13:00,12.920984,77.584908,SO2,1.0,46.0,21.0
India,Karnataka,Bengaluru,"Jayanagar 5th Block, Bengaluru - KSPCB",11-04-2026 13:00,12.920984,77.584908,CO,4.0,72.0,8.0
India,Karnataka,Bengaluru,"Jigani, Bengaluru - KSPCB",11-04-2026 13:00,12.7816279,77.6299145,SO2,14.0,15.0,15.0
India,Karnataka,Bengaluru,"Peenya, Bengaluru - CPCB",11-04-2026 13:00,13.0270199,77.494094,CO,68.0,134.0,85.0
India,Karnataka,Bengaluru,"RVCE-Mailasandra, Bengaluru - KSPCB",11-04-2026 13:00,12.921418,77.502466,NH3,3.0,4.0,4.0
India,Karnataka,Bengaluru,"Sanegurava Halli, Bengaluru - KSPCB",11-04-2026 13:00,12.990328,77.5431385,PM10,61.0,71.0,63.0
India,Karnataka,Bengaluru,"Sanegurava Halli, Bengaluru - KSPCB",11-04-2026 13:00,12.990328,77.5431385,CO,8.0,44.0,18.0
India,Karnataka,Bengaluru,"Shivapura_Peenya, Bengaluru - KSPCB",11-04-2026 13:00,13.0246342,77.5080115,NO2,23.0,24.0,23.0
India,Karnataka,Bengaluru,"Shivapura_Peenya, Bengaluru - KSPCB",11-04-2026 13:00,13.0246342,77.5080115,CO,24.0,66.0,29.0
India,Haryana,Rohtak,"MD University, Rohtak - HSPCB",11-04-2026 13:00,28.52123,76.37138,NO2,10.0,13.0,11.0
India,Haryana,Rohtak,"MD University, Rohtak - HSPCB",11-04-2026 13:00,28.52123,76.37138,SO2,11.0,13.0,12.0
India,Haryana,Sirsa,"F-Block, Sirsa - HSPCB",11-04-2026 13:00,29.5364,75.0158,PM2.5,41.0,78.0,61.0
India,Haryana,Sirsa,"F-Block, Sirsa - HSPCB",11-04-2026 13:00,29.5364,75.0158,CO,5.0,16.0,11.0
India,Haryana,Yamuna Nagar,"Gobind Pura, Yamuna Nagar - HSPCB",11-04-2026 13:00,30.1480566,77.2893471,NO2,11.0,21.0,15.0
India,Himachal Pradesh,Baddi,"HIMUDA Complex Phase-1, Baddi - HPPCB",11-04-2026 13:00,30.943887,76.801991,PM10,91.0,196.0,127.0
India,Himachal Pradesh,Baddi,"HIMUDA Complex Phase-1, Baddi - HPPCB",11-04-2026 13:00,30.943887,76.801991,NO2,5.0,36.0,18.0
India,Himachal Pradesh,Baddi,"HIMUDA Complex Phase-1, Baddi - HPPCB",11-04-2026 13:00,30.943887,76.801991,NH3,2.0,5.0,3.0
India,Himachal Pradesh,Baddi,"HIMUDA Complex Phase-1, Baddi - HPPCB",11-04-2026 13:00,30.943887,76.801991,CO,38.0,69.0,49.0
India,Haryana,Manesar,"Sector-2 IMT, Manesar - HSPCB",11-04-2026 13:00,28.360699,76.93609,NO2,34.0,43.0,39.0
India,Haryana,Manesar,"Sector-2 IMT, Manesar - HSPCB",11-04-2026 13:00,28.360699,76.93609,SO2,1.0,5.0,3.0
India,Haryana,Palwal,"Shyam Nagar, Palwal - HSPCB",11-04-2026 13:00,28.1485564,77.3320667,OZONE,23.0,25.0,24.0
India,Haryana,Panchgaon,"Amity University, Panchgaon - IITM",11-04-2026 13:00,28.3153,76.9143,PM10,32.0,112.0,81.0
India,Haryana,Panchgaon,"Amity University, Panchgaon - IITM",11-04-2026 13:00,28.3153,76.9143,NO2,5.0,26.0,13.0
India,Haryana,Panchgaon,"Amity University, Panchgaon - IITM",11-04-2026 13:00,28.3153,76.9143,NH3,2.0,4.0,3.0
India,Haryana,Panchgaon,"Amity University, Panchgaon - IITM",11-04-2026 13:00,28.3153,76.9143,SO2,2.0,24.0,11.0
India,Haryana,Panchgaon,"Amity University, Panchgaon - IITM",11-04-2026 13:00,28.3153,76.9143,OZONE,2.0,84.0,44.0
India,Haryana,Panchkula,"Sector-6, Panchkula - HSPCB ",11-04-2026 13:00,30.7057778,76.85318056,NO2,23.0,25.0,24.0
India,Karnataka,Belgaum,"Ramteerth Nagar, Belgaum - KSPCB",11-04-2026 13:00,15.888653,74.541751,NH3,6.0,11.0,10.0
India,Karnataka,Bengaluru,"BTM Layout, Bengaluru - CPCB",11-04-2026 13:00,12.9135218,77.5950804,SO2,0.0,0.0,0.0
India,Karnataka,Bengaluru,"BTM Layout, Bengaluru - CPCB",11-04-2026 13:00,12.9135218,77.5950804,CO,0.0,0.0,0.0
India,Karnataka,Bengaluru,"BTM Layout, Bengaluru - CPCB",11-04-2026 13:00,12.9135218,77.5950804,OZONE,0.0,0.0,0.0
India,Karnataka,Bengaluru,"BWSSB Kadabesanahalli, Bengaluru - CPCB",11-04-2026 13:00,12.9352049,77.6814488,PM2.5,7.0,49.0,34.0
India,Karnataka,Bengaluru,"Bapuji Nagar, Bengaluru - KSPCB",11-04-2026 13:00,12.951913,77.539784,PM2.5,35.0,95.0,56.0
India,Karnataka,Bengaluru,"Hebbal, Bengaluru - KSPCB",11-04-2026 13:00,13.029152,77.585901,NH3,2.0,4.0,3.0
India,Jammu_and_Kashmir,Pampore,"Khrew, Pampore - JKPCC",11-04-2026 13:00,34.031606,75.009712,NO2,10.0,23.0,15.0
India,Jammu_and_Kashmir,Srinagar,"Khunmoh, Srinagar - JKPCC",11-04-2026 13:00,34.06313,74.96017,PM2.5,13.0,30.0,20.0
India,Karnataka,Bagalkot,"Vidayagiri, Bagalkot - KSPCB",11-04-2026 13:00,16.172806,75.659694,PM2.5,34.0,37.0,35.0
India,Karnataka,Bagalkot,"Vidayagiri, Bagalkot - KSPCB",11-04-2026 13:00,16.172806,75.659694,NH3,1.0,1.0,1.0
India,Karnataka,Bagalkot,"Vidayagiri, Bagalkot - KSPCB",11-04-2026 13:00,16.172806,75.659694,CO,4.0,62.0,25.0
India,Karnataka,Bengaluru,"Hebbal, Bengaluru - KSPCB",11-04-2026 13:00,13.029152,77.585901,SO2,1.0,13.0,5.0
India,Karnataka,Bengaluru,"Hebbal, Bengaluru - KSPCB",11-04-2026 13:00,13.029152,77.585901,OZONE,9.0,167.0,167.0
India,Karnataka,Bengaluru,"Hombegowda Nagar, Bengaluru - KSPCB",11-04-2026 13:00,12.938539,77.5901,PM2.5,0.0,0.0,0.0
India,Karnataka,Bengaluru,"Silk Board, Bengaluru - KSPCB",11-04-2026 13:00,12.917348,77.622813,PM10,82.0,136.0,107.0
India,Karnataka,Chamarajanagar,"Urban, Chamarajanagar - KSPCB",11-04-2026 13:00,11.55358,76.55521,CO,12.0,24.0,18.0
India,Haryana,Jind,"Police Lines, Jind - HSPCB",11-04-2026 13:00,29.307814,76.337619,CO,5.0,44.0,23.0
India,Haryana,Kaithal,"Rishi Nagar, Kaithal - HSPCB",11-04-2026 13:00,29.8006,76.4155,PM2.5,33.0,63.0,47.0
India,Haryana,Kurukshetra,"Sector-7, Kurukshetra - HSPCB",11-04-2026 13:00,29.966942,76.875879,SO2,2.0,13.0,7.0
India,Haryana,Kurukshetra,"Sector-7, Kurukshetra - HSPCB",11-04-2026 13:00,29.966942,76.875879,CO,2.0,28.0,17.0
India,Karnataka,Dharwad,"Kalabhavan, Dharwad - KSPCB",11-04-2026 13:00,15.459706,75.008381,SO2,6.0,8.0,7.0
India,Karnataka,Dharwad,"Kalabhavan, Dharwad - KSPCB",11-04-2026 13:00,15.459706,75.008381,OZONE,30.0,34.0,30.0
India,Karnataka,Hubballi,"Lingaraj Nagar, Hubballi - KSPCB",11-04-2026 13:00,15.3714823,75.1160168,PM10,57.0,57.0,57.0
India,Karnataka,Hubballi,"Lingaraj Nagar, Hubballi - KSPCB",11-04-2026 13:00,15.3714823,75.1160168,SO2,2.0,3.0,2.0
India,Karnataka,Kalaburagi,"Mahatma Basaveswar Colony, Kalaburgi - KSPCB",11-04-2026 13:00,17.336318,76.847397,PM2.5,14.0,58.0,43.0
India,Karnataka,Madikeri,"Stuart Hill, Madikeri - KSPCB",11-04-2026 13:00,12.415911,75.73505,SO2,0.0,0.0,0.0
India,Karnataka,Madikeri,"Stuart Hill, Madikeri - KSPCB",11-04-2026 13:00,12.415911,75.73505,CO,12.0,60.0,42.0
India,Karnataka,Mangalore,"Kadri, Mangalore - KSPCB",11-04-2026 13:00,12.88925,74.853,OZONE,6.0,68.0,51.0
India,Karnataka,Mysuru,"Hebbal 1st Stage, Mysuru - KSPCB",11-04-2026 13:00,12.21041,76.37376,PM2.5,14.0,71.0,32.0
India,Madhya Pradesh,Indore,"Residency Area, Indore - IMC",11-04-2026 13:00,22.7084,75.8815,PM2.5,17.0,98.0,56.0
India,Madhya Pradesh,Indore,"Residency Area, Indore - IMC",11-04-2026 13:00,22.7084,75.8815,PM10,34.0,104.0,65.0
India,Madhya Pradesh,Indore,"Residency Area, Indore - IMC",11-04-2026 13:00,22.7084,75.8815,OZONE,4.0,22.0,10.0
India,Madhya Pradesh,Jabalpur,"Govindh Bhavan Colony, Jabalpur - JMC",11-04-2026 13:00,23.163174,79.973061,NH3,2.0,2.0,2.0
India,Madhya Pradesh,Jabalpur,"Govindh Bhavan Colony, Jabalpur - JMC",11-04-2026 13:00,23.163174,79.973061,SO2,1.0,3.0,2.0
India,Madhya Pradesh,Jabalpur,"Govindh Bhavan Colony, Jabalpur - JMC",11-04-2026 13:00,23.163174,79.973061,OZONE,5.0,72.0,22.0
India,Madhya Pradesh,Jabalpur,"Gupteshwar, Jabalpur - JMC",11-04-2026 13:00,23.142888,79.916147,NH3,2.0,2.0,2.0
India,Madhya Pradesh,Jabalpur,"Marhatal, Jabalpur - MPPCB",11-04-2026 13:00,23.168606,79.932247,SO2,13.0,19.0,16.0
India,Kerala,Thiruvananthapuram,"Kariavattom, Thiruvananthapuram - Kerala PCB",11-04-2026 13:00,8.5637,76.8865,PM2.5,10.0,31.0,23.0
India,Kerala,Thiruvananthapuram,"Kariavattom, Thiruvananthapuram - Kerala PCB",11-04-2026 13:00,8.5637,76.8865,NO2,6.0,7.0,6.0
India,Kerala,Thiruvananthapuram,"Kariavattom, Thiruvananthapuram - Kerala PCB",11-04-2026 13:00,8.5637,76.8865,SO2,2.0,29.0,10.0
India,Kerala,Thiruvananthapuram,"Kariavattom, Thiruvananthapuram - Kerala PCB",11-04-2026 13:00,8.5637,76.8865,OZONE,30.0,31.0,31.0
India,Kerala,Thiruvananthapuram,"Plammoodu, Thiruvananthapuram - Kerala PCB",11-04-2026 13:00,8.5149093,76.9435879,NO2,0.0,0.0,0.0
India,Kerala,Thiruvananthapuram,"Plammoodu, Thiruvananthapuram - Kerala PCB",11-04-2026 13:00,8.5149093,76.9435879,OZONE,15.0,26.0,17.0
India,Kerala,Thrissur,"Corporation Ground, Thrissur - Kerala PCB",11-04-2026 13:00,10.5324,76.2159,PM2.5,0.0,0.0,0.0
India,Kerala,Thrissur,"Corporation Ground, Thrissur - Kerala PCB",11-04-2026 13:00,10.5324,76.2159,PM10,0.0,0.0,0.0
India,Madhya Pradesh,Gwalior,"City Center, Gwalior - MPPCB",11-04-2026 13:00,26.203442,78.193251,CO,10.0,101.0,27.0
India,Madhya Pradesh,Gwalior,"Maharaj Bada, Gwalior - MPPCB",11-04-2026 13:00,26.200388,78.147714,PM2.5,18.0,213.0,52.0
India,Madhya Pradesh,Gwalior,"Maharaj Bada, Gwalior - MPPCB",11-04-2026 13:00,26.200388,78.147714,CO,4.0,134.0,51.0
India,Madhya Pradesh,Indore,"Airport Area, Indore - IMC",11-04-2026 13:00,22.7289,75.8076,CO,46.0,88.0,64.0
India,Madhya Pradesh,Indore,"Airport Area, Indore - IMC",11-04-2026 13:00,22.7289,75.8076,OZONE,5.0,22.0,10.0
India,Madhya Pradesh,Indore,"Chhoti Gwaltoli, Indore - MPPCB",11-04-2026 13:00,22.431,75.5213,SO2,6.0,26.0,11.0
India,Karnataka,Chamarajanagar,"Urban, Chamarajanagar - KSPCB",11-04-2026 13:00,11.55358,76.55521,OZONE,13.0,26.0,15.0
India,Karnataka,Chikkaballapur,"Chikkaballapur Rural, Chikkaballapur - KSPCB",11-04-2026 13:00,13.428828,77.731418,PM10,60.0,112.0,84.0
India,Karnataka,Chikkaballapur,"Chikkaballapur Rural, Chikkaballapur - KSPCB",11-04-2026 13:00,13.428828,77.731418,CO,11.0,43.0,41.0
India,Karnataka,Chikkamagaluru,"Kalyana Nagara, Chikkamagaluru - KSPCB",11-04-2026 13:00,13.328028,75.797056,PM2.5,15.0,45.0,30.0
India,Karnataka,Chikkamagaluru,"Kalyana Nagara, Chikkamagaluru - KSPCB",11-04-2026 13:00,13.328028,75.797056,NO2,24.0,31.0,30.0
India,Karnataka,Chikkamagaluru,"Kalyana Nagara, Chikkamagaluru - KSPCB",11-04-2026 13:00,13.328028,75.797056,NH3,3.0,3.0,3.0
India,Karnataka,Udupi,"Brahmagiri, Udupi - KSPCB",11-04-2026 13:00,13.34194444,74.74694444,NH3,2.0,8.0,3.0
India,Karnataka,Vijayapura,"Ibrahimpur, Vijayapura - KSPCB",11-04-2026 13:00,16.802639,75.722694,NH3,4.0,4.0,4.0
India,Karnataka,Vijayapura,"Ibrahimpur, Vijayapura - KSPCB",11-04-2026 13:00,16.802639,75.722694,CO,8.0,38.0,21.0
India,Karnataka,Yadgir,"Collector Office, Yadgir - KSPCB",11-04-2026 13:00,16.7602,77.1428,NO2,8.0,43.0,17.0
India,Karnataka,Yadgir,"Collector Office, Yadgir - KSPCB",11-04-2026 13:00,16.7602,77.1428,NH3,1.0,4.0,1.0
India,Kerala,Kannur,"Thavakkara, Kannur - Kerala PCB",11-04-2026 13:00,11.875,75.3732,PM2.5,62.0,74.0,67.0
India,Kerala,Kannur,"Thavakkara, Kannur - Kerala PCB",11-04-2026 13:00,11.875,75.3732,OZONE,29.0,35.0,32.0
India,Kerala,Kollam,"Polayathode, Kollam - Kerala PCB",11-04-2026 13:00,8.8787,76.6073,PM2.5,41.0,52.0,46.0
India,Kerala,Kollam,"Polayathode, Kollam - Kerala PCB",11-04-2026 13:00,8.8787,76.6073,SO2,2.0,3.0,2.0
India,Madhya Pradesh,Bhopal,"T T Nagar, Bhopal - MPPCB",11-04-2026 13:00,23.233584,77.400574,PM10,64.0,180.0,113.0
India,Madhya Pradesh,Bhopal,"T T Nagar, Bhopal - MPPCB",11-04-2026 13:00,23.233584,77.400574,CO,30.0,87.0,54.0
India,Madhya Pradesh,Damoh,"Shrivastav Colony, Damoh - MPPCB",11-04-2026 13:00,23.81748678,79.446246,CO,12.0,22.0,20.0
India,Karnataka,Shivamogga,"Vinoba Nagara, Shivamogga - KSPCB",11-04-2026 13:00,13.94,75.555917,NH3,2.0,3.0,2.0
India,Karnataka,Tumakuru,"Thimmalapura, Tumakuru - KSPCB",11-04-2026 13:00,13.377516,77.099072,NO2,24.0,24.0,24.0
India,Karnataka,Tumakuru,"Thimmalapura, Tumakuru - KSPCB",11-04-2026 13:00,13.377516,77.099072,OZONE,23.0,23.0,23.0
India,Maharashtra,Kalyan,"Khadakpada, Kalyan - MPCB",11-04-2026 13:00,19.25292,73.142019,NO2,36.0,40.0,37.0
India,Maharashtra,Kalyan,"Khadakpada, Kalyan - MPCB",11-04-2026 13:00,19.25292,73.142019,NH3,1.0,1.0,1.0
India,Maharashtra,Kalyan,"Khadakpada, Kalyan - MPCB",11-04-2026 13:00,19.25292,73.142019,OZONE,8.0,8.0,8.0
India,Maharashtra,Kalyan,"Pimpleshwar Mandir, Kalyan - MPCB",11-04-2026 13:00,19.192056,72.9585188,PM2.5,0.0,0.0,0.0
India,Maharashtra,Kolhapur,"Shivaji University, Kolhapur - MPCB",11-04-2026 13:00,16.6870449,74.2505872,SO2,5.0,8.0,7.0
India,Maharashtra,Kolhapur,"Sinchan Bhavan, Kolhapur - MPCB",11-04-2026 13:00,16.7143745,74.2426398,CO,6.0,41.0,36.0
India,Maharashtra,Latur,"Sawe Wadi, Latur - MPCB",11-04-2026 13:00,18.39963,76.57452,PM2.5,57.0,96.0,76.0
India,Maharashtra,Latur,"Sawe Wadi, Latur - MPCB",11-04-2026 13:00,18.39963,76.57452,CO,6.0,36.0,25.0
India,Maharashtra,Latur,"Sawe Wadi, Latur - MPCB",11-04-2026 13:00,18.39963,76.57452,OZONE,15.0,53.0,36.0
India,Maharashtra,Akola,"Ramdaspeth, Akola - MPCB",11-04-2026 13:00,20.719516,77.000253,NO2,9.0,74.0,29.0
India,Maharashtra,Akola,"Ramdaspeth, Akola - MPCB",11-04-2026 13:00,20.719516,77.000253,NH3,4.0,17.0,8.0
India,Maharashtra,Akola,"Ramdaspeth, Akola - MPCB",11-04-2026 13:00,20.719516,77.000253,OZONE,1.0,132.0,62.0
India,Maharashtra,Ambernath,"Chinchpada, Ambernath - MPCB",11-04-2026 13:00,19.215784,73.199781,PM2.5,0.0,0.0,0.0
India,Maharashtra,Ambernath,"Chinchpada, Ambernath - MPCB",11-04-2026 13:00,19.215784,73.199781,SO2,0.0,0.0,0.0
India,Maharashtra,Amravati,"Shivneri Colony, Amravati - MPCB",11-04-2026 13:00,20.9402359,77.7895248,PM2.5,35.0,71.0,55.0
India,Maharashtra,Amravati,"Shivneri Colony, Amravati - MPCB",11-04-2026 13:00,20.9402359,77.7895248,NO2,6.0,33.0,19.0
India,Maharashtra,Amravati,"Shivneri Colony, Amravati - MPCB",11-04-2026 13:00,20.9402359,77.7895248,NH3,0.0,0.0,0.0
India,Maharashtra,Amravati,"Shri Shivaji Science College, Amravati - MPCB",11-04-2026 13:00,20.939198,77.765701,NO2,6.0,84.0,21.0
India,Maharashtra,Aurangabad,"Rachnakar Colony, Aurangabad - MPCB",11-04-2026 13:00,19.863756,75.321188,PM10,76.0,133.0,102.0
India,Maharashtra,Aurangabad,"Rachnakar Colony, Aurangabad - MPCB",11-04-2026 13:00,19.863756,75.321188,OZONE,10.0,117.0,51.0
India,Maharashtra,Beed,"Bir, Beed - MPCB",11-04-2026 13:00,18.988474,75.753873,SO2,4.0,18.0,10.0
India,Maharashtra,Belapur,"CBD Belapur, Belapur - MPCB",11-04-2026 13:00,19.0243902,73.0406721,SO2,13.0,14.0,13.0
India,Maharashtra,Bhiwandi,"Gokul Nagar, Bhiwandi - MPCB",11-04-2026 13:00,19.309073,73.057223,PM2.5,86.0,187.0,124.0
India,Maharashtra,Boisar,"Khaira, Boisar - MPCB",11-04-2026 13:00,19.786089,72.757971,PM10,67.0,74.0,70.0
India,Maharashtra,Boisar,"Khaira, Boisar - MPCB",11-04-2026 13:00,19.786089,72.757971,SO2,12.0,20.0,16.0
India,Maharashtra,Boisar,"Khaira, Boisar - MPCB",11-04-2026 13:00,19.786089,72.757971,OZONE,25.0,31.0,25.0
India,Maharashtra,Chandrapur,"Chauhan Colony, Chandrapur - MPCB",11-04-2026 13:00,19.9629,79.298714,NH3,1.0,2.0,1.0
India,Maharashtra,Chandrapur,"MIDC Khutala, Chandrapur - MPCB",11-04-2026 13:00,19.9775302,79.2337086,PM10,82.0,179.0,118.0
India,Maharashtra,Dombivli,"Kalu Nagar, Dombivli - MPCB",11-04-2026 13:00,19.2268427,73.0788456,PM2.5,23.0,67.0,42.0
India,Madhya Pradesh,Singrauli,"Suryakiran Bhawan NCL, Singrauli - MPPCB",11-04-2026 13:00,24.10897,82.64558,NO2,15.0,19.0,15.0
India,Madhya Pradesh,Singrauli,"Suryakiran Bhawan NCL, Singrauli - MPPCB",11-04-2026 13:00,24.10897,82.64558,NH3,2.0,3.0,3.0
India,Madhya Pradesh,Singrauli,"Suryakiran Bhawan NCL, Singrauli - MPPCB",11-04-2026 13:00,24.10897,82.64558,OZONE,2.0,5.0,3.0
India,Madhya Pradesh,Ujjain,"Mahashweta Nagar, Ujjain - MPPCB",11-04-2026 13:00,23.1633321,75.800225,NH3,0.0,0.0,0.0
India,Maharashtra,Akola,"Ramdaspeth, Akola - MPCB",11-04-2026 13:00,20.719516,77.000253,PM2.5,58.0,113.0,76.0
India,Madhya Pradesh,Sagar,"Civil Lines, Sagar - MPPCB",11-04-2026 13:00,23.838586,78.759431,NH3,1.0,3.0,2.0
India,Madhya Pradesh,Sagar,"Deen Dayal Nagar, Sagar - MPPCB",11-04-2026 13:00,23.8640158,78.80289321,PM2.5,9.0,194.0,36.0
India,Madhya Pradesh,Satna,"Bandhavgar Colony, Satna - Birla Cement",11-04-2026 13:00,24.58434363,80.8549414,SO2,18.0,21.0,20.0
India,Madhya Pradesh,Jabalpur,"Marhatal, Jabalpur - MPPCB",11-04-2026 13:00,23.168606,79.932247,OZONE,47.0,79.0,50.0
India,Madhya Pradesh,Jabalpur,"Suhagi, Jabalpur - JMC",11-04-2026 13:00,23.218135,79.95777,PM10,22.0,149.0,76.0
India,Madhya Pradesh,Ratlam,"Shasthri Nagar, Ratlam - IPCA Lab",11-04-2026 13:00,23.331731,75.045981,NO2,14.0,61.0,31.0
India,Maharashtra,Hingoli,"Ashta Vinayak Nagar, Hingoli - MPCB",11-04-2026 13:00,19.710842,77.151824,OZONE,29.0,275.0,275.0
India,Maharashtra,Mahad,"Kamble Tarf Birwadi, Mahad - MPCB",11-04-2026 13:00,18.1023399,73.4783687,PM10,92.0,130.0,112.0
India,Maharashtra,Mumbai,"Malad West, Mumbai - IITM",11-04-2026 13:00,19.19709,72.82204,PM10,94.0,135.0,118.0
India,Maharashtra,Mumbai,"Malad West, Mumbai - IITM",11-04-2026 13:00,19.19709,72.82204,NH3,4.0,9.0,6.0
India,Maharashtra,Mumbai,"Mazgaon, Mumbai - IITM",11-04-2026 13:00,18.96702,72.84214,PM2.5,61.0,128.0,95.0
India,Maharashtra,Mumbai,"Mazgaon, Mumbai - IITM",11-04-2026 13:00,18.96702,72.84214,NO2,24.0,104.0,54.0
India,Maharashtra,Mumbai,"Mazgaon, Mumbai - IITM",11-04-2026 13:00,18.96702,72.84214,SO2,3.0,8.0,5.0
India,Maharashtra,Mumbai,"Mindspace-Malad West, Mumbai - MPCB",11-04-2026 13:00,19.1878657,72.8304069,OZONE,49.0,52.0,50.0
India,Maharashtra,Mumbai,"Mulund West, Mumbai - MPCB",11-04-2026 13:00,19.175,72.9419,SO2,0.0,0.0,0.0
India,Maharashtra,Mumbai,"Navy Nagar-Colaba, Mumbai - IITM",11-04-2026 13:00,18.897756,72.81332,CO,19.0,36.0,30.0
India,Maharashtra,Mumbai,"Chhatrapati Shivaji Intl. Airport (T2), Mumbai - MPCB",11-04-2026 13:00,19.10078,72.87462,SO2,7.0,8.0,7.0
India,Maharashtra,Mumbai,"Colaba, Mumbai - MPCB",11-04-2026 13:00,18.91,72.82,PM2.5,19.0,53.0,35.0
India,Maharashtra,Mumbai,"Colaba, Mumbai - MPCB",11-04-2026 13:00,18.91,72.82,NO2,28.0,28.0,28.0
India,Maharashtra,Mumbai,"Colaba, Mumbai - MPCB",11-04-2026 13:00,18.91,72.82,SO2,0.0,0.0,0.0
India,Maharashtra,Mumbai,"Ghatkopar, Mumbai - BMC",11-04-2026 13:00,19.083694,72.920967,PM2.5,75.0,153.0,104.0
India,Maharashtra,Mumbai,"Ghatkopar, Mumbai - BMC",11-04-2026 13:00,19.083694,72.920967,NH3,4.0,24.0,10.0
India,Maharashtra,Mumbai,"Ghatkopar, Mumbai - BMC",11-04-2026 13:00,19.083694,72.920967,OZONE,3.0,62.0,36.0
India,Maharashtra,Mumbai,"Kandivali East, Mumbai - MPCB",11-04-2026 13:00,19.2058,72.8682,NH3,4.0,4.0,4.0
India,Maharashtra,Mumbai,"Kandivali East, Mumbai - MPCB",11-04-2026 13:00,19.2058,72.8682,CO,32.0,34.0,34.0
India,Maharashtra,Mumbai,"Kandivali West, Mumbai - BMC",11-04-2026 13:00,19.215859,72.831718,PM2.5,49.0,74.0,61.0
India,Maharashtra,Mumbai,"Kherwadi_Bandra East, Mumbai - MPCB",11-04-2026 13:00,19.0632143,72.8456324,NO2,1.0,29.0,10.0
India,Maharashtra,Mumbai,"Khindipada-Bhandup West, Mumbai - IITM",11-04-2026 13:00,19.1653323,72.922099,PM2.5,46.0,99.0,75.0
India,Maharashtra,Mumbai,"Khindipada-Bhandup West, Mumbai - IITM",11-04-2026 13:00,19.1653323,72.922099,CO,22.0,36.0,28.0
India,Maharashtra,Mumbai,"Kurla, Mumbai - MPCB",11-04-2026 13:00,19.0863,72.8888,NH3,1.0,2.0,2.0
India,Maharashtra,Mumbai,"Kurla, Mumbai - MPCB",11-04-2026 13:00,19.0863,72.8888,CO,8.0,23.0,14.0
India,Maharashtra,Mumbai,"Powai, Mumbai - MPCB",11-04-2026 13:00,19.1375,72.915056,PM10,66.0,99.0,87.0
India,Maharashtra,Mumbai,"Shivaji Nagar, Mumbai - BMC",11-04-2026 13:00,19.060498,72.923356,PM2.5,51.0,83.0,67.0
India,Maharashtra,Mumbai,"Shivaji Nagar, Mumbai - BMC",11-04-2026 13:00,19.060498,72.923356,PM10,81.0,145.0,116.0
India,Maharashtra,Mumbai,"Shivaji Nagar, Mumbai - BMC",11-04-2026 13:00,19.060498,72.923356,NO2,12.0,38.0,20.0
India,Maharashtra,Mumbai,"Shivaji Nagar, Mumbai - BMC",11-04-2026 13:00,19.060498,72.923356,NH3,3.0,9.0,5.0
India,Maharashtra,Mumbai,"Siddharth Nagar-Worli, Mumbai - IITM",11-04-2026 13:00,19.000083,72.813993,NO2,28.0,40.0,32.0
India,Maharashtra,Mumbai,"Bandra Kurla Complex, Mumbai - MPCB",11-04-2026 13:00,19.065931,72.862131,SO2,2.0,5.0,3.0
India,Maharashtra,Mumbai,"Borivali East, Mumbai - MPCB",11-04-2026 13:00,19.2243333,72.8658113,NH3,1.0,7.0,3.0
India,Maharashtra,Mumbai,"Byculla, Mumbai - BMC",11-04-2026 13:00,18.9767,72.838,NO2,12.0,51.0,22.0
India,Maharashtra,Mumbai,"Chakala-Andheri East, Mumbai - IITM",11-04-2026 13:00,19.11074,72.86084,SO2,0.0,0.0,0.0
India,Maharashtra,Mumbai,"Chakala-Andheri East, Mumbai - IITM",11-04-2026 13:00,19.11074,72.86084,OZONE,6.0,71.0,60.0
India,Maharashtra,Malegaon,"Mahesh Nagar, Malegaon - MPCB",11-04-2026 13:00,20.555712,74.529236,NO2,10.0,93.0,40.0
India,Maharashtra,Malegaon,"Mahesh Nagar, Malegaon - MPCB",11-04-2026 13:00,20.555712,74.529236,NH3,0.0,0.0,0.0
India,Maharashtra,Malegaon,"Mahesh Nagar, Malegaon - MPCB",11-04-2026 13:00,20.555712,74.529236,SO2,0.0,0.0,0.0
India,Maharashtra,Mumbai,"Vile Parle West, Mumbai - MPCB",11-04-2026 13:00,19.10861,72.83622,PM2.5,45.0,85.0,66.0
India,Maharashtra,Mumbai,"Vile Parle West, Mumbai - MPCB",11-04-2026 13:00,19.10861,72.83622,NH3,6.0,6.0,6.0
India,Maharashtra,Mira-Bhayandar,"Bhayandar West, Mira-Bhayandar - MPCB",11-04-2026 13:00,19.296481,72.840923,OZONE,1.0,56.0,15.0
India,Maharashtra,Mumbai,"Worli, Mumbai -MPCB",11-04-2026 13:00,18.994218,72.8158167,PM10,29.0,309.0,124.0
India,Maharashtra,Pimpri-Chinchwad,"Savta Mali Nagar, Pimpri-Chinchwad - IITM",11-04-2026 13:00,18.614767,73.799516,PM2.5,46.0,163.0,101.0
India,Maharashtra,Pimpri-Chinchwad,"Thergaon, Pimpri Chinchwad - MPCB",11-04-2026 13:00,18.616318,73.765797,PM10,114.0,207.0,149.0
India,Maharashtra,Pimpri-Chinchwad,"Thergaon, Pimpri Chinchwad - MPCB",11-04-2026 13:00,18.616318,73.765797,SO2,1.0,3.0,1.0
India,Maharashtra,Pimpri-Chinchwad,"Thergaon, Pimpri Chinchwad - MPCB",11-04-2026 13:00,18.616318,73.765797,CO,14.0,74.0,46.0
India,Maharashtra,Pimpri-Chinchwad,"Transport Nagar-Nigdi, Pune - IITM",11-04-2026 13:00,18.664282,73.763966,NO2,20.0,59.0,37.0
India,Maharashtra,Pimpri-Chinchwad,"Transport Nagar-Nigdi, Pune - IITM",11-04-2026 13:00,18.664282,73.763966,OZONE,4.0,37.0,16.0
India,Maharashtra,Pune,"Hadapsar, Pune - IITM",11-04-2026 13:00,18.501793,73.927532,PM10,0.0,0.0,0.0
India,Maharashtra,Pune,"Hadapsar, Pune - IITM",11-04-2026 13:00,18.501793,73.927532,OZONE,0.0,0.0,0.0
India,Maharashtra,Pune,"Katraj Dairy, Pune - MPCB",11-04-2026 13:00,18.45445,73.854155,PM10,69.0,96.0,84.0
India,Maharashtra,Nashik,"MIDC Ambad, Nashik - MPCB",11-04-2026 13:00,19.95022,73.73148,OZONE,15.0,89.0,54.0
India,Maharashtra,Nashik,"Pandav Nagari, Nashik - MPCB",11-04-2026 13:00,19.9591346,73.7788008,PM2.5,81.0,202.0,129.0
India,Maharashtra,Nashik,"Pandav Nagari, Nashik - MPCB",11-04-2026 13:00,19.9591346,73.7788008,PM10,100.0,214.0,124.0
India,Maharashtra,Navi Mumbai,"Mahape, Navi Mumbai - MPCB",11-04-2026 13:00,19.1135051,73.008978,NO2,58.0,60.0,59.0
India,Maharashtra,Navi Mumbai,"Mahape, Navi Mumbai - MPCB",11-04-2026 13:00,19.1135051,73.008978,OZONE,6.0,14.0,10.0
India,Maharashtra,Navi Mumbai,"Sanpada, Navi Mumbai - MPCB",11-04-2026 13:00,19.0575752,73.0151367,PM2.5,45.0,86.0,74.0
India,Maharashtra,Navi Mumbai,"Sector-2E Kalamboli, Navi Mumbai - MPCB",11-04-2026 13:00,19.02579,73.10297,SO2,1.0,9.0,5.0
India,Maharashtra,Pune,"Savitribai Phule Pune University, Pune - MPCB",11-04-2026 13:00,18.547056,73.826908,CO,14.0,82.0,43.0
India,Maharashtra,Sangli,"Vijay Nagar, Sangli - MPCB",11-04-2026 13:00,16.5038,74.3623,SO2,22.0,41.0,26.0
India,Maharashtra,Solapur,"Dnyaneshwar Nagar, Solapur - MPCB",11-04-2026 13:00,17.6336264,75.9132495,PM2.5,38.0,160.0,66.0
India,Maharashtra,Solapur,"Dnyaneshwar Nagar, Solapur - MPCB",11-04-2026 13:00,17.6336264,75.9132495,NH3,8.0,29.0,14.0
India,Maharashtra,Solapur,"Ratandeep Housing Society, Solapur - MPCB",11-04-2026 13:00,17.65439,75.90649,PM10,105.0,139.0,119.0
India,Maharashtra,Solapur,"Ratandeep Housing Society, Solapur - MPCB",11-04-2026 13:00,17.65439,75.90649,CO,20.0,90.0,40.0
India,Maharashtra,Nanded,"Sneh Nagar, Nanded - MPCB",11-04-2026 13:00,19.173852,77.296291,CO,18.0,27.0,22.0
India,Maharashtra,Nanded,"Sneh Nagar, Nanded - MPCB",11-04-2026 13:00,19.173852,77.296291,OZONE,22.0,221.0,216.0
India,Maharashtra,Nashik,"Gangapur Road, Nashik - MPCB",11-04-2026 13:00,20.0073285,73.7762427,OZONE,9.0,29.0,29.0
India,Maharashtra,Nashik,"Hirawadi, Nashik - MPCB",11-04-2026 13:00,20.021503,73.813844,PM2.5,75.0,184.0,112.0
India,Maharashtra,Nashik,"Hirawadi, Nashik - MPCB",11-04-2026 13:00,20.021503,73.813844,OZONE,12.0,86.0,45.0
India,Maharashtra,Nashik,"MIDC Ambad, Nashik - MPCB",11-04-2026 13:00,19.95022,73.73148,PM10,83.0,137.0,119.0
India,Maharashtra,Nashik,"MIDC Ambad, Nashik - MPCB",11-04-2026 13:00,19.95022,73.73148,SO2,7.0,78.0,18.0
India,Maharashtra,Navi Mumbai,"Tondare-Taloja, Navi Mumbai - MPCB",11-04-2026 13:00,19.063,73.1209,CO,5.0,30.0,21.0
India,Maharashtra,Parbhani,"Masoom Colony, Parbhani - MPCB",11-04-2026 13:00,19.265594,76.761463,PM10,81.0,183.0,109.0
India,Maharashtra,Pimpri-Chinchwad,"Bhosari, Pune - IITM",11-04-2026 13:00,18.640051,73.848956,PM10,84.0,154.0,124.0
India,Maharashtra,Pimpri-Chinchwad,"Bhosari, Pune - IITM",11-04-2026 13:00,18.640051,73.848956,NO2,4.0,18.0,11.0
India,Maharashtra,Pimpri-Chinchwad,"Bhosari, Pune - IITM",11-04-2026 13:00,18.640051,73.848956,CO,2.0,102.0,2.0
India,Maharashtra,Pimpri-Chinchwad,"Bhumkar Nagar, Pune - IITM",11-04-2026 13:00,18.60577,73.749976,OZONE,11.0,97.0,41.0
India,Maharashtra,Mumbai,"Worli, Mumbai -MPCB",11-04-2026 13:00,18.994218,72.8158167,OZONE,33.0,53.0,40.0
India,Maharashtra,Nagpur,"Ambazari, Nagpur - MPCB",11-04-2026 13:00,21.121801,79.04952,OZONE,21.0,107.0,71.0
India,Maharashtra,Nagpur,"Mahal, Nagpur - MPCB",11-04-2026 13:00,21.14472,79.107595,SO2,15.0,104.0,70.0
India,Maharashtra,Nagpur,"Mahal, Nagpur - MPCB",11-04-2026 13:00,21.14472,79.107595,CO,22.0,121.0,34.0
India,Maharashtra,Nagpur,"Mahal, Nagpur - MPCB",11-04-2026 13:00,21.14472,79.107595,OZONE,20.0,61.0,26.0
India,Maharashtra,Nagpur,"Ram Nagar, Nagpur - MPCB",11-04-2026 13:00,21.143383,79.048912,PM2.5,47.0,80.0,62.0
India,Maharashtra,Nagpur,"Ram Nagar, Nagpur - MPCB",11-04-2026 13:00,21.143383,79.048912,CO,12.0,62.0,33.0
India,Maharashtra,Nanded,"Sneh Nagar, Nanded - MPCB",11-04-2026 13:00,19.173852,77.296291,PM2.5,50.0,110.0,77.0
India,Maharashtra,Pune,"Revenue Colony-Shivajinagar, Pune - IITM",11-04-2026 13:00,18.530085,73.849598,CO,27.0,96.0,51.0
India,Maharashtra,Pune,"Savitribai Phule Pune University, Pune - MPCB",11-04-2026 13:00,18.547056,73.826908,PM10,86.0,135.0,115.0
India,Maharashtra,Pune,"Katraj Dairy, Pune - MPCB",11-04-2026 13:00,18.45445,73.854155,CO,18.0,94.0,31.0
India,Maharashtra,Pune,"Panchawati_Pashan, Pune - IITM",11-04-2026 13:00,18.536457,73.805454,CO,17.0,92.0,68.0
India,Odisha,Bhubaneswar,"Patia, Bhubaneswar - OSPCB",11-04-2026 13:00,20.34652,85.8163,SO2,4.0,8.0,6.0
India,Odisha,Bhubaneswar,"Patia, Bhubaneswar - OSPCB",11-04-2026 13:00,20.34652,85.8163,CO,58.0,78.0,76.0
India,Odisha,Bileipada,"Tata Township, Bileipada - OSPCB",11-04-2026 13:00,22.06156703,85.47409613,PM2.5,54.0,189.0,87.0
India,Odisha,Bileipada,"Tata Township, Bileipada - OSPCB",11-04-2026 13:00,22.06156703,85.47409613,PM10,106.0,308.0,183.0
India,Odisha,Bileipada,"Tata Township, Bileipada - OSPCB",11-04-2026 13:00,22.06156703,85.47409613,NO2,15.0,18.0,16.0
India,Odisha,Brajrajnagar,"GM Office, Brajrajnagar - OSPCB",11-04-2026 13:00,21.8004996,83.8396977,NH3,5.0,6.0,6.0
India,Odisha,Byasanagar,"Ferro Chrome Colony, Byasanagar - OSPCB",11-04-2026 13:00,20.94185,86.1151,NH3,3.0,4.0,3.0
India,Odisha,Cuttack,"CDA Area, Cuttack - OSPCB",11-04-2026 13:00,20.48891,85.84768,PM2.5,22.0,78.0,51.0
India,Odisha,Cuttack,"CDA Area, Cuttack - OSPCB",11-04-2026 13:00,20.48891,85.84768,SO2,5.0,12.0,8.0
India,Punjab,Rupnagar,"Ratanpura, Rupnagar - Ambuja Cements",11-04-2026 13:00,31.0325454,76.5623046,NO2,9.0,44.0,26.0
India,Rajasthan,Ajmer,"Civil Lines,  Ajmer - RSPCB",11-04-2026 13:00,26.470859,74.646594,PM2.5,47.0,91.0,61.0
India,Rajasthan,Ajmer,"Civil Lines,  Ajmer - RSPCB",11-04-2026 13:00,26.470859,74.646594,PM10,67.0,140.0,97.0
India,Rajasthan,Ajmer,"Civil Lines,  Ajmer - RSPCB",11-04-2026 13:00,26.470859,74.646594,OZONE,7.0,67.0,23.0
India,Rajasthan,Alwar,"Moti Doongri, Alwar - RSPCB",11-04-2026 13:00,27.554793,76.611536,PM10,32.0,106.0,86.0
India,Rajasthan,Alwar,"Moti Doongri, Alwar - RSPCB",11-04-2026 13:00,27.554793,76.611536,NO2,37.0,89.0,63.0
India,Rajasthan,Alwar,"Moti Doongri, Alwar - RSPCB",11-04-2026 13:00,27.554793,76.611536,CO,14.0,58.0,33.0
India,Rajasthan,Alwar,"Moti Doongri, Alwar - RSPCB",11-04-2026 13:00,27.554793,76.611536,OZONE,1.0,118.0,36.0
India,Rajasthan,Baran,"Bamboliya, Baran - RSPCB",11-04-2026 13:00,25.106006,76.469948,SO2,2.0,38.0,10.0
India,Odisha,Rourkela,"Fertilizer Township, Rourkela - OSPCB",11-04-2026 13:00,22.18972222,84.86277778,PM2.5,38.0,57.0,44.0
India,Odisha,Rourkela,"Raghunathpali, Rourkela - OSPCB",11-04-2026 13:00,22.220833,84.809444,PM10,63.0,336.0,140.0
India,Odisha,Rourkela,"Raghunathpali, Rourkela - OSPCB",11-04-2026 13:00,22.220833,84.809444,NH3,1.0,2.0,1.0
India,Odisha,Rourkela,"Raghunathpali, Rourkela - OSPCB",11-04-2026 13:00,22.220833,84.809444,SO2,4.0,6.0,5.0
India,Odisha,Rourkela,"Raghunathpali, Rourkela - OSPCB",11-04-2026 13:00,22.220833,84.809444,CO,6.0,112.0,79.0
India,Odisha,Rourkela,"Raghunathpali, Rourkela - OSPCB",11-04-2026 13:00,22.220833,84.809444,OZONE,25.0,31.0,26.0
India,Odisha,Rourkela,"Sector-2, Rourkela - OSPCB",11-04-2026 13:00,22.245,84.88111111,PM10,34.0,34.0,34.0
India,Odisha,Rourkela,"Sector-2, Rourkela - OSPCB",11-04-2026 13:00,22.245,84.88111111,CO,32.0,32.0,32.0
India,Odisha,Suakati,"OMC Colony, Suakati - OSPCB",11-04-2026 13:00,21.606865,85.510538,PM10,59.0,99.0,82.0
India,Maharashtra,Virar,"Bolinj, Virar - MPCB",11-04-2026 13:00,19.445821,72.7988231,NO2,11.0,65.0,33.0
India,Maharashtra,Virar,"Bolinj, Virar - MPCB",11-04-2026 13:00,19.445821,72.7988231,CO,12.0,115.0,52.0
India,Meghalaya,Byrnihat,"15th Mile-Nongthymmai, Byrnihat - Meghalaya PCB",11-04-2026 13:00,26.05374,91.86796,PM2.5,1.0,76.0,30.0
India,Meghalaya,Shillong,"JN Stadium, Shillong - Meghalaya PCB",11-04-2026 13:00,25.5803419,91.8942571,PM10,17.0,54.0,35.0
India,Meghalaya,Shillong,"JN Stadium, Shillong - Meghalaya PCB",11-04-2026 13:00,25.5803419,91.8942571,NO2,15.0,59.0,41.0
India,Meghalaya,Shillong,"Lumpyngngad, Shillong - Meghalaya PCB",11-04-2026 13:00,25.5586,91.8985,SO2,9.0,11.0,10.0
India,Mizoram,Aizawl,"Sikulpuikawn, Aizawl - Mizoram PCB",11-04-2026 13:00,23.7176342,92.7192841,NO2,1.0,1.0,1.0
India,Punjab,Jalandhar,"Civil Line, Jalandhar - PPCB",11-04-2026 13:00,31.321907,75.578914,OZONE,43.0,47.0,45.0
India,Punjab,Khanna,"Kalal Majra, Khanna - PPCB",11-04-2026 13:00,30.736056,76.209694,OZONE,19.0,41.0,30.0
India,Punjab,Ludhiana,"Punjab Agricultural University, Ludhiana - PPCB",11-04-2026 13:00,30.9028,75.8086,OZONE,31.0,50.0,41.0
India,Punjab,Mandi Gobindgarh,"RIMT University, Mandi Gobindgarh - PPCB",11-04-2026 13:00,30.649961,76.331442,PM2.5,0.0,0.0,0.0
India,Punjab,Mandi Gobindgarh,"RIMT University, Mandi Gobindgarh - PPCB",11-04-2026 13:00,30.649961,76.331442,SO2,0.0,0.0,0.0
India,Punjab,Patiala,"Model Town, Patiala - PPCB",11-04-2026 13:00,30.349388,76.366642,NH3,5.0,7.0,6.0
India,Odisha,Tensa,"Barsua Iron Ore Mines, Tensa - OSPCB",11-04-2026 13:00,21.869985,85.167016,SO2,2.0,42.0,22.0
India,Puducherry,Puducherry,"Jawahar Nagar, Puducherry - PPCC",11-04-2026 13:00,11.9309,79.8027,NO2,2.0,23.0,8.0
India,Punjab,Amritsar,"Golden Temple, Amritsar - PPCB",11-04-2026 13:00,31.62,74.876512,CO,26.0,51.0,34.0
India,Punjab,Bathinda,"Hardev Nagar, Bathinda - PPCB",11-04-2026 13:00,30.233011,74.907758,PM2.5,6.0,50.0,25.0
India,Punjab,Bathinda,"Hardev Nagar, Bathinda - PPCB",11-04-2026 13:00,30.233011,74.907758,PM10,31.0,72.0,49.0
India,Maharashtra,Thane,"Upvan Fort, Thane - MPCB",11-04-2026 13:00,19.222279,72.957979,NO2,0.0,0.0,0.0
India,Maharashtra,Ulhasnagar,"Sidhi Vinayak Nagar, Ulhasnagar - MPCB",11-04-2026 13:00,19.235581,73.159121,PM2.5,81.0,184.0,108.0
India,Maharashtra,Ulhasnagar,"Sidhi Vinayak Nagar, Ulhasnagar - MPCB",11-04-2026 13:00,19.235581,73.159121,PM10,104.0,158.0,123.0
India,Maharashtra,Ulhasnagar,"Sidhi Vinayak Nagar, Ulhasnagar - MPCB",11-04-2026 13:00,19.235581,73.159121,NH3,3.0,7.0,5.0
India,Maharashtra,Ulhasnagar,"Sidhi Vinayak Nagar, Ulhasnagar - MPCB",11-04-2026 13:00,19.235581,73.159121,SO2,9.0,22.0,13.0
India,Odisha,Keonjhar,"Jagamohanpur, Keonjhar - OSPCB",11-04-2026 13:00,21.6439,85.599355,NO2,13.0,17.0,15.0
India,Odisha,Nayagarh,"Dabuna, Nayagarh - OSPCB",11-04-2026 13:00,21.847279,85.416905,PM10,14.0,233.0,125.0
India,Odisha,Rairangpur,"Divisional Forest Office, Rairangpur - OSPCB",11-04-2026 13:00,22.265816,86.174829,CO,15.0,62.0,20.0
India,Odisha,Rairangpur,"Divisional Forest Office, Rairangpur - OSPCB",11-04-2026 13:00,22.265816,86.174829,OZONE,7.0,50.0,24.0
India,Nagaland,Kohima,"PWD Junction, Kohima - NPCB",11-04-2026 13:00,25.6635413,94.0989878,OZONE,1.0,4.0,1.0
India,Odisha,Barbil,"Forest Office, Barbil - OSPCB",11-04-2026 13:00,22.1166054,85.3945546,NH3,1.0,1.0,1.0
India,Odisha,Bhubaneswar,"Lingraj Mandir, Bhubaneswar - OSPCB",11-04-2026 13:00,20.24079,85.836784,PM2.5,19.0,109.0,59.0
India,Rajasthan,Jhunjhunu,"Indra Nagar, Jhunjhunu - RSPCB",11-04-2026 13:00,28.108988,75.386577,SO2,4.0,20.0,8.0
India,Rajasthan,Jhunjhunu,"Indra Nagar, Jhunjhunu - RSPCB",11-04-2026 13:00,28.108988,75.386577,OZONE,20.0,126.0,84.0
India,Rajasthan,Jodhpur,"Collectorate, Jodhpur - RSPCB",11-04-2026 13:00,26.268249,73.0193853,PM10,50.0,500.0,139.0
India,Rajasthan,Jodhpur,"Collectorate, Jodhpur - RSPCB",11-04-2026 13:00,26.268249,73.0193853,NO2,18.0,32.0,22.0
India,Rajasthan,Jodhpur,"Collectorate, Jodhpur - RSPCB",11-04-2026 13:00,26.268249,73.0193853,CO,5.0,106.0,27.0
India,Rajasthan,Jodhpur,"Jhalamand, Jodhpur - RSPCB",11-04-2026 13:00,26.215415,73.070156,SO2,2.0,14.0,5.0
India,Rajasthan,Jodhpur,"Mandor, Jodhpur - RSPCB",11-04-2026 13:00,26.358805,73.047444,PM10,35.0,134.0,79.0
India,Rajasthan,Jodhpur,"Samrat Ashok Udhyan, Jodhpur - RSPCB",11-04-2026 13:00,26.253384,72.976571,PM2.5,40.0,200.0,66.0
India,Rajasthan,Barmer,"Railway Colony, Barmer - RSPCB",11-04-2026 13:00,25.747299,71.393989,CO,8.0,62.0,19.0
India,Rajasthan,Bharatpur,"Krishna Nagar, Bharatpur - RSPCB",11-04-2026 13:00,27.215415,77.50873,PM2.5,12.0,54.0,26.0
India,Rajasthan,Bharatpur,"Krishna Nagar, Bharatpur - RSPCB",11-04-2026 13:00,27.215415,77.50873,SO2,3.0,16.0,8.0
India,Rajasthan,Bharatpur,"Krishna Nagar, Bharatpur - RSPCB",11-04-2026 13:00,27.215415,77.50873,OZONE,38.0,152.0,105.0
India,Rajasthan,Bhilwara,"Pratap Nagar, Bhilwara - RSPCB",11-04-2026 13:00,25.339605,74.618883,NO2,21.0,90.0,52.0
India,Rajasthan,Bhilwara,"Pratap Nagar, Bhilwara - RSPCB",11-04-2026 13:00,25.339605,74.618883,CO,24.0,110.0,56.0
India,Rajasthan,Bhiwadi,"RIICO Ind. Area III, Bhiwadi - RSPCB",11-04-2026 13:00,28.194909,76.862296,CO,2.0,59.0,32.0
India,Rajasthan,Jaisalmer,"Sadar Bazar, Jaisalmer - RSPCB",11-04-2026 13:00,26.912329,70.909168,SO2,3.0,8.0,5.0
India,Rajasthan,Jalore,"Mudtra Sili, Jalore - RSPCB",11-04-2026 13:00,25.344694,72.626208,PM10,66.0,408.0,128.0
India,Rajasthan,Jalore,"Mudtra Sili, Jalore - RSPCB",11-04-2026 13:00,25.344694,72.626208,NH3,0.0,0.0,0.0
India,Rajasthan,Jalore,"Mudtra Sili, Jalore - RSPCB",11-04-2026 13:00,25.344694,72.626208,SO2,2.0,5.0,4.0
India,Rajasthan,Jalore,"Mudtra Sili, Jalore - RSPCB",11-04-2026 13:00,25.344694,72.626208,CO,17.0,117.0,28.0
India,Rajasthan,Jaipur,"Adarsh Nagar, Jaipur - RSPCB",11-04-2026 13:00,26.902909,75.836858,OZONE,10.0,133.0,60.0
India,Rajasthan,Jaipur,"Mansarovar Sector-12, Jaipur - RSPCB",11-04-2026 13:00,26.843698,75.766894,PM10,72.0,271.0,149.0
India,Rajasthan,Jaipur,"Mansarovar Sector-12, Jaipur - RSPCB",11-04-2026 13:00,26.843698,75.766894,NH3,9.0,23.0,17.0
India,Rajasthan,Jaipur,"Sector-2 Murlipura, Jaipur - RSPCB",11-04-2026 13:00,26.960669,75.771817,PM2.5,47.0,352.0,139.0
India,Rajasthan,Chittorgarh,"Shastri Nagar, Chittorgarh - RSPCB",11-04-2026 13:00,24.892047,74.623527,CO,6.0,32.0,20.0
India,Rajasthan,Churu,"Subash Chowk, Churu - RSPCB",11-04-2026 13:00,28.296139,74.961696,OZONE,28.0,169.0,94.0
India,Rajasthan,Dausa,"Khatikan Mohalla, Dausa - RSPCB",11-04-2026 13:00,26.895552,76.334753,PM2.5,8.0,177.0,64.0
India,Rajasthan,Kota,"Dhanmandi, Kota - RSPCB",11-04-2026 13:00,25.16409,75.858137,PM10,57.0,186.0,102.0
India,Rajasthan,Kota,"Nayapura, Kota - RSPCB",11-04-2026 13:00,25.196024,75.855668,PM2.5,10.0,117.0,47.0
India,Rajasthan,Karauli,"Satyawati Vihar, Karauli - RSPCB",11-04-2026 13:00,26.506177,77.025989,PM2.5,17.0,301.0,69.0
India,Rajasthan,Karauli,"Satyawati Vihar, Karauli - RSPCB",11-04-2026 13:00,26.506177,77.025989,NO2,8.0,43.0,22.0
India,Rajasthan,Hanumangarh,"Housing Board, Hanumangarh - RSPCB",11-04-2026 13:00,29.61075,74.283608,NH3,4.0,10.0,6.0
India,Rajasthan,Jaipur,"Adarsh Nagar, Jaipur - RSPCB",11-04-2026 13:00,26.902909,75.836858,NH3,6.0,32.0,13.0
India,TamilNadu,Madurai,"Uchapatti, Madurai - TNPCB",11-04-2026 13:00,9.865935,78.022669,CO,27.0,28.0,28.0
India,TamilNadu,Madurai,"Uchapatti, Madurai - TNPCB",11-04-2026 13:00,9.865935,78.022669,OZONE,1.0,1.0,1.0
India,TamilNadu,Ooty,"Bombay Castel, Ooty - TNPCB",11-04-2026 13:00,11.4068288,76.7138973,PM2.5,51.0,89.0,66.0
India,TamilNadu,Ooty,"Bombay Castel, Ooty - TNPCB",11-04-2026 13:00,11.4068288,76.7138973,PM10,49.0,113.0,78.0
India,TamilNadu,Ooty,"Bombay Castel, Ooty - TNPCB",11-04-2026 13:00,11.4068288,76.7138973,OZONE,4.0,6.0,6.0
India,TamilNadu,Perundurai,"SIPCOT Industrial Park, Perundurai - TNPCB",11-04-2026 13:00,11.258242,77.552761,NH3,3.0,7.0,4.0
India,TamilNadu,Perundurai,"SIPCOT Industrial Park, Perundurai - TNPCB",11-04-2026 13:00,11.258242,77.552761,CO,40.0,46.0,45.0
India,TamilNadu,Thoothukudi,"Meelavittan, Thoothukudi - TNPCB",11-04-2026 13:00,8.816428,78.099039,NO2,11.0,23.0,14.0
India,TamilNadu,Tirupur,"Kumaran College, Tirupur - TNPCB",11-04-2026 13:00,11.0973603,77.3228673,PM2.5,0.0,0.0,0.0
India,TamilNadu,Tirupur,"Kumaran College, Tirupur - TNPCB",11-04-2026 13:00,11.0973603,77.3228673,NO2,0.0,0.0,0.0
India,Telangana,Hyderabad,"Central University, Hyderabad - TSPCB",11-04-2026 13:00,17.460103,78.334361,PM2.5,17.0,35.0,26.0
India,Telangana,Hyderabad,"Central University, Hyderabad - TSPCB",11-04-2026 13:00,17.460103,78.334361,NO2,17.0,50.0,31.0
India,Telangana,Hyderabad,"Central University, Hyderabad - TSPCB",11-04-2026 13:00,17.460103,78.334361,CO,16.0,59.0,24.0
India,Rajasthan,Nagaur,"Karni Colony, Nagaur - RSPCB",11-04-2026 13:00,27.213494,73.734444,NO2,8.0,98.0,32.0
India,Rajasthan,Nagaur,"Karni Colony, Nagaur - RSPCB",11-04-2026 13:00,27.213494,73.734444,SO2,1.0,7.0,4.0
India,Rajasthan,Pali,"Indira Colony Vistar, Pali - RSPCB",11-04-2026 13:00,25.771061,73.340227,PM10,0.0,0.0,0.0
India,Rajasthan,Pali,"Indira Colony Vistar, Pali - RSPCB",11-04-2026 13:00,25.771061,73.340227,CO,5.0,47.0,30.0
India,Rajasthan,Pratapgarh,"Pragati Nagar, Pratapgarh - RSPCB",11-04-2026 13:00,24.041198,74.780702,NO2,13.0,73.0,22.0
India,Rajasthan,Pratapgarh,"Pragati Nagar, Pratapgarh - RSPCB",11-04-2026 13:00,24.041198,74.780702,NH3,1.0,11.0,4.0
India,Rajasthan,Rajsamand,"Dhoinda, Rajsamand - RSPCB",11-04-2026 13:00,25.03636,73.883502,NO2,11.0,68.0,28.0
India,Rajasthan,Sawai Madhopur,"Sahu Nagar, Sawai Madhopur - RSPCB",11-04-2026 13:00,26.031443,76.359327,OZONE,168.0,207.0,184.0
India,Rajasthan,Sikar,"Radhakishan Pura, Sikar - RSPCB",11-04-2026 13:00,27.608912,75.153302,SO2,3.0,11.0,6.0
India,Rajasthan,Sirohi,"Vedhaynath Colony, Sirohi - RSPCB",11-04-2026 13:00,24.885261,72.857549,PM10,47.0,173.0,95.0
India,Rajasthan,Sri Ganganagar,"Old City, Sri Ganganagar - RSPCB",11-04-2026 13:00,29.931624,73.864511,CO,14.0,43.0,38.0
India,Rajasthan,Sri Ganganagar,"Old City, Sri Ganganagar - RSPCB",11-04-2026 13:00,29.931624,73.864511,OZONE,58.0,290.0,234.0
India,TamilNadu,Chennai,"Perungudi, Chennai - TNPCB",11-04-2026 13:00,12.9533,80.2357,PM10,24.0,74.0,51.0
India,TamilNadu,Chennai,"Perungudi, Chennai - TNPCB",11-04-2026 13:00,12.9533,80.2357,CO,16.0,42.0,25.0
India,TamilNadu,Chennai,"Velachery Res. Area, Chennai - CPCB",11-04-2026 13:00,13.0052189,80.2398125,NH3,2.0,3.0,3.0
India,TamilNadu,Coimbatore,"PSG College of Arts and Science, Coimbatore - TNPCB",11-04-2026 13:00,11.0328,77.0349,PM10,38.0,65.0,51.0
India,TamilNadu,Coimbatore,"PSG College of Arts and Science, Coimbatore - TNPCB",11-04-2026 13:00,11.0328,77.0349,OZONE,4.0,7.0,6.0
India,TamilNadu,Coimbatore,"SIDCO Kurichi, Coimbatore - TNPCB",11-04-2026 13:00,10.942451,76.978996,PM10,44.0,70.0,53.0
India,TamilNadu,Coimbatore,"SIDCO Kurichi, Coimbatore - TNPCB",11-04-2026 13:00,10.942451,76.978996,NH3,1.0,2.0,1.0
India,TamilNadu,Coimbatore,"SIDCO Kurichi, Coimbatore - TNPCB",11-04-2026 13:00,10.942451,76.978996,SO2,24.0,26.0,25.0
India,TamilNadu,Gummidipoondi,"Anthoni Pillai Nagar, Gummidipoondi - TNPCB",11-04-2026 13:00,13.4127,80.1081,PM10,56.0,271.0,115.0
India,Rajasthan,Udaipur,"Ashok Nagar, Udaipur - RSPCB",11-04-2026 13:00,24.5886166,73.6321397,SO2,1.0,13.0,5.0
India,Rajasthan,Udaipur,"Ashok Nagar, Udaipur - RSPCB",11-04-2026 13:00,24.5886166,73.6321397,CO,5.0,128.0,34.0
India,Sikkim,Gangtok,"Zero Point GICI, Gangtok - SSPCB",11-04-2026 13:00,27.33853,88.614099,PM2.5,15.0,43.0,28.0
India,Sikkim,Gangtok,"Zero Point GICI, Gangtok - SSPCB",11-04-2026 13:00,27.33853,88.614099,NH3,1.0,1.0,1.0
India,TamilNadu,Chennai,"Arumbakkam, Chennai - TNPCB",11-04-2026 13:00,13.0664,80.2112,PM10,45.0,82.0,62.0
India,TamilNadu,Chennai,"Kodungaiyur, Chennai - TNPCB",11-04-2026 13:00,13.1278,80.2642,PM10,22.0,72.0,45.0
India,TamilNadu,Chennai,"Kodungaiyur, Chennai - TNPCB",11-04-2026 13:00,13.1278,80.2642,NO2,12.0,17.0,14.0
India,TamilNadu,Chennai,"Manali Village, Chennai - TNPCB",11-04-2026 13:00,13.1662,80.2584,CO,34.0,43.0,40.0
India,Rajasthan,Rajsamand,"Dhoinda, Rajsamand - RSPCB",11-04-2026 13:00,25.03636,73.883502,SO2,4.0,23.0,10.0
India,Rajasthan,Sawai Madhopur,"Sahu Nagar, Sawai Madhopur - RSPCB",11-04-2026 13:00,26.031443,76.359327,NO2,0.0,0.0,0.0
India,Rajasthan,Tonk,"Shastri Nagar, Tonk - RSPCB",11-04-2026 13:00,26.159933,75.780517,SO2,2.0,4.0,3.0
India,Telangana,Hyderabad,"New Malakpet, Hyderabad - TSPCB",11-04-2026 13:00,17.37206,78.50864,PM2.5,25.0,204.0,73.0
India,Telangana,Hyderabad,"New Malakpet, Hyderabad - TSPCB",11-04-2026 13:00,17.37206,78.50864,SO2,14.0,19.0,15.0
India,Telangana,Hyderabad,"Ramachandrapuram, Hyderabad - TSPCB",11-04-2026 13:00,17.528544,78.286195,PM2.5,45.0,53.0,47.0
India,Telangana,Hyderabad,"Sanathnagar, Hyderabad - TSPCB",11-04-2026 13:00,17.4559458,78.4332152,OZONE,14.0,19.0,16.0
India,Telangana,Hyderabad,"Zoo Park, Hyderabad - TSPCB",11-04-2026 13:00,17.349694,78.451437,PM2.5,68.0,178.0,112.0
India,Telangana,Hyderabad,"Zoo Park, Hyderabad - TSPCB",11-04-2026 13:00,17.349694,78.451437,NO2,5.0,15.0,9.0
India,Telangana,Hyderabad,"Zoo Park, Hyderabad - TSPCB",11-04-2026 13:00,17.349694,78.451437,SO2,2.0,2.0,2.0
India,Tripura,Agartala,"Bardowali, Agartala - Tripura SPCB",11-04-2026 13:00,23.8175497,91.2726974,NO2,17.0,26.0,20.0
India,Telangana,Hyderabad,"IITH Kandi, Hyderabad - TSPCB",11-04-2026 13:00,17.585705,78.126199,NH3,3.0,5.0,3.0
India,Telangana,Hyderabad,"Kompally Municipal Office, Hyderabad - TSPCB",11-04-2026 13:00,17.544899,78.486949,SO2,6.0,20.0,11.0
India,Telangana,Hyderabad,"Kompally Municipal Office, Hyderabad - TSPCB",11-04-2026 13:00,17.544899,78.486949,OZONE,14.0,39.0,17.0
India,Telangana,Hyderabad,"Nacharam_TSIIC IALA, Hyderabad - TSPCB",11-04-2026 13:00,17.429398,78.569354,PM10,74.0,97.0,82.0
India,Telangana,Hyderabad,"Nacharam_TSIIC IALA, Hyderabad - TSPCB",11-04-2026 13:00,17.429398,78.569354,NH3,5.0,8.0,6.0
India,Uttar_Pradesh,Ghaziabad,"Loni, Ghaziabad - UPPCB",11-04-2026 13:00,28.757294,77.278792,OZONE,30.0,82.0,54.0
India,Uttar_Pradesh,Ghaziabad,"Sanjay Nagar, Ghaziabad - UPPCB",11-04-2026 13:00,28.685382,77.453839,OZONE,60.0,113.0,83.0
India,Uttar_Pradesh,Ghaziabad,"Vasundhara, Ghaziabad - UPPCB",11-04-2026 13:00,28.6603346,77.3572563,NO2,0.0,0.0,0.0
India,Uttar_Pradesh,Ghaziabad,"Ved Vihar-Loni, Ghaziabad - UPPCB",11-04-2026 13:00,28.739153,77.273668,PM10,115.0,238.0,173.0
India,Uttar_Pradesh,Baghpat,"Sardar Patel Inter College, Baghpat - UPPCB",11-04-2026 13:00,28.964949,77.278761,NO2,8.0,24.0,17.0
India,Uttar_Pradesh,Baghpat,"Sardar Patel Inter College, Baghpat - UPPCB",11-04-2026 13:00,28.964949,77.278761,SO2,30.0,115.0,59.0
India,Uttar_Pradesh,Bareilly,"Rajendra Nagar, Bareilly - UPPCB",11-04-2026 13:00,28.38910936,79.42963708,PM10,36.0,81.0,57.0
India,Uttar_Pradesh,Agra,"Rohta, Agra - UPPCB",11-04-2026 13:00,27.106972,78.000111,NH3,5.0,5.0,5.0
India,Uttar_Pradesh,Agra,"Sector-3B Avas Vikas Colony, Agra - UPPCB",11-04-2026 13:00,27.19412,77.96237,NH3,6.0,7.0,6.0
India,Uttar_Pradesh,Agra,"Shastripuram, Agra - UPPCB",11-04-2026 13:00,27.19862,77.92066,PM10,47.0,153.0,97.0
India,Uttar_Pradesh,Bulandshahr,"Yamunapuram, Bulandshahr - UPPCB",11-04-2026 13:00,28.406963,77.849831,NH3,4.0,8.0,6.0
India,Uttar_Pradesh,Ghaziabad,"Loni, Ghaziabad - UPPCB",11-04-2026 13:00,28.757294,77.278792,PM2.5,27.0,117.0,71.0
India,Uttar_Pradesh,Gorakhpur,"Madan Mohan Malaviya University of Technology, Gorakhpur - UPPCB",11-04-2026 13:00,26.730136,83.433859,NO2,11.0,12.0,11.0
India,Uttar_Pradesh,Gorakhpur,"Madan Mohan Malaviya University of Technology, Gorakhpur - UPPCB",11-04-2026 13:00,26.730136,83.433859,CO,2.0,4.0,3.0
India,Uttar_Pradesh,Greater Noida,"Knowledge Park - III, Greater Noida - UPPCB",11-04-2026 13:00,28.47272,77.482,NO2,15.0,52.0,32.0
India,Uttar_Pradesh,Agra,"Manoharpur, Agra - UPPCB",11-04-2026 13:00,27.23711,78.01936,NH3,5.0,5.0,5.0
India,Uttar_Pradesh,Lucknow,"Kukrail Picnic Spot-1, Lucknow - UPPCB",11-04-2026 13:00,26.90723,80.98579,SO2,20.0,31.0,24.0
India,Uttar_Pradesh,Lucknow,"Kukrail Picnic Spot-1, Lucknow - UPPCB",11-04-2026 13:00,26.90723,80.98579,OZONE,18.0,35.0,25.0
India,Uttar_Pradesh,Lucknow,"Lalbagh, Lucknow - CPCB",11-04-2026 13:00,26.8458805,80.9365541,NO2,34.0,39.0,36.0
India,Uttar_Pradesh,Lucknow,"Talkatora District Industries Center, Lucknow - CPCB",11-04-2026 13:00,26.83399722,80.8917361,NO2,45.0,47.0,45.0
India,Uttar_Pradesh,Meerut,"Ganga Nagar, Meerut - UPPCB",11-04-2026 13:00,28.999264,77.7590354,NO2,60.0,128.0,103.0
India,Uttar_Pradesh,Meerut,"Ganga Nagar, Meerut - UPPCB",11-04-2026 13:00,28.999264,77.7590354,OZONE,4.0,26.0,13.0
India,Uttar_Pradesh,Meerut,"Jai Bhim Nagar, Meerut - UPPCB",11-04-2026 13:00,28.9535882,77.7622941,NH3,4.0,5.0,5.0
India,Uttar_Pradesh,Greater Noida,"Knowledge Park - III, Greater Noida - UPPCB",11-04-2026 13:00,28.47272,77.482,OZONE,47.0,97.0,73.0
India,Uttar_Pradesh,Hapur,"Anand Vihar, Hapur - UPPCB",11-04-2026 13:00,28.725645,77.749675,PM2.5,35.0,118.0,71.0
India,Uttar_Pradesh,Hapur,"Anand Vihar, Hapur - UPPCB",11-04-2026 13:00,28.725645,77.749675,SO2,29.0,55.0,40.0
India,Uttar_Pradesh,Hapur,"Anand Vihar, Hapur - UPPCB",11-04-2026 13:00,28.725645,77.749675,OZONE,12.0,28.0,14.0
India,Uttar_Pradesh,Jhansi,"Shivaji Nagar, Jhansi - UPPCB",11-04-2026 13:00,25.4547,78.6039,NO2,6.0,6.0,6.0
India,Uttar_Pradesh,Kanpur,"FTI Kidwai Nagar, Kanpur - UPPCB",11-04-2026 13:00,26.428282,80.327067,NO2,26.0,27.0,26.0
India,Uttar_Pradesh,Kanpur,"FTI Kidwai Nagar, Kanpur - UPPCB",11-04-2026 13:00,26.428282,80.327067,NH3,3.0,3.0,3.0
India,Uttar_Pradesh,Kanpur,"Nehru Nagar, Kanpur - UPPCB",11-04-2026 13:00,26.4703136,80.3229863,PM2.5,27.0,436.0,111.0
India,Uttar_Pradesh,Khora,"Prashant Garden, Khora - UPPCB",11-04-2026 13:00,28.61119,77.34206,PM2.5,86.0,500.0,160.0
India,Uttar_Pradesh,Moradabad,"Buddhi Vihar, Moradabad - UPPCB",11-04-2026 13:00,28.83526,78.7446,NO2,28.0,29.0,29.0
India,Uttar_Pradesh,Moradabad,"Buddhi Vihar, Moradabad - UPPCB",11-04-2026 13:00,28.83526,78.7446,CO,10.0,36.0,28.0
India,Uttar_Pradesh,Moradabad,"Employment Office, Moradabad - UPPCB",11-04-2026 13:00,28.88528,78.7388,PM2.5,27.0,99.0,48.0
India,Uttar_Pradesh,Moradabad,"Employment Office, Moradabad - UPPCB",11-04-2026 13:00,28.88528,78.7388,NH3,4.0,4.0,4.0
India,Uttar_Pradesh,Khora,"Prashant Garden, Khora - UPPCB",11-04-2026 13:00,28.61119,77.34206,CO,65.0,105.0,77.0
India,Uttar_Pradesh,Khurja,"Kalindi Kunj, Khurja - UPPCB",11-04-2026 13:00,28.2348927,77.8683002,PM2.5,21.0,66.0,43.0
India,Uttar_Pradesh,Khurja,"Kalindi Kunj, Khurja - UPPCB",11-04-2026 13:00,28.2348927,77.8683002,NO2,12.0,13.0,12.0
India,Uttar_Pradesh,Lucknow,"Gomti Nagar, Lucknow - UPPCB",11-04-2026 13:00,26.86812,81.005119,OZONE,34.0,46.0,40.0
India,Uttar_Pradesh,Lucknow,"Kendriya Vidyalaya, Lucknow - CPCB",11-04-2026 13:00,26.906111,80.948222,NO2,26.0,30.0,28.0
India,Uttar_Pradesh,Lucknow,"Kendriya Vidyalaya, Lucknow - CPCB",11-04-2026 13:00,26.906111,80.948222,OZONE,9.0,30.0,17.0
India,Uttar_Pradesh,Moradabad,"Kashiram Nagar, Moradabad - UPPCB",11-04-2026 13:00,28.849399,78.742362,SO2,9.0,81.0,64.0
India,Uttar_Pradesh,Moradabad,"Transport Nagar, Moradabad - UPPCB",11-04-2026 13:00,28.802625,78.753728,NH3,5.0,5.0,5.0
India,Uttar_Pradesh,Noida,"Sector - 125, Noida - UPPCB",11-04-2026 13:00,28.5447608,77.3231257,PM2.5,24.0,88.0,51.0
India,Uttar_Pradesh,Noida,"Sector - 62, Noida - IMD",11-04-2026 13:00,28.6245479,77.3577104,CO,17.0,34.0,29.0
India,Uttar_Pradesh,Raebareli," Indira Nagar, Raebareli - NTPC Unchahar",11-04-2026 13:00,26.207781,81.245571,CO,4.0,18.0,4.0
India,Uttar_Pradesh,Varanasi,"Ardhali Bazar, Varanasi - UPPCB",11-04-2026 13:00,25.3505986,82.9083074,PM2.5,82.0,401.0,158.0
India,Uttar_Pradesh,Varanasi,"Ardhali Bazar, Varanasi - UPPCB",11-04-2026 13:00,25.3505986,82.9083074,NO2,40.0,42.0,41.0
India,Uttar_Pradesh,Varanasi,"Ardhali Bazar, Varanasi - UPPCB",11-04-2026 13:00,25.3505986,82.9083074,CO,12.0,30.0,15.0
India,Uttar_Pradesh,Varanasi,"Ardhali Bazar, Varanasi - UPPCB",11-04-2026 13:00,25.3505986,82.9083074,OZONE,11.0,33.0,23.0
India,Uttar_Pradesh,Varanasi,"IESD Banaras Hindu University, Varanasi - UPPCB",11-04-2026 13:00,25.262326,82.995408,PM2.5,2.0,44.0,25.0
India,Uttar_Pradesh,Varanasi,"IESD Banaras Hindu University, Varanasi - UPPCB",11-04-2026 13:00,25.262326,82.995408,PM10,53.0,110.0,81.0
India,Uttar_Pradesh,Varanasi,"IESD Banaras Hindu University, Varanasi - UPPCB",11-04-2026 13:00,25.262326,82.995408,CO,2.0,8.0,4.0
India,Uttar_Pradesh,Varanasi,"Maldahiya, Varanasi - UPPCB",11-04-2026 13:00,25.32393,82.99687,CO,10.0,24.0,15.0
India,Uttar_Pradesh,Vrindavan,"Omex Eternity, Vrindavan - UPPCB",11-04-2026 13:00,27.571409,77.655757,NO2,27.0,28.0,27.0
India,Uttar_Pradesh,Vrindavan,"Omex Eternity, Vrindavan - UPPCB",11-04-2026 13:00,27.571409,77.655757,NH3,3.0,10.0,8.0
India,Uttar_Pradesh,Noida,"Sector-1, Noida - UPPCB",11-04-2026 13:00,28.5898,77.3101,OZONE,23.0,87.0,49.0
India,Uttar_Pradesh,Noida,"Sector-116, Noida - UPPCB",11-04-2026 13:00,28.56923,77.393848,PM2.5,30.0,72.0,48.0
India,Uttar_Pradesh,Prayagraj,"Jhunsi, Prayagraj - UPPCB",11-04-2026 13:00,25.425602,81.917152,PM2.5,19.0,72.0,40.0
India,Uttar_Pradesh,Prayagraj,"Jhunsi, Prayagraj - UPPCB",11-04-2026 13:00,25.425602,81.917152,PM10,45.0,117.0,76.0
India,Uttar_Pradesh,Prayagraj,"Jhunsi, Prayagraj - UPPCB",11-04-2026 13:00,25.425602,81.917152,NH3,5.0,6.0,6.0
India,Uttar_Pradesh,Prayagraj,"Motilal Nehru NIT, Prayagraj - UPPCB",11-04-2026 13:00,25.494,81.863,PM10,65.0,134.0,96.0
India,Uttar_Pradesh,Prayagraj,"Motilal Nehru NIT, Prayagraj - UPPCB",11-04-2026 13:00,25.494,81.863,CO,8.0,16.0,9.0
India,Uttar_Pradesh,Prayagraj,"Motilal Nehru NIT, Prayagraj - UPPCB",11-04-2026 13:00,25.494,81.863,OZONE,16.0,58.0,36.0
India,Uttar_Pradesh,Prayagraj,"Nagar Nigam, Prayagraj - UPPCB",11-04-2026 13:00,25.44919916,81.82735986,SO2,9.0,88.0,20.0
India,Uttar_Pradesh,Prayagraj,"Nagar Nigam, Prayagraj - UPPCB",11-04-2026 13:00,25.44919916,81.82735986,CO,16.0,24.0,18.0
India,Uttar_Pradesh,Raebareli," Indira Nagar, Raebareli - NTPC Unchahar",11-04-2026 13:00,26.207781,81.245571,PM2.5,0.0,0.0,0.0
India,West_Bengal,Durgapur,"Mahishkapur Road_B-Zone, Durgapur - WBPCB",11-04-2026 13:00,23.567923,87.306843,SO2,5.0,76.0,14.0
India,West_Bengal,Durgapur,"Mahishkapur Road_B-Zone, Durgapur - WBPCB",11-04-2026 13:00,23.567923,87.306843,OZONE,1.0,84.0,47.0
India,West_Bengal,Durgapur,"PCBL Residential Complex, Durgapur - WBPCB",11-04-2026 13:00,23.508764,87.35444,OZONE,1.0,2.0,2.0
India,West_Bengal,Durgapur,"Womens College_City Center, Durgapur - WBPCB",11-04-2026 13:00,23.549395,87.300496,NH3,2.0,6.0,4.0
India,West_Bengal,Haldia,"Priyambada Housing Estate, Haldia - WBPCB",11-04-2026 13:00,22.06047,88.109737,SO2,13.0,20.0,15.0
India,West_Bengal,Haldia,"Priyambada Housing Estate, Haldia - WBPCB",11-04-2026 13:00,22.06047,88.109737,CO,24.0,56.0,28.0
India,West_Bengal,Howrah,"Botanical Garden, Howrah - WBPCB",11-04-2026 13:00,22.554954,88.292568,NH3,1.0,1.0,1.0
India,Uttarakhand,Rishikesh,"Shivaji Nagar, Rishikesh - UKPCB",11-04-2026 13:00,30.075911,78.2859547,CO,37.0,37.0,37.0
India,West_Bengal,Asansol,"Asansol Court Area, Asansol - WBPCB",11-04-2026 13:00,23.685297,86.945968,SO2,11.0,72.0,27.0
India,West_Bengal,Asansol,"Evelyn Lodge, Asansol - WBPCB",11-04-2026 13:00,23.697936,86.944395,NO2,9.0,66.0,32.0
India,West_Bengal,Asansol,"Evelyn Lodge, Asansol - WBPCB",11-04-2026 13:00,23.697936,86.944395,CO,8.0,106.0,60.0
India,West_Bengal,Asansol,"Trivenidevi Bhalotia College, Asansol - WBPCB",11-04-2026 13:00,23.616515,87.119133,PM10,32.0,127.0,79.0
India,West_Bengal,Howrah,"Dasnagar, Howrah - WBPCB",11-04-2026 13:00,22.6025571,88.3105664,PM10,65.0,184.0,110.0
India,West_Bengal,Howrah,"Dasnagar, Howrah - WBPCB",11-04-2026 13:00,22.6025571,88.3105664,NH3,1.0,1.0,1.0
India,West_Bengal,Howrah,"Dasnagar, Howrah - WBPCB",11-04-2026 13:00,22.6025571,88.3105664,OZONE,10.0,83.0,34.0
India,West_Bengal,Howrah,"Ghusuri, Howrah - WBPCB",11-04-2026 13:00,22.611968,88.347422,NH3,2.0,4.0,3.0
India,West_Bengal,Howrah,"Padmapukur, Howrah - WBPCB",11-04-2026 13:00,22.5687319,88.2797276,PM2.5,26.0,85.0,51.0
India,West_Bengal,Howrah,"Padmapukur, Howrah - WBPCB",11-04-2026 13:00,22.5687319,88.2797276,NH3,4.0,4.0,4.0
India,West_Bengal,Howrah,"Padmapukur, Howrah - WBPCB",11-04-2026 13:00,22.5687319,88.2797276,OZONE,6.0,56.0,21.0
India,West_Bengal,Kolkata,"Fort William, Kolkata - WBPCB",11-04-2026 13:00,22.55664,88.342674,OZONE,2.0,44.0,14.0
India,West_Bengal,Kolkata,"Jadavpur, Kolkata - WBPCB",11-04-2026 13:00,22.49929,88.36917,OZONE,7.0,73.0,22.0
India,West_Bengal,Kolkata,"Rabindra Bharati University, Kolkata - WBPCB",11-04-2026 13:00,22.627847,88.380669,PM10,59.0,178.0,113.0
India,West_Bengal,Kolkata,"Rabindra Bharati University, Kolkata - WBPCB",11-04-2026 13:00,22.627847,88.380669,NH3,6.0,26.0,13.0
India,Uttarakhand,Kashipur,"Govt. Girls Inter College, Kashipur - UKPCB",11-04-2026 13:00,29.2124114,78.9611753,PM2.5,0.0,0.0,0.0
India,Uttarakhand,Kashipur,"Govt. Girls Inter College, Kashipur - UKPCB",11-04-2026 13:00,29.2124114,78.9611753,NH3,0.0,0.0,0.0
India,Uttarakhand,Rishikesh,"Shivaji Nagar, Rishikesh - UKPCB",11-04-2026 13:00,30.075911,78.2859547,PM2.5,2.0,2.0,2.0
India,West_Bengal,Siliguri,"Ward-32 Bapupara, Siliguri - WBPCB",11-04-2026 13:00,26.6879226,88.4152495,PM2.5,26.0,45.0,35.0
India,West_Bengal,Kolkata,"Bidhannagar, Kolkata - WBPCB",11-04-2026 13:00,22.58157048,88.41002457,NO2,15.0,18.0,17.0
India,Bihar,Bhagalpur,"Mayaganj, Bhagalpur - BSPCB",11-04-2026 13:00,25.265194,87.012947,PM10,82.0,225.0,127.0
India,Bihar,Bihar Sharif,"D M Colony, Bihar Sharif - BSPCB",11-04-2026 13:00,25.204762,85.51496,PM10,10.0,34.0,24.0
India,Bihar,Bihar Sharif,"D M Colony, Bihar Sharif - BSPCB",11-04-2026 13:00,25.204762,85.51496,NH3,3.0,4.0,3.0
India,Bihar,Bihar Sharif,"D M Colony, Bihar Sharif - BSPCB",11-04-2026 13:00,25.204762,85.51496,OZONE,2.0,2.0,2.0
India,Bihar,Buxar,"Charitra Van, Buxar - BSPCB",11-04-2026 13:00,25.56752,83.966379,NO2,7.0,10.0,10.0
India,Bihar,Buxar,"Charitra Van, Buxar - BSPCB",11-04-2026 13:00,25.56752,83.966379,NH3,3.0,3.0,3.0
India,Bihar,Buxar,"Charitra Van, Buxar - BSPCB",11-04-2026 13:00,25.56752,83.966379,OZONE,2.0,44.0,21.0
India,Bihar,Chhapra,"Darshan Nagar, Chhapra - BSPCB",11-04-2026 13:00,25.7808257,84.7446768,SO2,19.0,21.0,20.0
India,Bihar,Gaya,"Collectorate, Gaya - BSPCB",11-04-2026 13:00,24.7955,84.9994,PM2.5,0.0,0.0,0.0
India,Bihar,Aurangabad,"Gurdeo Nagar, Aurangabad - BSPCB",11-04-2026 13:00,24.75746,84.366208,NO2,7.0,8.0,8.0
India,Bihar,Aurangabad,"Gurdeo Nagar, Aurangabad - BSPCB",11-04-2026 13:00,24.75746,84.366208,NH3,1.0,2.0,1.0
India,Bihar,Begusarai,"Lohiyanagar, Begusarai - BSPCB",11-04-2026 13:00,25.42742023,86.13886079,PM2.5,14.0,150.0,74.0
India,Bihar,Bettiah,"Kamalnath Nagar, Bettiah - BSPCB",11-04-2026 13:00,26.80365,84.51954,NO2,0.0,0.0,0.0
India,Bihar,Bettiah,"Kamalnath Nagar, Bettiah - BSPCB",11-04-2026 13:00,26.80365,84.51954,NH3,0.0,0.0,0.0
India,Bihar,Bhagalpur,"DM Office_Kachari Chowk, Bhagalpur - BSPCB",11-04-2026 13:00,25.251013,86.989001,PM10,37.0,154.0,84.0
India,Bihar,Bhagalpur,"DM Office_Kachari Chowk, Bhagalpur - BSPCB",11-04-2026 13:00,25.251013,86.989001,CO,1.0,20.0,11.0
India,Andhra_Pradesh,Nellore,"Ambedkar Nagar, Nellore - APPCB ",11-04-2026 13:00,14.438164,79.966814,PM2.5,35.0,72.0,49.0
India,Andhra_Pradesh,Nellore,"Ambedkar Nagar, Nellore - APPCB ",11-04-2026 13:00,14.438164,79.966814,NO2,13.0,34.0,16.0
India,Andhra_Pradesh,Rajamahendravaram,"Anand Kala Kshetram, Rajamahendravaram - APPCB",11-04-2026 13:00,16.9872867,81.7363176,NH3,2.0,4.0,3.0
India,Andhra_Pradesh,Tirumala,"Toll Gate, Tirumala - APPCB",11-04-2026 13:00,13.67,79.35,PM2.5,28.0,74.0,46.0
India,Andhra_Pradesh,Tirupati,"Vaikuntapuram, Tirupati - APPCB",11-04-2026 13:00,13.615387,79.40923,PM2.5,0.0,0.0,0.0
India,Assam,Byrnihat,"Central Academy for SFS, Byrnihat - PCBA",11-04-2026 13:00,26.071318,91.87488,PM10,43.0,138.0,66.0
India,Assam,Byrnihat,"Central Academy for SFS, Byrnihat - PCBA",11-04-2026 13:00,26.071318,91.87488,NO2,1.0,18.0,10.0
India,Assam,Byrnihat,"Central Academy for SFS, Byrnihat - PCBA",11-04-2026 13:00,26.071318,91.87488,CO,8.0,108.0,75.0
India,Assam,Guwahati,"IITG, Guwahati - PCBA",11-04-2026 13:00,26.2028636,91.70046436,OZONE,1.0,23.0,15.0
India,Assam,Guwahati,"LGBI Airport, Guwahati - PCBA",11-04-2026 13:00,26.10887,91.589544,NH3,2.0,8.0,4.0
India,Assam,Guwahati,"LGBI Airport, Guwahati - PCBA",11-04-2026 13:00,26.10887,91.589544,CO,25.0,68.0,42.0
India,Assam,Guwahati,"Pan Bazaar, Guwahati - PCBA",11-04-2026 13:00,26.1875,91.744194,OZONE,11.0,32.0,18.0
India,Assam,Guwahati,"Railway Colony, Guwahati - PCBA",11-04-2026 13:00,26.181742,91.78063,PM2.5,26.0,68.0,44.0
India,Assam,Guwahati,"Railway Colony, Guwahati - PCBA",11-04-2026 13:00,26.181742,91.78063,PM10,19.0,50.0,32.0
India,Assam,Nagaon,"Christianpatty, Nagaon - PCBA",11-04-2026 13:00,26.349082,92.68449,PM2.5,31.0,72.0,51.0
India,Assam,Nagaon,"Christianpatty, Nagaon - PCBA",11-04-2026 13:00,26.349082,92.68449,NO2,1.0,6.0,3.0
India,Assam,Nagaon,"Christianpatty, Nagaon - PCBA",11-04-2026 13:00,26.349082,92.68449,SO2,3.0,15.0,12.0
India,Andhra_Pradesh,Tirupati,"Vaikuntapuram, Tirupati - APPCB",11-04-2026 13:00,13.615387,79.40923,NH3,0.0,0.0,0.0
India,Andhra_Pradesh,Vijayawada,"Kanuru, Vijayawada - APPCB",11-04-2026 13:00,16.486692,80.699436,OZONE,53.0,71.0,55.0
India,Andhra_Pradesh,Vijayawada,"Rajiv Nagar, Vijayawada - APPCB",11-04-2026 13:00,16.554731,80.64911,CO,16.0,44.0,18.0
India,Andhra_Pradesh,Vijayawada,"Rajiv Nagar, Vijayawada - APPCB",11-04-2026 13:00,16.554731,80.64911,OZONE,35.0,50.0,45.0
India,Andhra_Pradesh,Eluru,"District Court, Eluru - APPCB",11-04-2026 13:00,16.711754,81.092095,PM10,30.0,108.0,53.0
India,Andhra_Pradesh,Eluru,"District Court, Eluru - APPCB",11-04-2026 13:00,16.711754,81.092095,CO,13.0,26.0,18.0
India,Andhra_Pradesh,Guntur,"Rajendra Nagar North, Guntur - APPCB",11-04-2026 13:00,16.316553,80.413302,SO2,10.0,20.0,12.0
India,Assam,Nalbari,"Bata Chowk, Nalbari - PCBA",11-04-2026 13:00,26.446912,91.439057,NH3,6.0,6.0,6.0
India,Assam,Nalbari,"Bata Chowk, Nalbari - PCBA",11-04-2026 13:00,26.446912,91.439057,OZONE,10.0,16.0,16.0
India,Assam,Silchar,"Tarapur, Silchar - PCBA",11-04-2026 13:00,24.82827,92.79525,NO2,22.0,28.0,26.0
India,Assam,Sivasagar,"Girls College, Sivasagar - PCBA",11-04-2026 13:00,26.987634,94.636574,NH3,4.0,8.0,6.0
India,Bihar,Araria,"Kharahiya Basti, Araria - BSPCB",11-04-2026 13:00,26.146529,87.454184,NH3,5.0,6.0,6.0
India,Assam,Sivasagar,"Girls College, Sivasagar - PCBA",11-04-2026 13:00,26.987634,94.636574,PM10,15.0,32.0,23.0
India,Bihar,Motihari,"Gandak Colony, Motihari - BSPCB",11-04-2026 13:00,26.63086,84.90051,OZONE,3.0,8.0,6.0
India,Bihar,Munger,"Town Hall, Munger - BSPCB",11-04-2026 13:00,25.376776,86.471523,PM2.5,37.0,110.0,65.0
India,Bihar,Munger,"Town Hall, Munger - BSPCB",11-04-2026 13:00,25.376776,86.471523,SO2,37.0,111.0,79.0
India,Bihar,Muzaffarpur,"Buddha Colony, Muzaffarpur - BSPCB",11-04-2026 13:00,26.11442,85.39813,OZONE,29.0,214.0,86.0
India,Bihar,Muzaffarpur,"MIT-Daudpur Kothi, Muzaffarpur - BSPCB",11-04-2026 13:00,26.1403345,85.3650192,NO2,3.0,8.0,5.0
India,Bihar,Muzaffarpur,"MIT-Daudpur Kothi, Muzaffarpur - BSPCB",11-04-2026 13:00,26.1403345,85.3650192,NH3,1.0,3.0,1.0
India,Bihar,Muzaffarpur,"MIT-Daudpur Kothi, Muzaffarpur - BSPCB",11-04-2026 13:00,26.1403345,85.3650192,CO,32.0,54.0,44.0
India,Bihar,Muzaffarpur,"Muzaffarpur Collectorate, Muzaffarpur - BSPCB",11-04-2026 13:00,26.1209,85.3647,PM2.5,67.0,110.0,85.0
India,Bihar,Patna,"DRM Office Danapur, Patna - BSPCB",11-04-2026 13:00,25.586562,85.043586,PM10,97.0,258.0,136.0
India,Bihar,Patna,"DRM Office Danapur, Patna - BSPCB",11-04-2026 13:00,25.586562,85.043586,NH3,8.0,9.0,8.0
India,Bihar,Purnia,"Mariam Nagar, Purnia - BSPCB",11-04-2026 13:00,25.366336,87.117468,SO2,16.0,17.0,16.0
India,Bihar,Rajgir,"Dangi Tola, Rajgir - BSPCB",11-04-2026 13:00,25.0328,85.41948,NO2,13.0,15.0,14.0
India,Bihar,Saharsa,"Police Line, Saharsa - BSPCB",11-04-2026 13:00,25.892357,86.590325,PM2.5,3.0,327.0,166.0
India,Bihar,Saharsa,"Police Line, Saharsa - BSPCB",11-04-2026 13:00,25.892357,86.590325,PM10,32.0,154.0,100.0
India,Bihar,Saharsa,"Police Line, Saharsa - BSPCB",11-04-2026 13:00,25.892357,86.590325,NO2,6.0,8.0,7.0
India,Bihar,Saharsa,"Police Line, Saharsa - BSPCB",11-04-2026 13:00,25.892357,86.590325,CO,34.0,41.0,40.0
India,Bihar,Samastipur,"DM Office_Kasipur, Samastipur - BSPCB",11-04-2026 13:00,25.859655,85.77944,OZONE,8.0,9.0,8.0
India,Bihar,Gaya,"Kareemganj, Gaya - BSPCB",11-04-2026 13:00,24.792403,84.992416,SO2,33.0,45.0,43.0
India,Bihar,Gaya,"SFTI Kusdihra, Gaya - BSPCB",11-04-2026 13:00,24.762518,84.982348,NO2,18.0,27.0,23.0
India,Bihar,Hajipur,"Industrial Area, Hajipur - BSPCB",11-04-2026 13:00,25.697189,85.2459,NO2,20.0,31.0,25.0
India,Bihar,Hajipur,"Industrial Area, Hajipur - BSPCB",11-04-2026 13:00,25.697189,85.2459,NH3,10.0,11.0,10.0
India,Bihar,Katihar,"Mirchaibari, Katihar - BSPCB",11-04-2026 13:00,25.560083,87.553265,SO2,15.0,25.0,20.0
India,Bihar,Patna,"Rajbansi Nagar, Patna - BSPCB",11-04-2026 13:00,25.599486,85.113666,SO2,11.0,19.0,13.0
India,Bihar,Patna,"Rajbansi Nagar, Patna - BSPCB",11-04-2026 13:00,25.599486,85.113666,CO,38.0,90.0,58.0
India,Bihar,Patna,"Samanpura, Patna - BSPCB",11-04-2026 13:00,25.596727,85.085624,PM10,93.0,163.0,142.0
India,Bihar,Patna,"Samanpura, Patna - BSPCB",11-04-2026 13:00,25.596727,85.085624,NO2,32.0,48.0,37.0
India,Bihar,Patna,"Govt. High School Shikarpur, Patna - BSPCB",11-04-2026 13:00,25.592539,85.227158,OZONE,20.0,88.0,52.0
India,Bihar,Patna,"IGSC Planetarium Complex, Patna - BSPCB",11-04-2026 13:00,25.610369,85.132568,PM2.5,22.0,79.0,49.0
India,Bihar,Patna,"IGSC Planetarium Complex, Patna - BSPCB",11-04-2026 13:00,25.610369,85.132568,OZONE,59.0,60.0,60.0
India,Bihar,Patna,"Muradpur, Patna - BSPCB",11-04-2026 13:00,25.619651,85.147382,NH3,4.0,5.0,5.0
India,Bihar,Patna,"Rajbansi Nagar, Patna - BSPCB",11-04-2026 13:00,25.599486,85.113666,PM10,84.0,118.0,99.0
India,Bihar,Kishanganj,"SDM Office_Khagra, Kishanganj - BSPCB",11-04-2026 13:00,26.0881305,87.93840336,CO,16.0,20.0,19.0
India,Bihar,Kishanganj,"SDM Office_Khagra, Kishanganj - BSPCB",11-04-2026 13:00,26.0881305,87.93840336,OZONE,32.0,34.0,33.0
India,Bihar,Manguraha,"Forest Rest House, Manguraha - BSPCB",11-04-2026 13:00,27.308328,84.531742,OZONE,9.0,11.0,10.0
India,Bihar,Motihari,"Gandak Colony, Motihari - BSPCB",11-04-2026 13:00,26.63086,84.90051,NO2,4.0,9.0,6.0
India,Chhattisgarh,Tumidih,"OP Jindal Industrial Park, Tumidih - CECB",11-04-2026 13:00,22.06631475,83.33820077,NH3,1.0,3.0,2.0
India,Chhattisgarh,Tumidih,"OP Jindal Industrial Park, Tumidih - CECB",11-04-2026 13:00,22.06631475,83.33820077,SO2,5.0,9.0,6.0
India,Chhattisgarh,Tumidih,"OP Jindal Industrial Park, Tumidih - CECB",11-04-2026 13:00,22.06631475,83.33820077,CO,14.0,42.0,20.0
India,Delhi,Delhi,"Alipur, Delhi - DPCC",11-04-2026 13:00,28.815329,77.15301,OZONE,12.0,30.0,22.0
India,Delhi,Delhi,"Anand Vihar, Delhi - DPCC",11-04-2026 13:00,28.647622,77.315809,PM10,113.0,271.0,162.0
India,Delhi,Delhi,"Ashok Vihar, Delhi - DPCC",11-04-2026 13:00,28.695381,77.181665,PM2.5,23.0,217.0,67.0
India,Delhi,Delhi,"Ashok Vihar, Delhi - DPCC",11-04-2026 13:00,28.695381,77.181665,OZONE,25.0,63.0,38.0
India,Delhi,Delhi,"Bawana, Delhi - DPCC",11-04-2026 13:00,28.7762,77.051074,PM2.5,23.0,316.0,96.0
India,Delhi,Delhi,"Bawana, Delhi - DPCC",11-04-2026 13:00,28.7762,77.051074,NH3,5.0,5.0,5.0
India,Delhi,Delhi,"Bawana, Delhi - DPCC",11-04-2026 13:00,28.7762,77.051074,SO2,8.0,35.0,18.0
India,Delhi,Delhi,"Bawana, Delhi - DPCC",11-04-2026 13:00,28.7762,77.051074,OZONE,9.0,50.0,28.0
India,Delhi,Delhi,"Cantonment Area, Delhi - DPCC ",11-04-2026 13:00,28.594169,77.1251,PM10,72.0,140.0,107.0
India,Delhi,Delhi,"Cantonment Area, Delhi - DPCC ",11-04-2026 13:00,28.594169,77.1251,NO2,3.0,52.0,26.0
India,Delhi,Delhi,"Chandni Chowk, Delhi - IITM",11-04-2026 13:00,28.656756,77.227234,PM2.5,21.0,55.0,40.0
India,Delhi,Delhi,"Chandni Chowk, Delhi - IITM",11-04-2026 13:00,28.656756,77.227234,SO2,12.0,24.0,17.0
India,Delhi,Delhi,"Commonwealth Sports Complex, Delhi - DPCC",11-04-2026 13:00,28.615828,77.271992,CO,25.0,49.0,37.0
India,Delhi,Delhi,"DTU, Delhi - CPCB",11-04-2026 13:00,28.7500499,77.1112615,NH3,6.0,17.0,14.0
India,Delhi,Delhi,"DTU, Delhi - CPCB",11-04-2026 13:00,28.7500499,77.1112615,SO2,28.0,35.0,30.0
India,Delhi,Delhi,"Dr. Karni Singh Shooting Range, Delhi - DPCC",11-04-2026 13:00,28.498571,77.26484,SO2,9.0,23.0,16.0
India,Delhi,Delhi,"Dr. Karni Singh Shooting Range, Delhi - DPCC",11-04-2026 13:00,28.498571,77.26484,CO,18.0,64.0,57.0
India,Bihar,Siwan,"Chitragupta Nagar, Siwan - BSPCB",11-04-2026 13:00,26.2271665,84.3570427,NH3,1.0,1.0,1.0
India,Chandigarh,Chandigarh,"Sector 22, Chandigarh - CPCC",11-04-2026 13:00,30.735567,76.775714,PM10,26.0,82.0,49.0
India,Chandigarh,Chandigarh,"Sector 22, Chandigarh - CPCC",11-04-2026 13:00,30.735567,76.775714,NH3,12.0,20.0,17.0
India,Chandigarh,Chandigarh,"Sector 22, Chandigarh - CPCC",11-04-2026 13:00,30.735567,76.775714,SO2,5.0,16.0,9.0
India,Chandigarh,Chandigarh,"Sector 22, Chandigarh - CPCC",11-04-2026 13:00,30.735567,76.775714,CO,61.0,78.0,71.0
India,Chhattisgarh,Bhilai,"32Bungalows, Bhilai - CECB",11-04-2026 13:00,21.194815,81.31477,PM10,31.0,59.0,41.0
India,Chhattisgarh,Bhilai,"Civic Center, Bhilai - Bhilai Steel Plant",11-04-2026 13:00,21.185571,81.343175,PM2.5,6.0,88.0,38.0
India,Chhattisgarh,Bhilai,"Civic Center, Bhilai - Bhilai Steel Plant",11-04-2026 13:00,21.185571,81.343175,OZONE,9.0,13.0,11.0
India,Chhattisgarh,Bhilai,"Hathkhoj, Bhilai - CECB",11-04-2026 13:00,21.224231,81.40835,NH3,4.0,6.0,5.0
India,Chhattisgarh,Bhilai,"Hathkhoj, Bhilai - CECB",11-04-2026 13:00,21.224231,81.40835,SO2,6.0,46.0,21.0
India,Chhattisgarh,Korba,"Rampur, Korba - CECB",11-04-2026 13:00,22.368195,82.746431,PM10,47.0,63.0,54.0
India,Chhattisgarh,Korba,"Urja Nagar, Korba - CECB",11-04-2026 13:00,22.348441,82.549611,NO2,16.0,24.0,20.0
India,Chhattisgarh,Raipur,"AIIMS, Raipur - CECB",11-04-2026 13:00,21.258815,81.578979,PM10,37.0,139.0,76.0
India,Chhattisgarh,Raipur,"AIIMS, Raipur - CECB",11-04-2026 13:00,21.258815,81.578979,SO2,6.0,12.0,8.0
India,Chhattisgarh,Raipur,"AIIMS, Raipur - CECB",11-04-2026 13:00,21.258815,81.578979,CO,20.0,44.0,38.0
India,Chhattisgarh,Raipur,"Bhatagaon New ISBT, Raipur - CECB",11-04-2026 13:00,21.219665,81.630094,NO2,19.0,49.0,30.0
India,Chhattisgarh,Raipur,"Bhatagaon New ISBT, Raipur - CECB",11-04-2026 13:00,21.219665,81.630094,NH3,2.0,2.0,2.0
India,Chhattisgarh,Raipur,"Bhatagaon New ISBT, Raipur - CECB",11-04-2026 13:00,21.219665,81.630094,OZONE,1.0,9.0,5.0
India,Chhattisgarh,Raipur,"Krishak Nagar, Raipur - CECB",11-04-2026 13:00,21.237755,81.705301,NO2,8.0,20.0,12.0
India,Delhi,Delhi,"IHBAS, Dilshad Garden, Delhi - CPCB",11-04-2026 13:00,28.6811736,77.3025234,SO2,7.0,41.0,22.0
India,Delhi,Delhi,"Jahangirpuri, Delhi - DPCC",11-04-2026 13:00,28.73282,77.170633,PM10,118.0,226.0,161.0
India,Delhi,Delhi,"Jahangirpuri, Delhi - DPCC",11-04-2026 13:00,28.73282,77.170633,NO2,30.0,84.0,51.0
India,Delhi,Delhi,"Burari Crossing, Delhi - IMD",11-04-2026 13:00,28.7256504,77.2011573,PM2.5,11.0,111.0,62.0
India,Delhi,Delhi,"CRRI Mathura Road, Delhi - IMD",11-04-2026 13:00,28.5512005,77.2735737,PM2.5,3.0,95.0,54.0
India,Delhi,Delhi,"Jawaharlal Nehru Stadium, Delhi - DPCC",11-04-2026 13:00,28.58028,77.233829,PM10,0.0,0.0,0.0
India,Delhi,Delhi,"Jawaharlal Nehru Stadium, Delhi - DPCC",11-04-2026 13:00,28.58028,77.233829,NO2,0.0,0.0,0.0
India,Delhi,Delhi,"Jawaharlal Nehru Stadium, Delhi - DPCC",11-04-2026 13:00,28.58028,77.233829,NH3,0.0,0.0,0.0
India,Delhi,Delhi,"Dwarka-Sector 8, Delhi - DPCC ",11-04-2026 13:00,28.5710274,77.0719006,NO2,24.0,69.0,41.0
India,Delhi,Delhi,"Dwarka-Sector 8, Delhi - DPCC ",11-04-2026 13:00,28.5710274,77.0719006,OZONE,19.0,89.0,59.0
India,Delhi,Delhi,"Talkatora Garden, Delhi - DPCC",11-04-2026 13:00,28.62181,77.1944633,SO2,17.0,28.0,22.0
India,Delhi,Delhi,"Vivek Vihar, Delhi - DPCC",11-04-2026 13:00,28.672342,77.31526,PM2.5,27.0,98.0,55.0
India,Delhi,Delhi,"Vivek Vihar, Delhi - DPCC",11-04-2026 13:00,28.672342,77.31526,PM10,89.0,151.0,122.0
India,Delhi,Delhi,"Vivek Vihar, Delhi - DPCC",11-04-2026 13:00,28.672342,77.31526,OZONE,24.0,54.0,38.0
India,Delhi,Delhi,"Wazirpur, Delhi - DPCC",11-04-2026 13:00,28.699793,77.165453,PM10,110.0,326.0,195.0
India,Gujarat,Ahmedabad,"Chandkheda, Ahmedabad - IITM",11-04-2026 13:00,23.107969,72.574648,PM2.5,17.0,198.0,94.0
India,Gujarat,Ahmedabad,"Chandkheda, Ahmedabad - IITM",11-04-2026 13:00,23.107969,72.574648,PM10,85.0,405.0,173.0
India,Gujarat,Ahmedabad,"Chandkheda, Ahmedabad - IITM",11-04-2026 13:00,23.107969,72.574648,SO2,4.0,102.0,16.0
India,Gujarat,Ahmedabad,"Gyaspur, Ahmedabad - IITM",11-04-2026 13:00,22.977134,72.553024,PM10,103.0,444.0,253.0
India,Gujarat,Ahmedabad,"Gyaspur, Ahmedabad - IITM",11-04-2026 13:00,22.977134,72.553024,CO,46.0,138.0,79.0
India,Gujarat,Ahmedabad,"Maninagar, Ahmedabad - GPCB",11-04-2026 13:00,23.002657,72.591912,NO2,82.0,89.0,86.0
India,Delhi,Delhi,"NSUT Jaffarpur, Delhi - DPCC",11-04-2026 13:00,28.594004,76.909423,OZONE,29.0,84.0,60.0
India,Delhi,Delhi,"Najafgarh, Delhi - DPCC",11-04-2026 13:00,28.570173,76.933762,OZONE,13.0,83.0,48.0
India,Delhi,Delhi,"Narela, Delhi - DPCC",11-04-2026 13:00,28.822836,77.101981,PM10,99.0,185.0,133.0
India,Delhi,Delhi,"Narela, Delhi - DPCC",11-04-2026 13:00,28.822836,77.101981,OZONE,22.0,51.0,34.0
India,Delhi,Delhi,"Nehru Nagar, Delhi - DPCC",11-04-2026 13:00,28.56789,77.250515,PM2.5,23.0,150.0,65.0
India,Delhi,Delhi,"Nehru Nagar, Delhi - DPCC",11-04-2026 13:00,28.56789,77.250515,PM10,85.0,175.0,121.0
India,Delhi,Delhi,"Nehru Nagar, Delhi - DPCC",11-04-2026 13:00,28.56789,77.250515,NH3,4.0,12.0,7.0
India,Delhi,Delhi,"Nehru Nagar, Delhi - DPCC",11-04-2026 13:00,28.56789,77.250515,SO2,7.0,23.0,16.0
India,Delhi,Delhi,"North Campus, DU, Delhi - IMD",11-04-2026 13:00,28.6573814,77.1585447,PM2.5,4.0,128.0,58.0
India,Delhi,Delhi,"Major Dhyan Chand National Stadium, Delhi - DPCC",11-04-2026 13:00,28.611281,77.237738,NO2,26.0,69.0,42.0
India,Delhi,Delhi,"Major Dhyan Chand National Stadium, Delhi - DPCC",11-04-2026 13:00,28.611281,77.237738,OZONE,30.0,105.0,42.0
India,Delhi,Delhi,"Mandir Marg, Delhi - DPCC",11-04-2026 13:00,28.636429,77.201067,SO2,0.0,0.0,0.0
India,Delhi,Delhi,"Mandir Marg, Delhi - DPCC",11-04-2026 13:00,28.636429,77.201067,OZONE,25.0,44.0,35.0
India,Delhi,Delhi,"Mundka, Delhi - DPCC",11-04-2026 13:00,28.684678,77.076574,CO,33.0,54.0,43.0
India,Delhi,Delhi,"Mundka, Delhi - DPCC",11-04-2026 13:00,28.684678,77.076574,OZONE,8.0,30.0,17.0
India,Delhi,Delhi,"NSIT Dwarka, Delhi - CPCB",11-04-2026 13:00,28.60909,77.0325413,PM10,102.0,150.0,126.0
India,Delhi,Delhi,"NSUT Jaffarpur, Delhi - DPCC",11-04-2026 13:00,28.594004,76.909423,PM2.5,13.0,307.0,127.0
India,Delhi,Delhi,"Rohini, Delhi - DPCC",11-04-2026 13:00,28.732528,77.11992,PM10,73.0,167.0,130.0
India,Delhi,Delhi,"Rohini, Delhi - DPCC",11-04-2026 13:00,28.732528,77.11992,NH3,5.0,7.0,5.0
India,Delhi,Delhi,"Rohini, Delhi - DPCC",11-04-2026 13:00,28.732528,77.11992,SO2,8.0,43.0,21.0
India,Delhi,Delhi,"Shadipur, Delhi - CPCB",11-04-2026 13:00,28.6514781,77.1473105,PM2.5,69.0,193.0,121.0
India,Delhi,Delhi,"Shadipur, Delhi - CPCB",11-04-2026 13:00,28.6514781,77.1473105,SO2,15.0,16.0,15.0
India,Delhi,Delhi,"Sirifort, Delhi - CPCB",11-04-2026 13:00,28.5504249,77.2159377,OZONE,13.0,28.0,19.0
India,Delhi,Delhi,"Sonia Vihar, Delhi - DPCC",11-04-2026 13:00,28.710508,77.249485,PM2.5,20.0,92.0,49.0
India,Delhi,Delhi,"Sri Aurobindo Marg, Delhi - DPCC",11-04-2026 13:00,28.531346,77.190156,PM2.5,140.0,140.0,140.0
India,Gujarat,Ahmedabad,"SAC ISRO Bopal, Ahmedabad - IITM",11-04-2026 13:00,23.041137,72.456691,PM10,82.0,177.0,124.0
India,Gujarat,Ahmedabad,"SAC ISRO Satellite, Ahmedabad - IITM",11-04-2026 13:00,23.023389,72.515201,PM2.5,59.0,324.0,147.0
India,Gujarat,Ahmedabad,"SVPI Airport Hansol, Ahmedabad - IITM",11-04-2026 13:00,23.076793,72.627874,NH3,1.0,12.0,4.0
India,Gujarat,Ahmedabad,"SVPI Airport Hansol, Ahmedabad - IITM",11-04-2026 13:00,23.076793,72.627874,OZONE,2.0,132.0,59.0
India,Gujarat,Ankleshwar,"GIDC, Ankleshwar - GPCB",11-04-2026 13:00,21.613267,73.010555,PM10,0.0,0.0,0.0
India,Delhi,Delhi,"North Campus, DU, Delhi - IMD",11-04-2026 13:00,28.6573814,77.1585447,NO2,7.0,38.0,21.0
India,Delhi,Delhi,"North Campus, DU, Delhi - IMD",11-04-2026 13:00,28.6573814,77.1585447,OZONE,26.0,113.0,59.0
India,Delhi,Delhi,"Patparganj, Delhi - DPCC",11-04-2026 13:00,28.623763,77.287209,SO2,11.0,32.0,23.0
India,Delhi,Delhi,"Patparganj, Delhi - DPCC",11-04-2026 13:00,28.623763,77.287209,CO,39.0,71.0,54.0
India,Delhi,Delhi,"Punjabi Bagh, Delhi - DPCC",11-04-2026 13:00,28.674045,77.131023,PM10,91.0,183.0,120.0
India,Delhi,Delhi,"Pusa, Delhi - DPCC",11-04-2026 13:00,28.639652,77.146275,PM2.5,23.0,302.0,92.0
India,Gujarat,Ahmedabad,"Rakhial, Ahmedabad - IITM",11-04-2026 13:00,23.016834,72.625775,NO2,5.0,16.0,10.0
India,Gujarat,Ahmedabad,"Rakhial, Ahmedabad - IITM",11-04-2026 13:00,23.016834,72.625775,CO,1.0,166.0,38.0
India,Delhi,Delhi,"Sri Aurobindo Marg, Delhi - DPCC",11-04-2026 13:00,28.531346,77.190156,SO2,5.0,17.0,11.0
India,Gujarat,Mehsana,"Sadanand Nagar, Mehsana - Nexteng Enviro",11-04-2026 13:00,23.59315,72.372792,OZONE,10.0,22.0,15.0
India,Gujarat,Nandesari,"GIDC, Nandesari - Nandesari Ind. Association",11-04-2026 13:00,22.410802,73.097923,PM10,37.0,153.0,98.0
India,Gujarat,Rajkot,"Mavdi, Rajkot - Nexteng Enviro ",11-04-2026 13:00,22.248853,70.776774,PM10,58.0,136.0,91.0
India,Gujarat,Rajkot,"Mavdi, Rajkot - Nexteng Enviro ",11-04-2026 13:00,22.248853,70.776774,NH3,1.0,2.0,1.0
India,Gujarat,Surat,"Katargam, Surat - Nexteng Enviro",11-04-2026 13:00,21.217779,72.834787,PM10,74.0,152.0,101.0
India,Gujarat,Surat,"Science Center, Surat - SMC",11-04-2026 13:00,21.170046,72.795405,SO2,17.0,24.0,19.0
India,Gujarat,Vadodara,"Bapunagar, Vadodara - Nexteng Enviro",11-04-2026 13:00,22.320153,73.216285,OZONE,2.0,13.0,6.0
India,Gujarat,Vapi,"Phase-1 GIDC, Vapi - GPCB",11-04-2026 13:00,20.362421,72.918013,PM2.5,0.0,0.0,0.0
India,Gujarat,Vapi,"Phase-1 GIDC, Vapi - GPCB",11-04-2026 13:00,20.362421,72.918013,OZONE,12.0,31.0,20.0
India,Gujarat,Vatva,"Phase-4 GIDC, Vatva - GPCB",11-04-2026 13:00,22.969611,72.6435,NH3,14.0,69.0,36.0
India,Haryana,Ambala,"Patti Mehar, Ambala - HSPCB",11-04-2026 13:00,30.379589,76.778328,NH3,7.0,8.0,8.0
India,Haryana,Ambala,"Patti Mehar, Ambala - HSPCB",11-04-2026 13:00,30.379589,76.778328,OZONE,14.0,25.0,21.0
India,Haryana,Bahadurgarh,"Arya Nagar, Bahadurgarh - HSPCB",11-04-2026 13:00,28.6701,76.9254,PM2.5,48.0,91.0,80.0
India,Haryana,Ballabgarh,"Nathu Colony, Ballabgarh - HSPCB",11-04-2026 13:00,28.3419248,77.319699,PM2.5,46.0,107.0,78.0
India,Haryana,Ballabgarh,"Nathu Colony, Ballabgarh - HSPCB",11-04-2026 13:00,28.3419248,77.319699,CO,39.0,90.0,59.0
India,Haryana,Bhiwani,"H.B. Colony, Bhiwani - HSPCB",11-04-2026 13:00,28.806223,76.141105,PM10,23.0,33.0,26.0
India,Haryana,Bhiwani,"H.B. Colony, Bhiwani - HSPCB",11-04-2026 13:00,28.806223,76.141105,NH3,7.0,12.0,10.0
India,Haryana,Charkhi Dadri,"Mini Secretariat, Charkhi Dadri - HSPCB",11-04-2026 13:00,28.593883,76.270653,NO2,9.0,25.0,15.0
India,Haryana,Charkhi Dadri,"Mini Secretariat, Charkhi Dadri - HSPCB",11-04-2026 13:00,28.593883,76.270653,SO2,10.0,12.0,11.0
India,Haryana,Dharuhera,"Municipal Corporation Office, Dharuhera -  HSPCB",11-04-2026 13:00,28.2068,76.7997,PM10,55.0,102.0,77.0
India,Haryana,Faridabad,"New Industrial Town, Faridabad - HSPCB",11-04-2026 13:00,28.39072,77.30059,CO,11.0,88.0,87.0
India,Haryana,Faridabad,"Sector 11, Faridabad - HSPCB",11-04-2026 13:00,28.376058,77.315741,PM2.5,100.0,305.0,206.0
India,Haryana,Faridabad,"Sector 11, Faridabad - HSPCB",11-04-2026 13:00,28.376058,77.315741,NH3,10.0,10.0,10.0
India,Haryana,Faridabad,"Sector 30, Faridabad - HSPCB",11-04-2026 13:00,28.4417,77.3217,PM2.5,52.0,87.0,64.0
India,Haryana,Faridabad,"Sector 30, Faridabad - HSPCB",11-04-2026 13:00,28.4417,77.3217,OZONE,10.0,10.0,10.0
India,Haryana,Fatehabad,"Huda Sector, Fatehabad - HSPCB",11-04-2026 13:00,29.503664,75.467934,CO,9.0,57.0,25.0
India,Haryana,Fatehabad,"Huda Sector, Fatehabad - HSPCB",11-04-2026 13:00,29.503664,75.467934,OZONE,37.0,138.0,62.0
India,Haryana,Gurugram,"NISE Gwal Pahari, Gurugram - IMD",11-04-2026 13:00,28.422681,77.148944,PM2.5,19.0,114.0,61.0
India,Haryana,Gurugram,"Sector-51, Gurugram - HSPCB",11-04-2026 13:00,28.4227,77.0667,NO2,4.0,10.0,6.0
India,Haryana,Gurugram,"Sector-51, Gurugram - HSPCB",11-04-2026 13:00,28.4227,77.0667,NH3,6.0,10.0,8.0
India,Haryana,Gurugram,"Teri Gram, Gurugram - HSPCB",11-04-2026 13:00,28.4275,77.1465,NH3,11.0,21.0,15.0
India,Haryana,Gurugram,"Teri Gram, Gurugram - HSPCB",11-04-2026 13:00,28.4275,77.1465,SO2,4.0,11.0,9.0
India,Haryana,Gurugram,"Vikas Sadan, Gurugram - HSPCB",11-04-2026 13:00,28.4501238,77.0263051,PM2.5,147.0,319.0,267.0
India,Haryana,Gurugram,"Vikas Sadan, Gurugram - HSPCB",11-04-2026 13:00,28.4501238,77.0263051,NO2,9.0,46.0,26.0
India,Haryana,Gurugram,"Vikas Sadan, Gurugram - HSPCB",11-04-2026 13:00,28.4501238,77.0263051,OZONE,4.0,31.0,19.0
India,Gujarat,Gandhinagar,"IIPHG Lekawada, Gandhinagar - IITM",11-04-2026 13:00,23.243639,72.68994,SO2,2.0,4.0,3.0
India,Gujarat,Gandhinagar,"Sector-10, Gandhinagar - GPCB",11-04-2026 13:00,23.221714,72.654328,CO,16.0,46.0,21.0
India,Gujarat,Mehsana,"Sadanand Nagar, Mehsana - Nexteng Enviro",11-04-2026 13:00,23.59315,72.372792,SO2,5.0,16.0,9.0
India,Gujarat,Ankleshwar,"GIDC, Ankleshwar - GPCB",11-04-2026 13:00,21.613267,73.010555,CO,0.0,0.0,0.0
India,Gujarat,Bhavnagar,"Vidhyanagar, Bhavnagar - Nexteng Enviro",11-04-2026 13:00,21.755417,72.139056,NH3,3.0,4.0,3.0
India,Gujarat,Bhavnagar,"Vidhyanagar, Bhavnagar - Nexteng Enviro",11-04-2026 13:00,21.755417,72.139056,SO2,5.0,8.0,7.0
India,Gujarat,Gandhinagar,"GIFT City, Gandhinagar - IITM",11-04-2026 13:00,23.163798,72.677768,PM10,113.0,463.0,223.0
India,Gujarat,Gandhinagar,"IIPHG Lekawada, Gandhinagar - IITM",11-04-2026 13:00,23.243639,72.68994,PM2.5,17.0,209.0,88.0
India,Haryana,Fatehabad,"Huda Sector, Fatehabad - HSPCB",11-04-2026 13:00,29.503664,75.467934,SO2,4.0,72.0,32.0
India,Haryana,Sonipat,"Murthal, Sonipat - HSPCB",11-04-2026 13:00,29.0272,77.0621,NO2,12.0,13.0,12.0
India,Haryana,Sonipat,"Murthal, Sonipat - HSPCB",11-04-2026 13:00,29.0272,77.0621,SO2,4.0,4.0,4.0
India,Haryana,Sonipat,"Murthal, Sonipat - HSPCB",11-04-2026 13:00,29.0272,77.0621,OZONE,25.0,26.0,26.0
India,Haryana,Yamuna Nagar,"Gobind Pura, Yamuna Nagar - HSPCB",11-04-2026 13:00,30.1480566,77.2893471,CO,14.0,51.0,47.0
India,Himachal Pradesh,Baddi,"HIMUDA Complex Phase-1, Baddi - HPPCB",11-04-2026 13:00,30.943887,76.801991,PM2.5,50.0,170.0,83.0
India,Himachal Pradesh,Baddi,"HIMUDA Complex Phase-1, Baddi - HPPCB",11-04-2026 13:00,30.943887,76.801991,OZONE,40.0,124.0,76.0
India,Jammu_and_Kashmir,Pampore,"Khrew, Pampore - JKPCC",11-04-2026 13:00,34.031606,75.009712,SO2,3.0,4.0,3.0
India,Jammu_and_Kashmir,Srinagar,"Khunmoh, Srinagar - JKPCC",11-04-2026 13:00,34.06313,74.96017,SO2,3.0,4.0,4.0
India,Jammu_and_Kashmir,Srinagar,"Rajbagh, Srinagar - JKPCC",11-04-2026 13:00,34.066206,74.81982,CO,10.0,20.0,13.0
India,Karnataka,Bengaluru,"Jigani, Bengaluru - KSPCB",11-04-2026 13:00,12.7816279,77.6299145,PM2.5,36.0,75.0,57.0
India,Karnataka,Bengaluru,"Jigani, Bengaluru - KSPCB",11-04-2026 13:00,12.7816279,77.6299145,PM10,44.0,131.0,94.0
India,Karnataka,Bengaluru,"Jigani, Bengaluru - KSPCB",11-04-2026 13:00,12.7816279,77.6299145,CO,42.0,44.0,43.0
India,Karnataka,Bengaluru,"Peenya, Bengaluru - CPCB",11-04-2026 13:00,13.0270199,77.494094,NH3,3.0,5.0,3.0
India,Karnataka,Bengaluru,"Peenya, Bengaluru - CPCB",11-04-2026 13:00,13.0270199,77.494094,OZONE,27.0,28.0,28.0
India,Karnataka,Bengaluru,"RVCE-Mailasandra, Bengaluru - KSPCB",11-04-2026 13:00,12.921418,77.502466,PM2.5,30.0,296.0,103.0
India,Karnataka,Bengaluru,"RVCE-Mailasandra, Bengaluru - KSPCB",11-04-2026 13:00,12.921418,77.502466,OZONE,25.0,30.0,29.0
India,Karnataka,Bengaluru,"Sanegurava Halli, Bengaluru - KSPCB",11-04-2026 13:00,12.990328,77.5431385,SO2,6.0,6.0,6.0
India,Karnataka,Bengaluru,"Shivapura_Peenya, Bengaluru - KSPCB",11-04-2026 13:00,13.0246342,77.5080115,PM10,30.0,30.0,30.0
India,Karnataka,Bengaluru,"Silk Board, Bengaluru - KSPCB",11-04-2026 13:00,12.917348,77.622813,NO2,5.0,25.0,11.0
India,Haryana,Palwal,"Shyam Nagar, Palwal - HSPCB",11-04-2026 13:00,28.1485564,77.3320667,CO,28.0,29.0,28.0
India,Haryana,Panchgaon,"Amity University, Panchgaon - IITM",11-04-2026 13:00,28.3153,76.9143,CO,21.0,52.0,41.0
India,Haryana,Panchkula,"Sector-6, Panchkula - HSPCB ",11-04-2026 13:00,30.7057778,76.85318056,SO2,13.0,14.0,14.0
India,Haryana,Panipat,"Sector-18, Panipat - HSPCB",11-04-2026 13:00,29.432304,76.972765,PM2.5,12.0,42.0,26.0
India,Haryana,Panipat,"Sector-18, Panipat - HSPCB",11-04-2026 13:00,29.432304,76.972765,NO2,31.0,32.0,31.0
India,Haryana,Panipat,"Sector-18, Panipat - HSPCB",11-04-2026 13:00,29.432304,76.972765,SO2,11.0,11.0,11.0
India,Haryana,Rohtak,"MD University, Rohtak - HSPCB",11-04-2026 13:00,28.52123,76.37138,PM2.5,71.0,125.0,89.0
India,Haryana,Sirsa,"F-Block, Sirsa - HSPCB",11-04-2026 13:00,29.5364,75.0158,NH3,12.0,13.0,13.0
India,Haryana,Sirsa,"F-Block, Sirsa - HSPCB",11-04-2026 13:00,29.5364,75.0158,SO2,2.0,65.0,15.0
India,Haryana,Karnal,"Sector-12, Karnal - HSPCB",11-04-2026 13:00,29.6953,77.0027,NH3,6.0,6.0,6.0
India,Haryana,Karnal,"Sector-12, Karnal - HSPCB",11-04-2026 13:00,29.6953,77.0027,OZONE,19.0,69.0,33.0
India,Haryana,Kurukshetra,"Sector-7, Kurukshetra - HSPCB",11-04-2026 13:00,29.966942,76.875879,PM2.5,86.0,150.0,116.0
India,Haryana,Kurukshetra,"Sector-7, Kurukshetra - HSPCB",11-04-2026 13:00,29.966942,76.875879,NH3,6.0,7.0,6.0
India,Haryana,Mandikhera,"General Hospital, Mandikhera(Nuh) - HSPCB",11-04-2026 13:00,27.9002,76.9938,CO,20.0,44.0,22.0
India,Haryana,Manesar,"Sector-2 IMT, Manesar - HSPCB",11-04-2026 13:00,28.360699,76.93609,PM10,63.0,113.0,90.0
India,Jharkhand,Dhanbad,"Sardar Patel Nagar, Dhanbad - JSPCB",11-04-2026 13:00,23.80569,86.44268,SO2,1.0,140.0,92.0
India,Jharkhand,Dhanbad,"Sardar Patel Nagar, Dhanbad - JSPCB",11-04-2026 13:00,23.80569,86.44268,OZONE,3.0,38.0,20.0
India,Jharkhand,Jorapokhar,"Tata Stadium, Jorapokhar - JSPCB",11-04-2026 13:00,23.707909,86.41467,PM2.5,39.0,191.0,61.0
India,Jharkhand,Jorapokhar,"Tata Stadium, Jorapokhar - JSPCB",11-04-2026 13:00,23.707909,86.41467,PM10,45.0,157.0,93.0
India,Jharkhand,Jorapokhar,"Tata Stadium, Jorapokhar - JSPCB",11-04-2026 13:00,23.707909,86.41467,OZONE,2.0,26.0,14.0
India,Karnataka,Belgaum,"Ramteerth Nagar, Belgaum - KSPCB",11-04-2026 13:00,15.888653,74.541751,NO2,6.0,104.0,48.0
India,Karnataka,Bengaluru,"BTM Layout, Bengaluru - CPCB",11-04-2026 13:00,12.9135218,77.5950804,NO2,0.0,0.0,0.0
India,Karnataka,Bengaluru,"BWSSB Kadabesanahalli, Bengaluru - CPCB",11-04-2026 13:00,12.9352049,77.6814488,CO,35.0,38.0,36.0
India,Karnataka,Bengaluru,"Bapuji Nagar, Bengaluru - KSPCB",11-04-2026 13:00,12.951913,77.539784,NH3,1.0,3.0,2.0
India,Karnataka,Bengaluru,"Bapuji Nagar, Bengaluru - KSPCB",11-04-2026 13:00,12.951913,77.539784,CO,14.0,55.0,26.0
India,Karnataka,Bengaluru,"Bapuji Nagar, Bengaluru - KSPCB",11-04-2026 13:00,12.951913,77.539784,OZONE,24.0,83.0,42.0
India,Haryana,Jind,"Police Lines, Jind - HSPCB",11-04-2026 13:00,29.307814,76.337619,SO2,1.0,2.0,1.0
India,Haryana,Kaithal,"Rishi Nagar, Kaithal - HSPCB",11-04-2026 13:00,29.8006,76.4155,NH3,5.0,6.0,6.0
India,Haryana,Karnal,"Sector-12, Karnal - HSPCB",11-04-2026 13:00,29.6953,77.0027,PM10,15.0,77.0,59.0
India,Haryana,Hisar,"Urban Estate-II, Hisar - HSPCB",11-04-2026 13:00,29.14056,75.744941,SO2,3.0,14.0,10.0
India,Haryana,Jind,"Police Lines, Jind - HSPCB",11-04-2026 13:00,29.307814,76.337619,PM2.5,55.0,129.0,78.0
India,Karnataka,Bengaluru,"Hombegowda Nagar, Bengaluru - KSPCB",11-04-2026 13:00,12.938539,77.5901,PM10,0.0,0.0,0.0
India,Karnataka,Bengaluru,"Hombegowda Nagar, Bengaluru - KSPCB",11-04-2026 13:00,12.938539,77.5901,CO,7.0,33.0,14.0
India,Madhya Pradesh,Bhopal,"T T Nagar, Bhopal - MPPCB",11-04-2026 13:00,23.233584,77.400574,PM2.5,28.0,315.0,104.0
India,Madhya Pradesh,Damoh,"Shrivastav Colony, Damoh - MPPCB",11-04-2026 13:00,23.81748678,79.446246,PM10,41.0,180.0,100.0
India,Madhya Pradesh,Dewas,"Bhopal Chauraha, Dewas - MPPCB",11-04-2026 13:00,22.9682591,76.064118,PM2.5,19.0,310.0,130.0
India,Madhya Pradesh,Dewas,"Bhopal Chauraha, Dewas - MPPCB",11-04-2026 13:00,22.9682591,76.064118,NH3,4.0,5.0,4.0
India,Madhya Pradesh,Gwalior,"City Center, Gwalior - MPPCB",11-04-2026 13:00,26.203442,78.193251,SO2,11.0,13.0,12.0
India,Madhya Pradesh,Gwalior,"City Center, Gwalior - MPPCB",11-04-2026 13:00,26.203442,78.193251,OZONE,95.0,152.0,122.0
India,Madhya Pradesh,Gwalior,"Deen Dayal Nagar, Gwalior - MPPCB",11-04-2026 13:00,26.259242,78.216432,NO2,20.0,61.0,41.0
India,Madhya Pradesh,Gwalior,"Deen Dayal Nagar, Gwalior - MPPCB",11-04-2026 13:00,26.259242,78.216432,SO2,8.0,30.0,15.0
India,Madhya Pradesh,Gwalior,"Deen Dayal Nagar, Gwalior - MPPCB",11-04-2026 13:00,26.259242,78.216432,CO,34.0,94.0,51.0
India,Madhya Pradesh,Indore,"Airport Area, Indore - IMC",11-04-2026 13:00,22.7289,75.8076,PM10,49.0,232.0,109.0
India,Madhya Pradesh,Indore,"Airport Area, Indore - IMC",11-04-2026 13:00,22.7289,75.8076,SO2,23.0,62.0,29.0
India,Madhya Pradesh,Indore,"Chhoti Gwaltoli, Indore - MPPCB",11-04-2026 13:00,22.431,75.5213,NO2,74.0,133.0,104.0
India,Madhya Pradesh,Indore,"Chhoti Gwaltoli, Indore - MPPCB",11-04-2026 13:00,22.431,75.5213,NH3,14.0,21.0,19.0
India,Madhya Pradesh,Indore,"Chhoti Gwaltoli, Indore - MPPCB",11-04-2026 13:00,22.431,75.5213,OZONE,7.0,64.0,46.0
India,Madhya Pradesh,Indore,"Maguda Nagar, Indore - IMC",11-04-2026 13:00,22.7524,75.8872,OZONE,12.0,16.0,14.0
India,Karnataka,Madikeri,"Stuart Hill, Madikeri - KSPCB",11-04-2026 13:00,12.415911,75.73505,PM2.5,7.0,500.0,145.0
India,Karnataka,Mysuru,"Hebbal 1st Stage, Mysuru - KSPCB",11-04-2026 13:00,12.21041,76.37376,NH3,2.0,6.0,4.0
India,Karnataka,Ramanagara,"Vijay Nagar, Ramanagara - KSPCB",11-04-2026 13:00,12.733409,77.298051,PM2.5,40.0,78.0,61.0
India,Karnataka,Ramanagara,"Vijay Nagar, Ramanagara - KSPCB",11-04-2026 13:00,12.733409,77.298051,PM10,52.0,106.0,77.0
India,Karnataka,Ramanagara,"Vijay Nagar, Ramanagara - KSPCB",11-04-2026 13:00,12.733409,77.298051,SO2,19.0,24.0,22.0
India,Karnataka,Hubballi,"Lingaraj Nagar, Hubballi - KSPCB",11-04-2026 13:00,15.3714823,75.1160168,PM2.5,41.0,42.0,41.0
India,Karnataka,Hubballi,"Lingaraj Nagar, Hubballi - KSPCB",11-04-2026 13:00,15.3714823,75.1160168,NH3,2.0,2.0,2.0
India,Karnataka,Kalaburagi,"Mahatma Basaveswar Colony, Kalaburgi - KSPCB",11-04-2026 13:00,17.336318,76.847397,NO2,13.0,17.0,16.0
India,Karnataka,Kalaburagi,"Mahatma Basaveswar Colony, Kalaburgi - KSPCB",11-04-2026 13:00,17.336318,76.847397,CO,39.0,86.0,49.0
India,Kerala,Thiruvananthapuram,"Plammoodu, Thiruvananthapuram - Kerala PCB",11-04-2026 13:00,8.5149093,76.9435879,PM10,29.0,71.0,46.0
India,Kerala,Thiruvananthapuram,"Plammoodu, Thiruvananthapuram - Kerala PCB",11-04-2026 13:00,8.5149093,76.9435879,CO,5.0,27.0,11.0
India,Madhya Pradesh,Bhopal,"Idgah Hills, Bhopal - MPPCB",11-04-2026 13:00,23.264759,77.381568,CO,8.0,84.0,49.0
India,Karnataka,Chikkaballapur,"Chikkaballapur Rural, Chikkaballapur - KSPCB",11-04-2026 13:00,13.428828,77.731418,NH3,2.0,2.0,2.0
India,Karnataka,Chikkaballapur,"Chikkaballapur Rural, Chikkaballapur - KSPCB",11-04-2026 13:00,13.428828,77.731418,OZONE,6.0,18.0,15.0
India,Karnataka,Chikkamagaluru,"Kalyana Nagara, Chikkamagaluru - KSPCB",11-04-2026 13:00,13.328028,75.797056,PM10,30.0,41.0,38.0
India,Karnataka,Vijayapura,"Ibrahimpur, Vijayapura - KSPCB",11-04-2026 13:00,16.802639,75.722694,NO2,11.0,12.0,11.0
India,Karnataka,Vijayapura,"Ibrahimpur, Vijayapura - KSPCB",11-04-2026 13:00,16.802639,75.722694,OZONE,16.0,17.0,16.0
India,Kerala,Kollam,"Polayathode, Kollam - Kerala PCB",11-04-2026 13:00,8.8787,76.6073,PM10,71.0,82.0,75.0
India,Karnataka,Shivamogga,"Vinoba Nagara, Shivamogga - KSPCB",11-04-2026 13:00,13.94,75.555917,NO2,17.0,25.0,18.0
India,Karnataka,Tumakuru,"Thimmalapura, Tumakuru - KSPCB",11-04-2026 13:00,13.377516,77.099072,PM2.5,0.0,0.0,0.0
India,Karnataka,Tumakuru,"Thimmalapura, Tumakuru - KSPCB",11-04-2026 13:00,13.377516,77.099072,PM10,58.0,74.0,65.0
India,Kerala,Kollam,"Polayathode, Kollam - Kerala PCB",11-04-2026 13:00,8.8787,76.6073,NH3,1.0,1.0,1.0
India,Kerala,Kollam,"Polayathode, Kollam - Kerala PCB",11-04-2026 13:00,8.8787,76.6073,CO,14.0,18.0,16.0
India,Maharashtra,Aurangabad,"Rachnakar Colony, Aurangabad - MPCB",11-04-2026 13:00,19.863756,75.321188,NH3,1.0,5.0,3.0
India,Maharashtra,Aurangabad,"Rachnakar Colony, Aurangabad - MPCB",11-04-2026 13:00,19.863756,75.321188,SO2,10.0,30.0,16.0
India,Maharashtra,Badlapur,"Katrap, Badlapur - MPCB",11-04-2026 13:00,19.16485,73.23409,SO2,4.0,45.0,12.0
India,Maharashtra,Beed,"Bir, Beed - MPCB",11-04-2026 13:00,18.988474,75.753873,PM2.5,28.0,185.0,51.0
India,Maharashtra,Beed,"Bir, Beed - MPCB",11-04-2026 13:00,18.988474,75.753873,CO,15.0,135.0,30.0
India,Maharashtra,Beed,"Bir, Beed - MPCB",11-04-2026 13:00,18.988474,75.753873,OZONE,3.0,57.0,32.0
India,Maharashtra,Belapur,"CBD Belapur, Belapur - MPCB",11-04-2026 13:00,19.0243902,73.0406721,NO2,39.0,117.0,74.0
India,Maharashtra,Belapur,"CBD Belapur, Belapur - MPCB",11-04-2026 13:00,19.0243902,73.0406721,NH3,1.0,10.0,7.0
India,Maharashtra,Belapur,"CBD Belapur, Belapur - MPCB",11-04-2026 13:00,19.0243902,73.0406721,CO,30.0,48.0,38.0
India,Maharashtra,Belapur,"CBD Belapur, Belapur - MPCB",11-04-2026 13:00,19.0243902,73.0406721,OZONE,4.0,113.0,47.0
India,Maharashtra,Bhiwandi,"Gokul Nagar, Bhiwandi - MPCB",11-04-2026 13:00,19.309073,73.057223,PM10,111.0,164.0,131.0
India,Maharashtra,Bhiwandi,"Gokul Nagar, Bhiwandi - MPCB",11-04-2026 13:00,19.309073,73.057223,SO2,4.0,17.0,10.0
India,Maharashtra,Bhiwandi,"Gokul Nagar, Bhiwandi - MPCB",11-04-2026 13:00,19.309073,73.057223,OZONE,11.0,84.0,36.0
India,Maharashtra,Boisar,"Khaira, Boisar - MPCB",11-04-2026 13:00,19.786089,72.757971,PM2.5,57.0,66.0,61.0
India,Maharashtra,Boisar,"Khaira, Boisar - MPCB",11-04-2026 13:00,19.786089,72.757971,NH3,3.0,5.0,4.0
India,Madhya Pradesh,Indore,"Residency Area, Indore - IMC",11-04-2026 13:00,22.7084,75.8815,SO2,13.0,20.0,16.0
India,Madhya Pradesh,Jabalpur,"Govindh Bhavan Colony, Jabalpur - JMC",11-04-2026 13:00,23.163174,79.973061,CO,10.0,44.0,20.0
India,Madhya Pradesh,Jabalpur,"Gupteshwar, Jabalpur - JMC",11-04-2026 13:00,23.142888,79.916147,PM2.5,25.0,301.0,131.0
India,Madhya Pradesh,Jabalpur,"Gupteshwar, Jabalpur - JMC",11-04-2026 13:00,23.142888,79.916147,PM10,64.0,182.0,120.0
India,Madhya Pradesh,Jabalpur,"Gupteshwar, Jabalpur - JMC",11-04-2026 13:00,23.142888,79.916147,OZONE,5.0,48.0,30.0
India,Madhya Pradesh,Jabalpur,"Suhagi, Jabalpur - JMC",11-04-2026 13:00,23.218135,79.95777,PM2.5,13.0,238.0,92.0
India,Madhya Pradesh,Jabalpur,"Suhagi, Jabalpur - JMC",11-04-2026 13:00,23.218135,79.95777,CO,13.0,138.0,26.0
India,Madhya Pradesh,Katni,"Gole Bazar, Katni - MPPCB",11-04-2026 13:00,23.50016,80.23284,PM10,46.0,238.0,115.0
India,Madhya Pradesh,Katni,"Gole Bazar, Katni - MPPCB",11-04-2026 13:00,23.50016,80.23284,CO,16.0,93.0,44.0
India,Madhya Pradesh,Katni,"Gole Bazar, Katni - MPPCB",11-04-2026 13:00,23.50016,80.23284,OZONE,9.0,96.0,57.0
India,Madhya Pradesh,Mandideep,"Sector-D Industrial Area, Mandideep - MPPCB",11-04-2026 13:00,23.10844,77.511428,PM2.5,48.0,400.0,216.0
India,Madhya Pradesh,Mandideep,"Sector-D Industrial Area, Mandideep - MPPCB",11-04-2026 13:00,23.10844,77.511428,PM10,78.0,340.0,185.0
India,Madhya Pradesh,Mandideep,"Sector-D Industrial Area, Mandideep - MPPCB",11-04-2026 13:00,23.10844,77.511428,SO2,22.0,134.0,76.0
India,Madhya Pradesh,Mandideep,"Sector-D Industrial Area, Mandideep - MPPCB",11-04-2026 13:00,23.10844,77.511428,OZONE,4.0,139.0,71.0
India,Madhya Pradesh,Pithampur,"Sector-2 Industrial Area, Pithampur - MPPCB",11-04-2026 13:00,22.624758,75.675238,PM10,82.0,408.0,216.0
India,Madhya Pradesh,Pithampur,"Sector-2 Industrial Area, Pithampur - MPPCB",11-04-2026 13:00,22.624758,75.675238,NH3,14.0,25.0,19.0
India,Maharashtra,Chandrapur,"Chauhan Colony, Chandrapur - MPCB",11-04-2026 13:00,19.9629,79.298714,SO2,21.0,33.0,27.0
India,Maharashtra,Chandrapur,"MIDC Khutala, Chandrapur - MPCB",11-04-2026 13:00,19.9775302,79.2337086,PM2.5,33.0,95.0,60.0
India,Maharashtra,Chandrapur,"MIDC Khutala, Chandrapur - MPCB",11-04-2026 13:00,19.9775302,79.2337086,SO2,3.0,83.0,34.0
India,Maharashtra,Chandrapur,"MIDC Khutala, Chandrapur - MPCB",11-04-2026 13:00,19.9775302,79.2337086,CO,36.0,42.0,38.0
India,Maharashtra,Dhule,"Deopur, Dhule - MPCB",11-04-2026 13:00,20.918946,74.776388,PM2.5,33.0,110.0,74.0
India,Maharashtra,Dhule,"Deopur, Dhule - MPCB",11-04-2026 13:00,20.918946,74.776388,NH3,1.0,3.0,1.0
India,Maharashtra,Dombivli,"Kalu Nagar, Dombivli - MPCB",11-04-2026 13:00,19.2268427,73.0788456,NO2,14.0,58.0,32.0
India,Maharashtra,Ambernath,"Chinchpada, Ambernath - MPCB",11-04-2026 13:00,19.215784,73.199781,NH3,0.0,0.0,0.0
India,Maharashtra,Amravati,"Shivneri Colony, Amravati - MPCB",11-04-2026 13:00,20.9402359,77.7895248,PM10,57.0,121.0,99.0
India,Maharashtra,Amravati,"Shri Shivaji Science College, Amravati - MPCB",11-04-2026 13:00,20.939198,77.765701,NH3,2.0,10.0,3.0
India,Maharashtra,Aurangabad,"MIDC Chilkalthana, Aurangabad - MPCB",11-04-2026 13:00,19.87562,75.38731,PM2.5,42.0,54.0,50.0
India,Maharashtra,Aurangabad,"MIDC Chilkalthana, Aurangabad - MPCB",11-04-2026 13:00,19.87562,75.38731,NH3,4.0,5.0,5.0
India,Maharashtra,Aurangabad,"MIDC Chilkalthana, Aurangabad - MPCB",11-04-2026 13:00,19.87562,75.38731,CO,7.0,12.0,10.0
India,Madhya Pradesh,Ratlam,"Shasthri Nagar, Ratlam - IPCA Lab",11-04-2026 13:00,23.331731,75.045981,SO2,35.0,70.0,42.0
India,Madhya Pradesh,Sagar,"Civil Lines, Sagar - MPPCB",11-04-2026 13:00,23.838586,78.759431,OZONE,33.0,166.0,163.0
India,Madhya Pradesh,Ujjain,"Mahashweta Nagar, Ujjain - MPPCB",11-04-2026 13:00,23.1633321,75.800225,SO2,0.0,0.0,0.0
India,Madhya Pradesh,Ujjain,"Mahashweta Nagar, Ujjain - MPPCB",11-04-2026 13:00,23.1633321,75.800225,CO,18.0,67.0,24.0
India,Madhya Pradesh,Satna,"Bandhavgar Colony, Satna - Birla Cement",11-04-2026 13:00,24.58434363,80.8549414,PM10,69.0,71.0,70.0
India,Maharashtra,Aurangabad,"More Chowk Waluj, Aurangabad - MPCB",11-04-2026 13:00,19.8389439,75.244448,OZONE,8.0,58.0,34.0
India,Maharashtra,Jalna,"Old MIDC, Jalna - MPCB",11-04-2026 13:00,19.854616,75.905894,OZONE,4.0,78.0,47.0
India,Maharashtra,Kolhapur,"Shivaji University, Kolhapur - MPCB",11-04-2026 13:00,16.6870449,74.2505872,PM10,70.0,105.0,89.0
India,Maharashtra,Kolhapur,"Shivaji University, Kolhapur - MPCB",11-04-2026 13:00,16.6870449,74.2505872,CO,10.0,40.0,17.0
India,Maharashtra,Kolhapur,"Sinchan Bhavan, Kolhapur - MPCB",11-04-2026 13:00,16.7143745,74.2426398,NO2,0.0,0.0,0.0
India,Maharashtra,Kolhapur,"Sinchan Bhavan, Kolhapur - MPCB",11-04-2026 13:00,16.7143745,74.2426398,NH3,0.0,0.0,0.0
India,Maharashtra,Kolhapur,"Sinchan Bhavan, Kolhapur - MPCB",11-04-2026 13:00,16.7143745,74.2426398,SO2,0.0,0.0,0.0
India,Maharashtra,Latur,"Sawe Wadi, Latur - MPCB",11-04-2026 13:00,18.39963,76.57452,NO2,11.0,63.0,25.0
India,Maharashtra,Latur,"Sawe Wadi, Latur - MPCB",11-04-2026 13:00,18.39963,76.57452,SO2,4.0,11.0,8.0
India,Maharashtra,Mumbai,"Sewri, Mumbai - BMC",11-04-2026 13:00,19.000084,72.85673,PM2.5,20.0,96.0,43.0
India,Maharashtra,Mumbai,"Sewri, Mumbai - BMC",11-04-2026 13:00,19.000084,72.85673,PM10,69.0,105.0,85.0
India,Maharashtra,Mumbai,"Sewri, Mumbai - BMC",11-04-2026 13:00,19.000084,72.85673,CO,3.0,28.0,13.0
India,Maharashtra,Mumbai,"Shivaji Nagar, Mumbai - BMC",11-04-2026 13:00,19.060498,72.923356,CO,10.0,62.0,15.0
India,Maharashtra,Mumbai,"Shivaji Nagar, Mumbai - BMC",11-04-2026 13:00,19.060498,72.923356,OZONE,2.0,44.0,28.0
India,Maharashtra,Mumbai,"Siddharth Nagar-Worli, Mumbai - IITM",11-04-2026 13:00,19.000083,72.813993,PM2.5,39.0,71.0,58.0
India,Maharashtra,Mumbai,"Siddharth Nagar-Worli, Mumbai - IITM",11-04-2026 13:00,19.000083,72.813993,PM10,112.0,128.0,120.0
India,Maharashtra,Mumbai,"Sion, Mumbai - MPCB",11-04-2026 13:00,19.047,72.8746,PM10,32.0,222.0,99.0
India,Maharashtra,Mumbai,"Kandivali West, Mumbai - BMC",11-04-2026 13:00,19.215859,72.831718,NO2,14.0,18.0,16.0
India,Maharashtra,Mumbai,"Kandivali West, Mumbai - BMC",11-04-2026 13:00,19.215859,72.831718,OZONE,29.0,56.0,37.0
India,Maharashtra,Mumbai,"Kherwadi_Bandra East, Mumbai - MPCB",11-04-2026 13:00,19.0632143,72.8456324,PM10,98.0,142.0,117.0
India,Maharashtra,Mumbai,"Kherwadi_Bandra East, Mumbai - MPCB",11-04-2026 13:00,19.0632143,72.8456324,OZONE,23.0,58.0,40.0
India,Maharashtra,Mumbai,"Khindipada-Bhandup West, Mumbai - IITM",11-04-2026 13:00,19.1653323,72.922099,NO2,13.0,21.0,17.0
India,Maharashtra,Mumbai,"Kurla, Mumbai - MPCB",11-04-2026 13:00,19.0863,72.8888,NO2,5.0,8.0,6.0
India,Maharashtra,Mumbai,"Chhatrapati Shivaji Intl. Airport (T2), Mumbai - MPCB",11-04-2026 13:00,19.10078,72.87462,PM10,91.0,134.0,112.0
India,Maharashtra,Mumbai,"Colaba, Mumbai - MPCB",11-04-2026 13:00,18.91,72.82,NH3,4.0,4.0,4.0
India,Maharashtra,Mumbai,"Deonar, Mumbai - IITM",11-04-2026 13:00,19.04946,72.923,NH3,6.0,12.0,9.0
India,Maharashtra,Mumbai,"Deonar, Mumbai - IITM",11-04-2026 13:00,19.04946,72.923,SO2,1.0,3.0,2.0
India,Maharashtra,Mumbai,"Deonar, Mumbai - IITM",11-04-2026 13:00,19.04946,72.923,OZONE,1.0,78.0,45.0
India,Maharashtra,Mumbai,"Ghatkopar, Mumbai - BMC",11-04-2026 13:00,19.083694,72.920967,PM10,96.0,151.0,122.0
India,Maharashtra,Mumbai,"Mazgaon, Mumbai - IITM",11-04-2026 13:00,18.96702,72.84214,PM10,114.0,144.0,128.0
India,Maharashtra,Mumbai,"Mazgaon, Mumbai - IITM",11-04-2026 13:00,18.96702,72.84214,NH3,8.0,13.0,10.0
India,Maharashtra,Mumbai,"Mindspace-Malad West, Mumbai - MPCB",11-04-2026 13:00,19.1878657,72.8304069,PM2.5,4.0,85.0,43.0
India,Maharashtra,Mumbai,"Mulund West, Mumbai - MPCB",11-04-2026 13:00,19.175,72.9419,PM2.5,21.0,48.0,32.0
India,Maharashtra,Mumbai,"Navy Nagar-Colaba, Mumbai - IITM",11-04-2026 13:00,18.897756,72.81332,OZONE,48.0,72.0,64.0
India,Maharashtra,Mumbai,"Borivali East, Mumbai - IITM",11-04-2026 13:00,19.23241,72.86895,NO2,30.0,89.0,45.0
India,Maharashtra,Mumbai,"Borivali East, Mumbai - MPCB",11-04-2026 13:00,19.2243333,72.8658113,PM10,87.0,130.0,110.0
India,Maharashtra,Mumbai,"Chembur, Mumbai - MPCB",11-04-2026 13:00,19.0364585,72.8954371,PM10,105.0,139.0,122.0
India,Maharashtra,Mumbai,"Chembur, Mumbai - MPCB",11-04-2026 13:00,19.0364585,72.8954371,OZONE,4.0,75.0,38.0
India,Maharashtra,Mahad,"Kamble Tarf Birwadi, Mahad - MPCB",11-04-2026 13:00,18.1023399,73.4783687,NH3,3.0,8.0,4.0
India,Maharashtra,Mahad,"Kamble Tarf Birwadi, Mahad - MPCB",11-04-2026 13:00,18.1023399,73.4783687,SO2,18.0,61.0,31.0
India,Maharashtra,Malegaon,"Mahesh Nagar, Malegaon - MPCB",11-04-2026 13:00,20.555712,74.529236,PM10,51.0,354.0,118.0
India,Maharashtra,Mumbai,"Bandra Kurla Complex, Mumbai - IITM",11-04-2026 13:00,19.053536,72.84643,PM10,100.0,190.0,169.0
India,Maharashtra,Mumbai,"Bandra Kurla Complex, Mumbai - IITM",11-04-2026 13:00,19.053536,72.84643,SO2,1.0,3.0,2.0
India,Maharashtra,Mumbai,"Bandra Kurla Complex, Mumbai - MPCB",11-04-2026 13:00,19.065931,72.862131,NH3,3.0,5.0,4.0
India,Maharashtra,Jalgaon,"Prabhat Colony, Jalgaon - MPCB",11-04-2026 13:00,21.001264,75.565602,PM2.5,62.0,178.0,104.0
India,Maharashtra,Jalna,"Old MIDC, Jalna - MPCB",11-04-2026 13:00,19.854616,75.905894,PM2.5,34.0,85.0,53.0
India,Maharashtra,Navi Mumbai,"Kopripada-Vashi, Navi Mumbai - MPCB",11-04-2026 13:00,19.090337,73.014232,PM2.5,40.0,287.0,109.0
India,Maharashtra,Navi Mumbai,"Kopripada-Vashi, Navi Mumbai - MPCB",11-04-2026 13:00,19.090337,73.014232,PM10,69.0,112.0,81.0
India,Maharashtra,Navi Mumbai,"Kopripada-Vashi, Navi Mumbai - MPCB",11-04-2026 13:00,19.090337,73.014232,NH3,1.0,8.0,3.0
India,Maharashtra,Navi Mumbai,"Mahape, Navi Mumbai - MPCB",11-04-2026 13:00,19.1135051,73.008978,PM2.5,53.0,170.0,85.0
India,Maharashtra,Navi Mumbai,"Mahape, Navi Mumbai - MPCB",11-04-2026 13:00,19.1135051,73.008978,SO2,17.0,19.0,18.0
India,Maharashtra,Navi Mumbai,"Nerul, Navi Mumbai - MPCB",11-04-2026 13:00,19.008751,73.01662,PM2.5,39.0,500.0,107.0
India,Maharashtra,Navi Mumbai,"Nerul, Navi Mumbai - MPCB",11-04-2026 13:00,19.008751,73.01662,SO2,0.0,0.0,0.0
India,Maharashtra,Navi Mumbai,"Sanpada, Navi Mumbai - MPCB",11-04-2026 13:00,19.0575752,73.0151367,OZONE,1.0,78.0,33.0
India,Maharashtra,Navi Mumbai,"Sector-2E Kalamboli, Navi Mumbai - MPCB",11-04-2026 13:00,19.02579,73.10297,PM2.5,80.0,231.0,109.0
India,Maharashtra,Navi Mumbai,"Sector-2E Kalamboli, Navi Mumbai - MPCB",11-04-2026 13:00,19.02579,73.10297,NO2,7.0,35.0,20.0
India,Maharashtra,Navi Mumbai,"Sector-2E Kalamboli, Navi Mumbai - MPCB",11-04-2026 13:00,19.02579,73.10297,CO,14.0,30.0,20.0
India,Maharashtra,Navi Mumbai,"Tondare-Taloja, Navi Mumbai - MPCB",11-04-2026 13:00,19.063,73.1209,NH3,3.0,6.0,4.0
India,Maharashtra,Pimpri-Chinchwad,"Bhumkar Nagar, Pune - IITM",11-04-2026 13:00,18.60577,73.749976,NO2,10.0,32.0,21.0
India,Maharashtra,Pimpri-Chinchwad,"Park Street Wakad, Pimpri Chinchwad - MPCB",11-04-2026 13:00,18.59051,73.77946,PM10,75.0,146.0,118.0
India,Maharashtra,Pimpri-Chinchwad,"Park Street Wakad, Pimpri Chinchwad - MPCB",11-04-2026 13:00,18.59051,73.77946,CO,15.0,99.0,47.0
India,Maharashtra,Pimpri-Chinchwad,"Savta Mali Nagar, Pimpri-Chinchwad - IITM",11-04-2026 13:00,18.614767,73.799516,PM10,95.0,157.0,131.0
India,Maharashtra,Pimpri-Chinchwad,"Thergaon, Pimpri Chinchwad - MPCB",11-04-2026 13:00,18.616318,73.765797,OZONE,23.0,93.0,58.0
India,Maharashtra,Pune,"Hadapsar, Pune - IITM",11-04-2026 13:00,18.501793,73.927532,PM2.5,0.0,0.0,0.0
India,Maharashtra,Pune,"Katraj Dairy, Pune - MPCB",11-04-2026 13:00,18.45445,73.854155,SO2,2.0,4.0,3.0
India,Maharashtra,Pune,"Katraj Dairy, Pune - MPCB",11-04-2026 13:00,18.45445,73.854155,OZONE,12.0,77.0,39.0
India,Maharashtra,Pune,"Mhada Colony, Pune - IITM",11-04-2026 13:00,18.57304,73.927715,PM10,105.0,163.0,140.0
India,Maharashtra,Pune,"Mhada Colony, Pune - IITM",11-04-2026 13:00,18.57304,73.927715,OZONE,14.0,88.0,52.0
India,Maharashtra,Pune,"Panchawati_Pashan, Pune - IITM",11-04-2026 13:00,18.536457,73.805454,NO2,9.0,42.0,23.0
India,Maharashtra,Nashik,"Gangapur Road, Nashik - MPCB",11-04-2026 13:00,20.0073285,73.7762427,NO2,5.0,5.0,5.0
India,Maharashtra,Nashik,"Gangapur Road, Nashik - MPCB",11-04-2026 13:00,20.0073285,73.7762427,CO,26.0,27.0,26.0
India,Maharashtra,Nashik,"Hirawadi, Nashik - MPCB",11-04-2026 13:00,20.021503,73.813844,NO2,4.0,36.0,13.0
India,Maharashtra,Nashik,"MIDC Ambad, Nashik - MPCB",11-04-2026 13:00,19.95022,73.73148,PM2.5,56.0,199.0,134.0
India,Maharashtra,Nashik,"MIDC Ambad, Nashik - MPCB",11-04-2026 13:00,19.95022,73.73148,NO2,6.0,56.0,20.0
India,Maharashtra,Mumbai,"Worli, Mumbai -MPCB",11-04-2026 13:00,18.994218,72.8158167,CO,13.0,28.0,18.0
India,Maharashtra,Nagpur,"Ambazari, Nagpur - MPCB",11-04-2026 13:00,21.121801,79.04952,NH3,1.0,7.0,4.0
India,Maharashtra,Nagpur,"Mahal, Nagpur - MPCB",11-04-2026 13:00,21.14472,79.107595,NO2,20.0,115.0,49.0
India,Maharashtra,Nagpur,"Opp GPO Civil Lines, Nagpur - MPCB",11-04-2026 13:00,21.152875,79.0517531,NH3,2.0,11.0,4.0
India,Maharashtra,Nagpur,"Opp GPO Civil Lines, Nagpur - MPCB",11-04-2026 13:00,21.152875,79.0517531,OZONE,7.0,85.0,57.0
India,Maharashtra,Nagpur,"Ram Nagar, Nagpur - MPCB",11-04-2026 13:00,21.143383,79.048912,OZONE,18.0,62.0,40.0
India,Maharashtra,Mumbai,"Sion, Mumbai - MPCB",11-04-2026 13:00,19.047,72.8746,NH3,6.0,7.0,7.0
India,Maharashtra,Mumbai,"Vile Parle West, Mumbai - MPCB",11-04-2026 13:00,19.10861,72.83622,NO2,11.0,11.0,11.0
India,Maharashtra,Mumbai,"Vile Parle West, Mumbai - MPCB",11-04-2026 13:00,19.10861,72.83622,CO,31.0,32.0,32.0
India,Maharashtra,Mumbai,"Worli, Mumbai -MPCB",11-04-2026 13:00,18.994218,72.8158167,PM2.5,30.0,85.0,55.0
India,Maharashtra,Pune,"Savitribai Phule Pune University, Pune - MPCB",11-04-2026 13:00,18.547056,73.826908,PM2.5,30.0,148.0,95.0
India,Maharashtra,Sangli,"Vijay Nagar, Sangli - MPCB",11-04-2026 13:00,16.5038,74.3623,PM10,76.0,158.0,104.0
India,Maharashtra,Sangli,"Vijay Nagar, Sangli - MPCB",11-04-2026 13:00,16.5038,74.3623,NH3,5.0,10.0,7.0
India,Maharashtra,Solapur,"Dnyaneshwar Nagar, Solapur - MPCB",11-04-2026 13:00,17.6336264,75.9132495,PM10,89.0,127.0,105.0
India,Maharashtra,Solapur,"Dnyaneshwar Nagar, Solapur - MPCB",11-04-2026 13:00,17.6336264,75.9132495,OZONE,26.0,79.0,51.0
India,Maharashtra,Solapur,"Ratandeep Housing Society, Solapur - MPCB",11-04-2026 13:00,17.65439,75.90649,PM2.5,69.0,116.0,79.0
India,Maharashtra,Solapur,"Ratandeep Housing Society, Solapur - MPCB",11-04-2026 13:00,17.65439,75.90649,OZONE,11.0,43.0,21.0
India,Maharashtra,Thane,"Kasarvadavali, Thane - MPCB",11-04-2026 13:00,19.26777,72.97182,PM10,53.0,121.0,76.0
India,Maharashtra,Thane,"Kasarvadavali, Thane - MPCB",11-04-2026 13:00,19.26777,72.97182,NO2,9.0,45.0,24.0
India,Maharashtra,Thane,"Kasarvadavali, Thane - MPCB",11-04-2026 13:00,19.26777,72.97182,NH3,4.0,8.0,5.0
India,Odisha,Baripada,"Meher Colony, Baripada - OSPCB",11-04-2026 13:00,21.941841,86.728318,NH3,1.0,2.0,2.0
India,Odisha,Bhubaneswar,"Lingraj Mandir, Bhubaneswar - OSPCB",11-04-2026 13:00,20.24079,85.836784,CO,1.0,27.0,10.0
India,Odisha,Bhubaneswar,"Patia, Bhubaneswar - OSPCB",11-04-2026 13:00,20.34652,85.8163,OZONE,12.0,81.0,34.0
India,Odisha,Brajrajnagar,"GM Office, Brajrajnagar - OSPCB",11-04-2026 13:00,21.8004996,83.8396977,PM2.5,28.0,209.0,79.0
India,Odisha,Byasanagar,"Ferro Chrome Colony, Byasanagar - OSPCB",11-04-2026 13:00,20.94185,86.1151,PM2.5,48.0,95.0,66.0
India,Odisha,Byasanagar,"Ferro Chrome Colony, Byasanagar - OSPCB",11-04-2026 13:00,20.94185,86.1151,NO2,6.0,38.0,15.0
India,Odisha,Byasanagar,"Ferro Chrome Colony, Byasanagar - OSPCB",11-04-2026 13:00,20.94185,86.1151,SO2,2.0,30.0,10.0
India,Odisha,Byasanagar,"Ferro Chrome Colony, Byasanagar - OSPCB",11-04-2026 13:00,20.94185,86.1151,CO,2.0,34.0,15.0
India,Punjab,Bathinda,"Hardev Nagar, Bathinda - PPCB",11-04-2026 13:00,30.233011,74.907758,NO2,44.0,49.0,47.0
India,Punjab,Bathinda,"Hardev Nagar, Bathinda - PPCB",11-04-2026 13:00,30.233011,74.907758,CO,46.0,79.0,78.0
India,Punjab,Jalandhar,"Civil Line, Jalandhar - PPCB",11-04-2026 13:00,31.321907,75.578914,CO,38.0,42.0,40.0
India,Punjab,Khanna,"Kalal Majra, Khanna - PPCB",11-04-2026 13:00,30.736056,76.209694,NO2,26.0,31.0,28.0
India,Punjab,Khanna,"Kalal Majra, Khanna - PPCB",11-04-2026 13:00,30.736056,76.209694,SO2,10.0,24.0,15.0
India,Punjab,Khanna,"Kalal Majra, Khanna - PPCB",11-04-2026 13:00,30.736056,76.209694,CO,10.0,21.0,13.0
India,Punjab,Ludhiana,"Punjab Agricultural University, Ludhiana - PPCB",11-04-2026 13:00,30.9028,75.8086,NO2,38.0,45.0,41.0
India,Punjab,Mandi Gobindgarh,"RIMT University, Mandi Gobindgarh - PPCB",11-04-2026 13:00,30.649961,76.331442,PM10,0.0,0.0,0.0
India,Maharashtra,Thane,"Upvan Fort, Thane - MPCB",11-04-2026 13:00,19.222279,72.957979,CO,0.0,0.0,0.0
India,Maharashtra,Ulhasnagar,"Vithalwadi, Ulhasnagar - MPCB",11-04-2026 13:00,19.2307571,73.155192,NO2,17.0,56.0,33.0
India,Maharashtra,Ulhasnagar,"Vithalwadi, Ulhasnagar - MPCB",11-04-2026 13:00,19.2307571,73.155192,NH3,3.0,4.0,3.0
India,Maharashtra,Virar,"Bolinj, Virar - MPCB",11-04-2026 13:00,19.445821,72.7988231,PM2.5,6.0,135.0,69.0
India,Maharashtra,Virar,"Bolinj, Virar - MPCB",11-04-2026 13:00,19.445821,72.7988231,OZONE,2.0,92.0,24.0
India,Meghalaya,Byrnihat,"15th Mile-Nongthymmai, Byrnihat - Meghalaya PCB",11-04-2026 13:00,26.05374,91.86796,SO2,0.0,0.0,0.0
India,Meghalaya,Byrnihat,"15th Mile-Nongthymmai, Byrnihat - Meghalaya PCB",11-04-2026 13:00,26.05374,91.86796,CO,13.0,66.0,20.0
India,Odisha,Cuttack,"CDA Area, Cuttack - OSPCB",11-04-2026 13:00,20.48891,85.84768,NH3,2.0,2.0,2.0
India,Odisha,Cuttack,"CDA Area, Cuttack - OSPCB",11-04-2026 13:00,20.48891,85.84768,CO,38.0,60.0,50.0
India,Odisha,Keonjhar,"Jagamohanpur, Keonjhar - OSPCB",11-04-2026 13:00,21.6439,85.599355,PM10,71.0,109.0,92.0
India,Odisha,Keonjhar,"Jagamohanpur, Keonjhar - OSPCB",11-04-2026 13:00,21.6439,85.599355,NH3,2.0,2.0,2.0
India,Odisha,Keonjhar,"Jagamohanpur, Keonjhar - OSPCB",11-04-2026 13:00,21.6439,85.599355,OZONE,4.0,52.0,29.0
India,Odisha,Rairangpur,"Divisional Forest Office, Rairangpur - OSPCB",11-04-2026 13:00,22.265816,86.174829,NH3,1.0,1.0,1.0
India,Mizoram,Aizawl,"Sikulpuikawn, Aizawl - Mizoram PCB",11-04-2026 13:00,23.7176342,92.7192841,PM10,56.0,89.0,66.0
India,Mizoram,Aizawl,"Sikulpuikawn, Aizawl - Mizoram PCB",11-04-2026 13:00,23.7176342,92.7192841,CO,3.0,4.0,3.0
India,Nagaland,Kohima,"PWD Junction, Kohima - NPCB",11-04-2026 13:00,25.6635413,94.0989878,SO2,20.0,25.0,22.0
India,Odisha,Barbil,"Forest Office, Barbil - OSPCB",11-04-2026 13:00,22.1166054,85.3945546,PM10,60.0,261.0,120.0
India,Odisha,Barbil,"Forest Office, Barbil - OSPCB",11-04-2026 13:00,22.1166054,85.3945546,CO,20.0,104.0,56.0
India,Odisha,Talcher,"Talcher Coalfields,Talcher - OSPCB",11-04-2026 13:00,20.9360711,85.1707021,CO,28.0,91.0,59.0
India,Puducherry,Puducherry,"Jawahar Nagar, Puducherry - PPCC",11-04-2026 13:00,11.9309,79.8027,NH3,1.0,6.0,3.0
India,Puducherry,Puducherry,"Jawahar Nagar, Puducherry - PPCC",11-04-2026 13:00,11.9309,79.8027,SO2,5.0,10.0,7.0
India,Punjab,Amritsar,"Golden Temple, Amritsar - PPCB",11-04-2026 13:00,31.62,74.876512,PM10,40.0,148.0,114.0
India,Punjab,Patiala,"Model Town, Patiala - PPCB",11-04-2026 13:00,30.349388,76.366642,NO2,16.0,19.0,18.0
India,Punjab,Patiala,"Model Town, Patiala - PPCB",11-04-2026 13:00,30.349388,76.366642,SO2,4.0,18.0,9.0
India,Punjab,Patiala,"Model Town, Patiala - PPCB",11-04-2026 13:00,30.349388,76.366642,CO,6.0,29.0,21.0
India,Odisha,Rourkela,"Raghunathpali, Rourkela - OSPCB",11-04-2026 13:00,22.220833,84.809444,PM2.5,43.0,233.0,131.0
India,Rajasthan,Bhilwara,"Pratap Nagar, Bhilwara - RSPCB",11-04-2026 13:00,25.339605,74.618883,NH3,9.0,19.0,14.0
India,Rajasthan,Bhilwara,"Pratap Nagar, Bhilwara - RSPCB",11-04-2026 13:00,25.339605,74.618883,OZONE,2.0,86.0,40.0
India,Rajasthan,Bhiwadi,"Vasundhara Nagar_UIT, Bhiwadi - RSPCB",11-04-2026 13:00,28.207266,76.829265,PM10,86.0,273.0,157.0
India,Rajasthan,Bhiwadi,"Vasundhara Nagar_UIT, Bhiwadi - RSPCB",11-04-2026 13:00,28.207266,76.829265,NH3,5.0,15.0,8.0
India,Rajasthan,Bhiwadi,"Vasundhara Nagar_UIT, Bhiwadi - RSPCB",11-04-2026 13:00,28.207266,76.829265,SO2,4.0,48.0,14.0
India,Rajasthan,Bhiwadi,"Vasundhara Nagar_UIT, Bhiwadi - RSPCB",11-04-2026 13:00,28.207266,76.829265,OZONE,7.0,128.0,60.0
India,Rajasthan,Bikaner,"MM Ground, Bikaner - RSPCB",11-04-2026 13:00,28.018792,73.292658,PM2.5,30.0,305.0,80.0
India,Rajasthan,Bikaner,"MM Ground, Bikaner - RSPCB",11-04-2026 13:00,28.018792,73.292658,SO2,12.0,21.0,14.0
India,Rajasthan,Bikaner,"MM Ground, Bikaner - RSPCB",11-04-2026 13:00,28.018792,73.292658,OZONE,1.0,148.0,93.0
India,Rajasthan,Bundi,"New Colony, Bundi - RSPCB",11-04-2026 13:00,25.435774,75.644272,NH3,3.0,21.0,8.0
India,Rajasthan,Chittorgarh,"Shastri Nagar, Chittorgarh - RSPCB",11-04-2026 13:00,24.892047,74.623527,PM2.5,22.0,143.0,62.0
India,Rajasthan,Chittorgarh,"Shastri Nagar, Chittorgarh - RSPCB",11-04-2026 13:00,24.892047,74.623527,PM10,47.0,278.0,120.0
India,Rajasthan,Chittorgarh,"Shastri Nagar, Chittorgarh - RSPCB",11-04-2026 13:00,24.892047,74.623527,NO2,9.0,113.0,52.0
India,Rajasthan,Chittorgarh,"Shastri Nagar, Chittorgarh - RSPCB",11-04-2026 13:00,24.892047,74.623527,SO2,6.0,77.0,23.0
India,Rajasthan,Dausa,"Khatikan Mohalla, Dausa - RSPCB",11-04-2026 13:00,26.895552,76.334753,NO2,12.0,105.0,47.0
India,Rajasthan,Dholpur,"Raja Ganj, Dholpur - RSPCB",11-04-2026 13:00,26.699557,77.898881,PM10,50.0,190.0,90.0
India,Rajasthan,Dholpur,"Raja Ganj, Dholpur - RSPCB",11-04-2026 13:00,26.699557,77.898881,NO2,18.0,47.0,28.0
India,Rajasthan,Dholpur,"Raja Ganj, Dholpur - RSPCB",11-04-2026 13:00,26.699557,77.898881,SO2,3.0,8.0,5.0
India,Rajasthan,Dholpur,"Raja Ganj, Dholpur - RSPCB",11-04-2026 13:00,26.699557,77.898881,CO,22.0,72.0,35.0
India,Rajasthan,Jodhpur,"Digari Kalan, Jodhpur - RSPCB",11-04-2026 13:00,26.29581,73.082283,CO,10.0,102.0,22.0
India,Rajasthan,Jodhpur,"Jhalamand, Jodhpur - RSPCB",11-04-2026 13:00,26.215415,73.070156,PM2.5,5.0,98.0,47.0
India,Rajasthan,Jodhpur,"Jhalamand, Jodhpur - RSPCB",11-04-2026 13:00,26.215415,73.070156,NH3,4.0,25.0,11.0
India,Rajasthan,Jodhpur,"Jhalamand, Jodhpur - RSPCB",11-04-2026 13:00,26.215415,73.070156,CO,6.0,37.0,18.0
India,Rajasthan,Jodhpur,"Jhalamand, Jodhpur - RSPCB",11-04-2026 13:00,26.215415,73.070156,OZONE,6.0,90.0,41.0
India,Rajasthan,Jodhpur,"Mandor, Jodhpur - RSPCB",11-04-2026 13:00,26.358805,73.047444,PM2.5,20.0,83.0,42.0
India,Rajasthan,Barmer,"Railway Colony, Barmer - RSPCB",11-04-2026 13:00,25.747299,71.393989,PM10,58.0,131.0,96.0
India,Rajasthan,Barmer,"Railway Colony, Barmer - RSPCB",11-04-2026 13:00,25.747299,71.393989,SO2,2.0,13.0,5.0
India,Rajasthan,Bharatpur,"Krishna Nagar, Bharatpur - RSPCB",11-04-2026 13:00,27.215415,77.50873,CO,16.0,46.0,23.0
India,Rajasthan,Hanumangarh,"Housing Board, Hanumangarh - RSPCB",11-04-2026 13:00,29.61075,74.283608,CO,30.0,77.0,46.0
India,Rajasthan,Jaipur,"Adarsh Nagar, Jaipur - RSPCB",11-04-2026 13:00,26.902909,75.836858,PM2.5,43.0,216.0,113.0
India,Rajasthan,Jaipur,"Adarsh Nagar, Jaipur - RSPCB",11-04-2026 13:00,26.902909,75.836858,PM10,69.0,143.0,107.0
India,Rajasthan,Jaisalmer,"Sadar Bazar, Jaisalmer - RSPCB",11-04-2026 13:00,26.912329,70.909168,OZONE,6.0,90.0,51.0
India,Rajasthan,Jhalawar,"Rajlaxmi Nagar, Jhalawar - RSPCB",11-04-2026 13:00,24.588397,76.172782,NH3,4.0,13.0,9.0
India,Rajasthan,Jhalawar,"Rajlaxmi Nagar, Jhalawar - RSPCB",11-04-2026 13:00,24.588397,76.172782,CO,6.0,94.0,49.0
India,Rajasthan,Jaipur,"RIICO Sitapura, Jaipur - RSPCB",11-04-2026 13:00,26.786682,75.827928,NO2,0.0,0.0,0.0
India,Rajasthan,Jaipur,"RIICO Sitapura, Jaipur - RSPCB",11-04-2026 13:00,26.786682,75.827928,OZONE,0.0,0.0,0.0
India,Rajasthan,Hanumangarh,"Housing Board, Hanumangarh - RSPCB",11-04-2026 13:00,29.61075,74.283608,PM2.5,8.0,315.0,85.0
India,Rajasthan,Dungarpur,"Bhoiwada, Dungarpur - RSPCB",11-04-2026 13:00,23.837789,73.714926,CO,24.0,70.0,46.0
India,Rajasthan,Karauli,"Satyawati Vihar, Karauli - RSPCB",11-04-2026 13:00,26.506177,77.025989,CO,26.0,78.0,62.0
India,Rajasthan,Karauli,"Satyawati Vihar, Karauli - RSPCB",11-04-2026 13:00,26.506177,77.025989,OZONE,10.0,118.0,57.0
India,Rajasthan,Kota,"Dhanmandi, Kota - RSPCB",11-04-2026 13:00,25.16409,75.858137,PM2.5,8.0,193.0,49.0
India,Rajasthan,Kota,"Dhanmandi, Kota - RSPCB",11-04-2026 13:00,25.16409,75.858137,NH3,4.0,11.0,8.0
India,Rajasthan,Kota,"Dhanmandi, Kota - RSPCB",11-04-2026 13:00,25.16409,75.858137,OZONE,7.0,135.0,80.0
India,Rajasthan,Kota,"Nayapura, Kota - RSPCB",11-04-2026 13:00,25.196024,75.855668,PM10,39.0,155.0,91.0
India,Rajasthan,Kota,"Nayapura, Kota - RSPCB",11-04-2026 13:00,25.196024,75.855668,CO,6.0,109.0,24.0
India,Rajasthan,Kota,"Nayapura, Kota - RSPCB",11-04-2026 13:00,25.196024,75.855668,OZONE,6.0,150.0,86.0
India,Rajasthan,Sawai Madhopur,"Sahu Nagar, Sawai Madhopur - RSPCB",11-04-2026 13:00,26.031443,76.359327,SO2,0.0,0.0,0.0
India,Rajasthan,Sikar,"Radhakishan Pura, Sikar - RSPCB",11-04-2026 13:00,27.608912,75.153302,PM2.5,28.0,150.0,65.0
India,Rajasthan,Sikar,"Radhakishan Pura, Sikar - RSPCB",11-04-2026 13:00,27.608912,75.153302,PM10,54.0,285.0,133.0
India,Rajasthan,Sirohi,"Vedhaynath Colony, Sirohi - RSPCB",11-04-2026 13:00,24.885261,72.857549,PM2.5,10.0,47.0,26.0
India,Rajasthan,Sirohi,"Vedhaynath Colony, Sirohi - RSPCB",11-04-2026 13:00,24.885261,72.857549,SO2,4.0,8.0,5.0
India,Rajasthan,Tonk,"Shastri Nagar, Tonk - RSPCB",11-04-2026 13:00,26.159933,75.780517,PM10,73.0,229.0,115.0
India,Rajasthan,Nagaur,"Karni Colony, Nagaur - RSPCB",11-04-2026 13:00,27.213494,73.734444,PM2.5,13.0,303.0,68.0
India,Rajasthan,Pali,"Indira Colony Vistar, Pali - RSPCB",11-04-2026 13:00,25.771061,73.340227,NH3,1.0,10.0,4.0
India,Rajasthan,Pali,"Indira Colony Vistar, Pali - RSPCB",11-04-2026 13:00,25.771061,73.340227,SO2,6.0,12.0,10.0
India,Rajasthan,Pali,"Indira Colony Vistar, Pali - RSPCB",11-04-2026 13:00,25.771061,73.340227,OZONE,8.0,95.0,27.0
India,Rajasthan,Pratapgarh,"Pragati Nagar, Pratapgarh - RSPCB",11-04-2026 13:00,24.041198,74.780702,CO,10.0,82.0,30.0
India,Sikkim,Gangtok,"Zero Point GICI, Gangtok - SSPCB",11-04-2026 13:00,27.33853,88.614099,OZONE,16.0,29.0,25.0
India,TamilNadu,Chennai,"Arumbakkam, Chennai - TNPCB",11-04-2026 13:00,13.0664,80.2112,PM2.5,12.0,49.0,31.0
India,TamilNadu,Chennai,"Arumbakkam, Chennai - TNPCB",11-04-2026 13:00,13.0664,80.2112,SO2,1.0,3.0,2.0
India,TamilNadu,Chennai,"Manali Village, Chennai - TNPCB",11-04-2026 13:00,13.1662,80.2584,SO2,11.0,14.0,12.0
India,Rajasthan,Rajsamand,"Dhoinda, Rajsamand - RSPCB",11-04-2026 13:00,25.03636,73.883502,NH3,8.0,15.0,11.0
India,Rajasthan,Rajsamand,"Dhoinda, Rajsamand - RSPCB",11-04-2026 13:00,25.03636,73.883502,CO,6.0,74.0,37.0
India,Rajasthan,Sawai Madhopur,"Sahu Nagar, Sawai Madhopur - RSPCB",11-04-2026 13:00,26.031443,76.359327,PM10,0.0,0.0,0.0
India,TamilNadu,Chennai,"Royapuram, Chennai - TNPCB",11-04-2026 13:00,13.1036,80.2909,OZONE,16.0,18.0,17.0
India,TamilNadu,Coimbatore,"SIDCO Kurichi, Coimbatore - TNPCB",11-04-2026 13:00,10.942451,76.978996,NO2,11.0,36.0,15.0
India,TamilNadu,Chennai,"Manali, Chennai - CPCB",11-04-2026 13:00,13.164544,80.26285,OZONE,22.0,47.0,29.0
India,TamilNadu,Chennai,"Perungudi, Chennai - TNPCB",11-04-2026 13:00,12.9533,80.2357,NH3,0.0,0.0,0.0
India,Rajasthan,Jodhpur,"Samrat Ashok Udhyan, Jodhpur - RSPCB",11-04-2026 13:00,26.253384,72.976571,NH3,6.0,45.0,14.0
India,Rajasthan,Tonk,"Shastri Nagar, Tonk - RSPCB",11-04-2026 13:00,26.159933,75.780517,OZONE,18.0,152.0,74.0
India,Uttar_Pradesh,Agra,"Sector-3B Avas Vikas Colony, Agra - UPPCB",11-04-2026 13:00,27.19412,77.96237,CO,8.0,20.0,16.0
India,Uttar_Pradesh,Agra,"Shahjahan Garden, Agra - UPPCB",11-04-2026 13:00,27.169338,78.03582,PM2.5,5.0,75.0,24.0
India,Uttar_Pradesh,Agra,"Shahjahan Garden, Agra - UPPCB",11-04-2026 13:00,27.169338,78.03582,PM10,73.0,160.0,112.0
India,Uttar_Pradesh,Agra,"Shahjahan Garden, Agra - UPPCB",11-04-2026 13:00,27.169338,78.03582,NO2,24.0,29.0,26.0
India,Uttar_Pradesh,Agra,"Shastripuram, Agra - UPPCB",11-04-2026 13:00,27.19862,77.92066,PM2.5,18.0,52.0,33.0
India,Uttar_Pradesh,Agra,"Shastripuram, Agra - UPPCB",11-04-2026 13:00,27.19862,77.92066,NH3,3.0,3.0,3.0
India,Uttar_Pradesh,Baghpat,"Sardar Patel Inter College, Baghpat - UPPCB",11-04-2026 13:00,28.964949,77.278761,PM2.5,12.0,100.0,48.0
India,Uttar_Pradesh,Bareilly,"Civil Lines, Bareilly - UPPCB",11-04-2026 13:00,28.359581,79.414455,PM10,33.0,59.0,42.0
India,Uttar_Pradesh,Bareilly,"Civil Lines, Bareilly - UPPCB",11-04-2026 13:00,28.359581,79.414455,NO2,2.0,3.0,2.0
India,Uttar_Pradesh,Bareilly,"Civil Lines, Bareilly - UPPCB",11-04-2026 13:00,28.359581,79.414455,SO2,4.0,40.0,21.0
India,Uttar_Pradesh,Bareilly,"Rajendra Nagar, Bareilly - UPPCB",11-04-2026 13:00,28.38910936,79.42963708,NO2,9.0,10.0,9.0
India,Uttar_Pradesh,Agra,"Manoharpur, Agra - UPPCB",11-04-2026 13:00,27.23711,78.01936,CO,18.0,20.0,19.0
India,Uttar_Pradesh,Agra,"Manoharpur, Agra - UPPCB",11-04-2026 13:00,27.23711,78.01936,OZONE,6.0,14.0,7.0
India,Uttar_Pradesh,Agra,"Rohta, Agra - UPPCB",11-04-2026 13:00,27.106972,78.000111,NO2,13.0,13.0,13.0
India,Uttar_Pradesh,Agra,"Rohta, Agra - UPPCB",11-04-2026 13:00,27.106972,78.000111,SO2,4.0,9.0,6.0
India,Uttar_Pradesh,Agra,"Rohta, Agra - UPPCB",11-04-2026 13:00,27.106972,78.000111,CO,8.0,16.0,13.0
India,Uttar_Pradesh,Agra,"Sanjay Palace, Agra - UPPCB",11-04-2026 13:00,27.19865833,78.00598056,PM10,103.0,189.0,133.0
India,Uttar_Pradesh,Agra,"Sanjay Palace, Agra - UPPCB",11-04-2026 13:00,27.19865833,78.00598056,NO2,8.0,15.0,10.0
India,Uttar_Pradesh,Agra,"Sanjay Palace, Agra - UPPCB",11-04-2026 13:00,27.19865833,78.00598056,CO,34.0,36.0,34.0
India,Uttar_Pradesh,Agra,"Sector-3B Avas Vikas Colony, Agra - UPPCB",11-04-2026 13:00,27.19412,77.96237,NO2,36.0,36.0,36.0
India,Telangana,Hyderabad,"IDA Pashamylaram, Hyderabad - TSPCB",11-04-2026 13:00,17.5316895,78.218939,NO2,0.0,0.0,0.0
India,Telangana,Hyderabad,"IDA Pashamylaram, Hyderabad - TSPCB",11-04-2026 13:00,17.5316895,78.218939,NH3,0.0,0.0,0.0
India,Telangana,Hyderabad,"IDA Pashamylaram, Hyderabad - TSPCB",11-04-2026 13:00,17.5316895,78.218939,OZONE,21.0,22.0,21.0
India,Telangana,Hyderabad,"Kokapet, Hyderabad - TSPCB",11-04-2026 13:00,17.393559,78.339194,SO2,14.0,20.0,16.0
India,Telangana,Hyderabad,"Kompally Municipal Office, Hyderabad - TSPCB",11-04-2026 13:00,17.544899,78.486949,PM10,76.0,97.0,83.0
India,Telangana,Hyderabad,"Nacharam_TSIIC IALA, Hyderabad - TSPCB",11-04-2026 13:00,17.429398,78.569354,OZONE,26.0,34.0,27.0
India,Telangana,Hyderabad,"New Malakpet, Hyderabad - TSPCB",11-04-2026 13:00,17.37206,78.50864,NH3,2.0,3.0,3.0
India,Uttar_Pradesh,Bareilly,"Rajendra Nagar, Bareilly - UPPCB",11-04-2026 13:00,28.38910936,79.42963708,OZONE,1.0,15.0,4.0
India,Uttar_Pradesh,Bulandshahr,"Yamunapuram, Bulandshahr - UPPCB",11-04-2026 13:00,28.406963,77.849831,PM2.5,22.0,108.0,55.0
India,Uttar_Pradesh,Firozabad,"Nagla Bhau, Firozabad - UPPCB",11-04-2026 13:00,27.168897,78.37696,NH3,2.0,2.0,2.0
India,Uttar_Pradesh,Firozabad,"Vibhab Nagar, Firozabad - UPPCB",11-04-2026 13:00,27.1594,78.3953,NH3,2.0,2.0,2.0
India,Uttar_Pradesh,Ghaziabad,"Indirapuram, Ghaziabad - UPPCB",11-04-2026 13:00,28.646233,77.358075,PM10,104.0,144.0,128.0
India,Uttar_Pradesh,Ghaziabad,"Indirapuram, Ghaziabad - UPPCB",11-04-2026 13:00,28.646233,77.358075,SO2,9.0,12.0,10.0
India,Telangana,Hyderabad,"Ramachandrapuram, Hyderabad - TSPCB",11-04-2026 13:00,17.528544,78.286195,PM10,79.0,85.0,80.0
India,Telangana,Hyderabad,"Ramachandrapuram, Hyderabad - TSPCB",11-04-2026 13:00,17.528544,78.286195,SO2,7.0,12.0,7.0
India,Telangana,Hyderabad,"Ramachandrapuram, Hyderabad - TSPCB",11-04-2026 13:00,17.528544,78.286195,OZONE,23.0,35.0,32.0
India,Telangana,Hyderabad,"Sanathnagar, Hyderabad - TSPCB",11-04-2026 13:00,17.4559458,78.4332152,NO2,4.0,48.0,21.0
India,Telangana,Hyderabad,"Somajiguda, Hyderabad - TSPCB",11-04-2026 13:00,17.417094,78.457437,NH3,4.0,5.0,5.0
India,Telangana,Hyderabad,"Somajiguda, Hyderabad - TSPCB",11-04-2026 13:00,17.417094,78.457437,OZONE,13.0,50.0,29.0
India,Telangana,Hyderabad,"Zoo Park, Hyderabad - TSPCB",11-04-2026 13:00,17.349694,78.451437,NH3,3.0,3.0,3.0
India,Telangana,Hyderabad,"ECIL Kapra, Hyderabad - TSPCB",11-04-2026 13:00,17.470431,78.566959,NO2,22.0,42.0,31.0
India,Telangana,Hyderabad,"ICRISAT Patancheru, Hyderabad - TSPCB",11-04-2026 13:00,17.5184,78.278777,PM2.5,142.0,186.0,164.0
India,Telangana,Hyderabad,"ICRISAT Patancheru, Hyderabad - TSPCB",11-04-2026 13:00,17.5184,78.278777,NH3,1.0,5.0,2.0
India,Telangana,Hyderabad,"IDA Pashamylaram, Hyderabad - TSPCB",11-04-2026 13:00,17.5316895,78.218939,PM10,34.0,113.0,66.0
India,TamilNadu,Coimbatore,"SIDCO Kurichi, Coimbatore - TNPCB",11-04-2026 13:00,10.942451,76.978996,CO,17.0,27.0,21.0
India,TamilNadu,Gummidipoondi,"Anthoni Pillai Nagar, Gummidipoondi - TNPCB",11-04-2026 13:00,13.4127,80.1081,SO2,7.0,21.0,18.0
India,TamilNadu,Perundurai,"SIPCOT Industrial Park, Perundurai - TNPCB",11-04-2026 13:00,11.258242,77.552761,PM2.5,33.0,75.0,59.0
India,Uttar_Pradesh,Ghaziabad,"Loni, Ghaziabad - UPPCB",11-04-2026 13:00,28.757294,77.278792,CO,13.0,33.0,26.0
India,Uttar_Pradesh,Ghaziabad,"Sanjay Nagar, Ghaziabad - UPPCB",11-04-2026 13:00,28.685382,77.453839,CO,26.0,52.0,35.0
India,Uttar_Pradesh,Ghaziabad,"Ved Vihar-Loni, Ghaziabad - UPPCB",11-04-2026 13:00,28.739153,77.273668,PM2.5,88.0,160.0,116.0
India,Uttar_Pradesh,Ghaziabad,"Ved Vihar-Loni, Ghaziabad - UPPCB",11-04-2026 13:00,28.739153,77.273668,NO2,29.0,51.0,39.0
India,Tripura,Agartala,"Bardowali, Agartala - Tripura SPCB",11-04-2026 13:00,23.8175497,91.2726974,NH3,1.0,4.0,2.0
India,Tripura,Agartala,"Bardowali, Agartala - Tripura SPCB",11-04-2026 13:00,23.8175497,91.2726974,SO2,2.0,4.0,2.0
India,Tripura,Agartala,"Bardowali, Agartala - Tripura SPCB",11-04-2026 13:00,23.8175497,91.2726974,CO,12.0,20.0,16.0
India,Tripura,Agartala,"Bardowali, Agartala - Tripura SPCB",11-04-2026 13:00,23.8175497,91.2726974,OZONE,2.0,27.0,14.0
India,Uttar_Pradesh,Meerut,"Pallavpuram Phase 2, Meerut - UPPCB",11-04-2026 13:00,29.06351,77.709723,PM10,44.0,82.0,61.0
India,Uttar_Pradesh,Meerut,"Pallavpuram Phase 2, Meerut - UPPCB",11-04-2026 13:00,29.06351,77.709723,NH3,4.0,6.0,5.0
India,Uttar_Pradesh,Modinagar,"SRM University, Modinagar - UPPCB",11-04-2026 13:00,28.798171,77.540243,PM2.5,50.0,185.0,97.0
India,Uttar_Pradesh,Modinagar,"SRM University, Modinagar - UPPCB",11-04-2026 13:00,28.798171,77.540243,NO2,23.0,70.0,40.0
India,Uttar_Pradesh,Moradabad,"Eco Herbal Park, Moradabad - UPPCB",11-04-2026 13:00,28.840739,78.697531,NH3,3.0,6.0,4.0
India,Uttar_Pradesh,Moradabad,"Employment Office, Moradabad - UPPCB",11-04-2026 13:00,28.88528,78.7388,PM10,60.0,130.0,82.0
India,Uttar_Pradesh,Moradabad,"Employment Office, Moradabad - UPPCB",11-04-2026 13:00,28.88528,78.7388,SO2,26.0,28.0,27.0
India,Uttar_Pradesh,Moradabad,"Jigar Colony, Moradabad - UPPCB",11-04-2026 13:00,28.856664,78.772638,PM10,53.0,101.0,75.0
India,Uttar_Pradesh,Lucknow,"Lalbagh, Lucknow - CPCB",11-04-2026 13:00,26.8458805,80.9365541,PM10,71.0,121.0,93.0
India,Uttar_Pradesh,Lucknow,"Talkatora District Industries Center, Lucknow - CPCB",11-04-2026 13:00,26.83399722,80.8917361,PM2.5,67.0,197.0,103.0
India,Uttar_Pradesh,Lucknow,"Talkatora District Industries Center, Lucknow - CPCB",11-04-2026 13:00,26.83399722,80.8917361,CO,12.0,35.0,27.0
India,Uttar_Pradesh,Meerut,"Ganga Nagar, Meerut - UPPCB",11-04-2026 13:00,28.999264,77.7590354,NH3,6.0,7.0,6.0
India,Uttar_Pradesh,Meerut,"Ganga Nagar, Meerut - UPPCB",11-04-2026 13:00,28.999264,77.7590354,SO2,29.0,35.0,33.0
India,Uttar_Pradesh,Meerut,"Ganga Nagar, Meerut - UPPCB",11-04-2026 13:00,28.999264,77.7590354,CO,32.0,50.0,46.0
India,Uttar_Pradesh,Meerut,"Jai Bhim Nagar, Meerut - UPPCB",11-04-2026 13:00,28.9535882,77.7622941,SO2,4.0,13.0,8.0
India,Uttar_Pradesh,Meerut,"Jai Bhim Nagar, Meerut - UPPCB",11-04-2026 13:00,28.9535882,77.7622941,CO,8.0,45.0,30.0
India,Uttar_Pradesh,Greater Noida,"Knowledge Park - III, Greater Noida - UPPCB",11-04-2026 13:00,28.47272,77.482,SO2,6.0,20.0,10.0
India,Uttar_Pradesh,Greater Noida,"Knowledge Park - V, Greater Noida - UPPCB",11-04-2026 13:00,28.557054,77.453663,PM10,105.0,300.0,198.0
India,Uttar_Pradesh,Greater Noida,"Knowledge Park - V, Greater Noida - UPPCB",11-04-2026 13:00,28.557054,77.453663,OZONE,44.0,83.0,64.0
India,Uttar_Pradesh,Hapur,"Anand Vihar, Hapur - UPPCB",11-04-2026 13:00,28.725645,77.749675,PM10,91.0,158.0,125.0
India,Uttar_Pradesh,Jhansi,"Shivaji Nagar, Jhansi - UPPCB",11-04-2026 13:00,25.4547,78.6039,PM2.5,14.0,73.0,31.0
India,Uttar_Pradesh,Jhansi,"Shivaji Nagar, Jhansi - UPPCB",11-04-2026 13:00,25.4547,78.6039,SO2,12.0,18.0,14.0
India,Uttar_Pradesh,Kanpur,"FTI Kidwai Nagar, Kanpur - UPPCB",11-04-2026 13:00,26.428282,80.327067,SO2,4.0,21.0,17.0
India,Uttar_Pradesh,Kanpur,"FTI Kidwai Nagar, Kanpur - UPPCB",11-04-2026 13:00,26.428282,80.327067,CO,32.0,37.0,34.0
India,Uttar_Pradesh,Kanpur,"NSI Kalyanpur, Kanpur - UPPCB",11-04-2026 13:00,26.509954,80.249612,PM10,60.0,116.0,87.0
India,Uttar_Pradesh,Kanpur,"NSI Kalyanpur, Kanpur - UPPCB",11-04-2026 13:00,26.509954,80.249612,NH3,2.0,2.0,2.0
India,Uttar_Pradesh,Kanpur,"NSI Kalyanpur, Kanpur - UPPCB",11-04-2026 13:00,26.509954,80.249612,SO2,10.0,12.0,11.0
India,Uttar_Pradesh,Khurja,"Kalindi Kunj, Khurja - UPPCB",11-04-2026 13:00,28.2348927,77.8683002,NH3,1.0,1.0,1.0
India,Uttar_Pradesh,Khurja,"Kalindi Kunj, Khurja - UPPCB",11-04-2026 13:00,28.2348927,77.8683002,CO,14.0,62.0,33.0
India,Uttar_Pradesh,Lucknow,"B R Ambedkar University, Lucknow - UPPCB",11-04-2026 13:00,26.766433,80.927299,CO,26.0,32.0,29.0
India,Uttar_Pradesh,Kanpur,"Nehru Nagar, Kanpur - UPPCB",11-04-2026 13:00,26.4703136,80.3229863,PM10,24.0,412.0,90.0
India,Uttar_Pradesh,Kanpur,"Nehru Nagar, Kanpur - UPPCB",11-04-2026 13:00,26.4703136,80.3229863,SO2,12.0,33.0,15.0
India,Uttar_Pradesh,Kanpur,"Nehru Nagar, Kanpur - UPPCB",11-04-2026 13:00,26.4703136,80.3229863,CO,54.0,111.0,62.0
India,Uttar_Pradesh,Gorakhpur,"Madan Mohan Malaviya University of Technology, Gorakhpur - UPPCB",11-04-2026 13:00,26.730136,83.433859,PM10,14.0,129.0,86.0
India,Uttar_Pradesh,Lucknow,"B R Ambedkar University, Lucknow - UPPCB",11-04-2026 13:00,26.766433,80.927299,OZONE,27.0,87.0,55.0
India,Uttar_Pradesh,Lucknow,"Kukrail Picnic Spot-1, Lucknow - UPPCB",11-04-2026 13:00,26.90723,80.98579,PM10,60.0,114.0,90.0
India,West_Bengal,Barrackpore,"SVSPA Campus, Barrackpore - WBPCB",11-04-2026 13:00,22.7605581,88.3617589,PM2.5,30.0,166.0,82.0
India,West_Bengal,Barrackpore,"SVSPA Campus, Barrackpore - WBPCB",11-04-2026 13:00,22.7605581,88.3617589,NO2,17.0,42.0,30.0
India,West_Bengal,Barrackpore,"SVSPA Campus, Barrackpore - WBPCB",11-04-2026 13:00,22.7605581,88.3617589,OZONE,1.0,51.0,14.0
India,West_Bengal,Durgapur,"PCBL Residential Complex, Durgapur - WBPCB",11-04-2026 13:00,23.508764,87.35444,PM2.5,33.0,159.0,82.0
India,West_Bengal,Durgapur,"PCBL Residential Complex, Durgapur - WBPCB",11-04-2026 13:00,23.508764,87.35444,PM10,48.0,126.0,93.0
India,West_Bengal,Durgapur,"PCBL Residential Complex, Durgapur - WBPCB",11-04-2026 13:00,23.508764,87.35444,NO2,32.0,123.0,67.0
India,West_Bengal,Durgapur,"PCBL Residential Complex, Durgapur - WBPCB",11-04-2026 13:00,23.508764,87.35444,NH3,4.0,8.0,6.0
India,West_Bengal,Durgapur,"Womens College_City Center, Durgapur - WBPCB",11-04-2026 13:00,23.549395,87.300496,PM2.5,33.0,99.0,66.0
India,West_Bengal,Durgapur,"Womens College_City Center, Durgapur - WBPCB",11-04-2026 13:00,23.549395,87.300496,NO2,23.0,37.0,29.0
India,West_Bengal,Haldia,"Priyambada Housing Estate, Haldia - WBPCB",11-04-2026 13:00,22.06047,88.109737,NO2,10.0,43.0,21.0
India,West_Bengal,Haldia,"Priyambada Housing Estate, Haldia - WBPCB",11-04-2026 13:00,22.06047,88.109737,OZONE,1.0,13.0,10.0
India,West_Bengal,Howrah,"Botanical Garden, Howrah - WBPCB",11-04-2026 13:00,22.554954,88.292568,PM2.5,15.0,109.0,54.0
India,West_Bengal,Howrah,"Botanical Garden, Howrah - WBPCB",11-04-2026 13:00,22.554954,88.292568,CO,10.0,102.0,20.0
India,West_Bengal,Howrah,"Dasnagar, Howrah - WBPCB",11-04-2026 13:00,22.6025571,88.3105664,SO2,3.0,13.0,8.0
India,West_Bengal,Howrah,"Ghusuri, Howrah - WBPCB",11-04-2026 13:00,22.611968,88.347422,PM10,78.0,198.0,123.0
India,West_Bengal,Howrah,"Ghusuri, Howrah - WBPCB",11-04-2026 13:00,22.611968,88.347422,SO2,9.0,15.0,12.0
India,West_Bengal,Howrah,"Ghusuri, Howrah - WBPCB",11-04-2026 13:00,22.611968,88.347422,CO,2.0,119.0,30.0
India,Uttar_Pradesh,Vrindavan,"Omex Eternity, Vrindavan - UPPCB",11-04-2026 13:00,27.571409,77.655757,CO,13.0,28.0,24.0
India,Uttar_Pradesh,Vrindavan,"Omex Eternity, Vrindavan - UPPCB",11-04-2026 13:00,27.571409,77.655757,OZONE,15.0,16.0,15.0
India,Uttarakhand,Dehradun,"Doon University, Dehradun - UKPCB",11-04-2026 13:00,30.269444,78.044167,PM2.5,0.0,0.0,0.0
India,Uttarakhand,Dehradun,"Doon University, Dehradun - UKPCB",11-04-2026 13:00,30.269444,78.044167,PM10,0.0,0.0,0.0
India,Uttarakhand,Dehradun,"Doon University, Dehradun - UKPCB",11-04-2026 13:00,30.269444,78.044167,CO,6.0,8.0,8.0
India,Uttarakhand,Kashipur,"Govt. Girls Inter College, Kashipur - UKPCB",11-04-2026 13:00,29.2124114,78.9611753,NO2,0.0,0.0,0.0
India,Uttarakhand,Kashipur,"Govt. Girls Inter College, Kashipur - UKPCB",11-04-2026 13:00,29.2124114,78.9611753,CO,9.0,18.0,15.0
India,Uttar_Pradesh,Noida,"Sector-1, Noida - UPPCB",11-04-2026 13:00,28.5898,77.3101,PM10,106.0,186.0,140.0
India,Uttar_Pradesh,Noida,"Sector-1, Noida - UPPCB",11-04-2026 13:00,28.5898,77.3101,NO2,13.0,65.0,40.0
India,Uttar_Pradesh,Prayagraj,"Jhunsi, Prayagraj - UPPCB",11-04-2026 13:00,25.425602,81.917152,NO2,6.0,6.0,6.0
India,Uttar_Pradesh,Prayagraj,"Motilal Nehru NIT, Prayagraj - UPPCB",11-04-2026 13:00,25.494,81.863,PM2.5,0.0,0.0,0.0
India,Uttar_Pradesh,Prayagraj,"Motilal Nehru NIT, Prayagraj - UPPCB",11-04-2026 13:00,25.494,81.863,NO2,12.0,12.0,12.0
India,Uttar_Pradesh,Prayagraj,"Motilal Nehru NIT, Prayagraj - UPPCB",11-04-2026 13:00,25.494,81.863,NH3,5.0,8.0,8.0
India,Uttar_Pradesh,Prayagraj,"Nagar Nigam, Prayagraj - UPPCB",11-04-2026 13:00,25.44919916,81.82735986,PM10,46.0,87.0,61.0
India,Uttarakhand,Rishikesh,"Shivaji Nagar, Rishikesh - UKPCB",11-04-2026 13:00,30.075911,78.2859547,NO2,23.0,23.0,23.0
India,Uttarakhand,Rishikesh,"Shivaji Nagar, Rishikesh - UKPCB",11-04-2026 13:00,30.075911,78.2859547,SO2,1.0,1.0,1.0
India,West_Bengal,Asansol,"Asansol Court Area, Asansol - WBPCB",11-04-2026 13:00,23.685297,86.945968,NO2,27.0,56.0,37.0
India,West_Bengal,Asansol,"Evelyn Lodge, Asansol - WBPCB",11-04-2026 13:00,23.697936,86.944395,PM2.5,14.0,116.0,60.0
India,West_Bengal,Asansol,"Mahabir Colliery, Asansol - WBPCB",11-04-2026 13:00,23.618183,87.105718,PM10,47.0,137.0,96.0
India,Uttar_Pradesh,Raebareli," Indira Nagar, Raebareli - NTPC Unchahar",11-04-2026 13:00,26.207781,81.245571,SO2,0.0,0.0,0.0
India,Uttar_Pradesh,Varanasi,"Ardhali Bazar, Varanasi - UPPCB",11-04-2026 13:00,25.3505986,82.9083074,SO2,11.0,11.0,11.0
India,Uttar_Pradesh,Varanasi,"Bhelupur, Varanasi - UPPCB",11-04-2026 13:00,25.301778,82.996789,CO,5.0,15.0,8.0
India,Uttar_Pradesh,Varanasi,"Bhelupur, Varanasi - UPPCB",11-04-2026 13:00,25.301778,82.996789,OZONE,8.0,26.0,11.0
India,Uttar_Pradesh,Varanasi,"Maldahiya, Varanasi - UPPCB",11-04-2026 13:00,25.32393,82.99687,SO2,30.0,33.0,30.0
India,Uttar_Pradesh,Moradabad,"Jigar Colony, Moradabad - UPPCB",11-04-2026 13:00,28.856664,78.772638,CO,39.0,40.0,39.0
India,Uttar_Pradesh,Moradabad,"Transport Nagar, Moradabad - UPPCB",11-04-2026 13:00,28.802625,78.753728,PM10,36.0,106.0,59.0
India,Uttar_Pradesh,Moradabad,"Transport Nagar, Moradabad - UPPCB",11-04-2026 13:00,28.802625,78.753728,OZONE,28.0,46.0,36.0
India,Uttar_Pradesh,Muzaffarnagar,"New Mandi, Muzaffarnagar - UPPCB",11-04-2026 13:00,29.4723508,77.7194031,PM2.5,24.0,98.0,55.0
India,West_Bengal,Asansol,"Mahabir Colliery, Asansol - WBPCB",11-04-2026 13:00,23.618183,87.105718,OZONE,6.0,65.0,35.0
India,Uttar_Pradesh,Noida,"Sector - 125, Noida - UPPCB",11-04-2026 13:00,28.5447608,77.3231257,PM10,85.0,149.0,117.0
India,West_Bengal,Kolkata,"Ballygunge, Kolkata - WBPCB",11-04-2026 13:00,22.5367507,88.3638022,NO2,24.0,95.0,43.0
India,West_Bengal,Kolkata,"Ballygunge, Kolkata - WBPCB",11-04-2026 13:00,22.5367507,88.3638022,CO,10.0,103.0,21.0
India,West_Bengal,Kolkata,"Ballygunge, Kolkata - WBPCB",11-04-2026 13:00,22.5367507,88.3638022,OZONE,5.0,38.0,17.0
India,West_Bengal,Kolkata,"Bidhannagar, Kolkata - WBPCB",11-04-2026 13:00,22.58157048,88.41002457,OZONE,10.0,62.0,28.0
India,West_Bengal,Kolkata,"Fort William, Kolkata - WBPCB",11-04-2026 13:00,22.55664,88.342674,PM2.5,39.0,81.0,58.0
India,West_Bengal,Kolkata,"Fort William, Kolkata - WBPCB",11-04-2026 13:00,22.55664,88.342674,PM10,41.0,85.0,61.0
India,West_Bengal,Kolkata,"Fort William, Kolkata - WBPCB",11-04-2026 13:00,22.55664,88.342674,NH3,9.0,14.0,11.0
India,West_Bengal,Kolkata,"Jadavpur, Kolkata - WBPCB",11-04-2026 13:00,22.49929,88.36917,PM10,41.0,187.0,87.0
India,West_Bengal,Kolkata,"Rabindra Bharati University, Kolkata - WBPCB",11-04-2026 13:00,22.627847,88.380669,NO2,31.0,247.0,128.0
India,West_Bengal,Kolkata,"Rabindra Sarobar, Kolkata - WBPCB",11-04-2026 13:00,22.51106,88.35142,PM10,46.0,84.0,59.0
India,West_Bengal,Kolkata,"Victoria, Kolkata - WBPCB",11-04-2026 13:00,22.5448082,88.3403691,CO,2.0,80.0,14.0
India,West_Bengal,Siliguri,"Ward-32 Bapupara, Siliguri - WBPCB",11-04-2026 13:00,26.6879226,88.4152495,NO2,41.0,132.0,77.0
India,Andhra_Pradesh,Guntur,"Rajendra Nagar North, Guntur - APPCB",11-04-2026 13:00,16.316553,80.413302,NO2,19.0,27.0,23.0
India,Andhra_Pradesh,Guntur,"Rajendra Nagar North, Guntur - APPCB",11-04-2026 13:00,16.316553,80.413302,OZONE,27.0,41.0,27.0
India,Andhra_Pradesh,Kadapa,"Yerramukkapalli, Kadapa - APPCB",11-04-2026 13:00,14.465052,78.824187,NO2,0.0,0.0,0.0
India,Andhra_Pradesh,Kadapa,"Yerramukkapalli, Kadapa - APPCB",11-04-2026 13:00,14.465052,78.824187,CO,24.0,34.0,24.0
India,Andhra_Pradesh,Machilipatnam,"Srinivas Nagar Colony, Machilipatnam - APPCB",11-04-2026 13:00,16.186555,81.13219,PM10,54.0,66.0,63.0
India,Andhra_Pradesh,Machilipatnam,"Srinivas Nagar Colony, Machilipatnam - APPCB",11-04-2026 13:00,16.186555,81.13219,CO,2.0,30.0,24.0
India,Andhra_Pradesh,Nellore,"Ambedkar Nagar, Nellore - APPCB ",11-04-2026 13:00,14.438164,79.966814,NH3,1.0,4.0,4.0
India,Andhra_Pradesh,Nellore,"Ambedkar Nagar, Nellore - APPCB ",11-04-2026 13:00,14.438164,79.966814,SO2,3.0,16.0,6.0
India,Andhra_Pradesh,Rajamahendravaram,"Anand Kala Kshetram, Rajamahendravaram - APPCB",11-04-2026 13:00,16.9872867,81.7363176,PM2.5,15.0,55.0,29.0
India,Andhra_Pradesh,Vijayawada,"Rajiv Gandhi Park, Vijayawada - APPCB",11-04-2026 13:00,16.509717,80.612222,CO,22.0,44.0,42.0
India,Andhra_Pradesh,Vijayawada,"Rajiv Gandhi Park, Vijayawada - APPCB",11-04-2026 13:00,16.509717,80.612222,OZONE,34.0,59.0,42.0
India,Andhra_Pradesh,Vijayawada,"Rajiv Nagar, Vijayawada - APPCB",11-04-2026 13:00,16.554731,80.64911,PM2.5,71.0,99.0,91.0
India,Andhra_Pradesh,Vijayawada,"Rajiv Nagar, Vijayawada - APPCB",11-04-2026 13:00,16.554731,80.64911,PM10,60.0,87.0,79.0
India,Andhra_Pradesh,Vijayawada,"Rajiv Nagar, Vijayawada - APPCB",11-04-2026 13:00,16.554731,80.64911,NH3,4.0,6.0,6.0
India,Andhra_Pradesh,Visakhapatnam,"GVM Corporation, Visakhapatnam - APPCB",11-04-2026 13:00,17.72,83.3,PM2.5,14.0,66.0,33.0
India,Andhra_Pradesh,Visakhapatnam,"GVM Corporation, Visakhapatnam - APPCB",11-04-2026 13:00,17.72,83.3,PM10,48.0,120.0,84.0
India,Assam,Guwahati,"IITG, Guwahati - PCBA",11-04-2026 13:00,26.2028636,91.70046436,NO2,1.0,2.0,1.0
India,Assam,Guwahati,"IITG, Guwahati - PCBA",11-04-2026 13:00,26.2028636,91.70046436,NH3,0.0,0.0,0.0
India,Andhra_Pradesh,Amaravati,"Secretariat, Amaravati - APPCB",11-04-2026 13:00,16.5150833,80.5181667,OZONE,20.0,78.0,39.0
India,Andhra_Pradesh,Anantapur,"Gulzarpet, Anantapur - APPCB",11-04-2026 13:00,14.675886,77.593027,PM10,78.0,102.0,90.0
India,Andhra_Pradesh,Chittoor,"Gangineni Cheruvu, Chittoor - APPCB",11-04-2026 13:00,13.20488,79.097889,PM2.5,43.0,63.0,46.0
India,Andhra_Pradesh,Chittoor,"Gangineni Cheruvu, Chittoor - APPCB",11-04-2026 13:00,13.20488,79.097889,SO2,10.0,22.0,12.0
India,Andhra_Pradesh,Chittoor,"Gangineni Cheruvu, Chittoor - APPCB",11-04-2026 13:00,13.20488,79.097889,CO,11.0,27.0,13.0
India,Andhra_Pradesh,Eluru,"District Court, Eluru - APPCB",11-04-2026 13:00,16.711754,81.092095,PM2.5,50.0,93.0,62.0
India,Andhra_Pradesh,Eluru,"District Court, Eluru - APPCB",11-04-2026 13:00,16.711754,81.092095,NO2,8.0,17.0,12.0
India,Andhra_Pradesh,Eluru,"District Court, Eluru - APPCB",11-04-2026 13:00,16.711754,81.092095,NH3,2.0,5.0,4.0
India,Andhra_Pradesh,Eluru,"District Court, Eluru - APPCB",11-04-2026 13:00,16.711754,81.092095,OZONE,5.0,18.0,8.0
India,Bihar,Araria,"Kharahiya Basti, Araria - BSPCB",11-04-2026 13:00,26.146529,87.454184,CO,62.0,105.0,86.0
India,Bihar,Araria,"Kharahiya Basti, Araria - BSPCB",11-04-2026 13:00,26.146529,87.454184,OZONE,9.0,11.0,10.0
India,Bihar,Aurangabad,"Gurdeo Nagar, Aurangabad - BSPCB",11-04-2026 13:00,24.75746,84.366208,PM2.5,15.0,37.0,26.0
India,Bihar,Begusarai,"Lohiyanagar, Begusarai - BSPCB",11-04-2026 13:00,25.42742023,86.13886079,NO2,10.0,17.0,13.0
India,Bihar,Bettiah,"Kamalnath Nagar, Bettiah - BSPCB",11-04-2026 13:00,26.80365,84.51954,OZONE,25.0,35.0,34.0
India,Bihar,Bhagalpur,"DM Office_Kachari Chowk, Bhagalpur - BSPCB",11-04-2026 13:00,25.251013,86.989001,PM2.5,15.0,150.0,47.0
India,Andhra_Pradesh,Tirumala,"Toll Gate, Tirumala - APPCB",11-04-2026 13:00,13.67,79.35,SO2,4.0,11.0,6.0
India,Andhra_Pradesh,Tirupati,"Vaikuntapuram, Tirupati - APPCB",11-04-2026 13:00,13.615387,79.40923,CO,22.0,40.0,26.0
India,Andhra_Pradesh,Vijayawada,"HB Colony, Vijayawada - APPCB",11-04-2026 13:00,16.536107,80.594233,NH3,4.0,5.0,4.0
India,Andhra_Pradesh,Vijayawada,"HB Colony, Vijayawada - APPCB",11-04-2026 13:00,16.536107,80.594233,SO2,11.0,21.0,14.0
India,Andhra_Pradesh,Vijayawada,"HB Colony, Vijayawada - APPCB",11-04-2026 13:00,16.536107,80.594233,OZONE,30.0,47.0,38.0
India,Andhra_Pradesh,Vijayawada,"Kanuru, Vijayawada - APPCB",11-04-2026 13:00,16.486692,80.699436,PM2.5,0.0,0.0,0.0
India,Andhra_Pradesh,Vijayawada,"Kanuru, Vijayawada - APPCB",11-04-2026 13:00,16.486692,80.699436,CO,34.0,44.0,34.0
India,Assam,Guwahati,"IITG, Guwahati - PCBA",11-04-2026 13:00,26.2028636,91.70046436,CO,5.0,10.0,6.0
India,Assam,Guwahati,"LGBI Airport, Guwahati - PCBA",11-04-2026 13:00,26.10887,91.589544,PM2.5,38.0,55.0,48.0
India,Assam,Guwahati,"Railway Colony, Guwahati - PCBA",11-04-2026 13:00,26.181742,91.78063,NO2,3.0,3.0,3.0
India,Bihar,Bihar Sharif,"D M Colony, Bihar Sharif - BSPCB",11-04-2026 13:00,25.204762,85.51496,SO2,9.0,10.0,10.0
India,Bihar,Bihar Sharif,"D M Colony, Bihar Sharif - BSPCB",11-04-2026 13:00,25.204762,85.51496,CO,52.0,74.0,60.0
India,Bihar,Buxar,"Charitra Van, Buxar - BSPCB",11-04-2026 13:00,25.56752,83.966379,SO2,24.0,33.0,29.0
India,Assam,Silchar,"Tarapur, Silchar - PCBA",11-04-2026 13:00,24.82827,92.79525,CO,17.0,33.0,24.0
India,Assam,Sivasagar,"Girls College, Sivasagar - PCBA",11-04-2026 13:00,26.987634,94.636574,PM2.5,8.0,27.0,17.0
India,Assam,Nalbari,"Bata Chowk, Nalbari - PCBA",11-04-2026 13:00,26.446912,91.439057,PM2.5,30.0,48.0,40.0
India,Assam,Nalbari,"Bata Chowk, Nalbari - PCBA",11-04-2026 13:00,26.446912,91.439057,NO2,14.0,15.0,14.0
India,Assam,Sivasagar,"Girls College, Sivasagar - PCBA",11-04-2026 13:00,26.987634,94.636574,NO2,19.0,35.0,25.0
India,Bihar,Muzaffarpur,"Buddha Colony, Muzaffarpur - BSPCB",11-04-2026 13:00,26.11442,85.39813,NH3,16.0,22.0,19.0
India,Bihar,Muzaffarpur,"Buddha Colony, Muzaffarpur - BSPCB",11-04-2026 13:00,26.11442,85.39813,CO,10.0,46.0,26.0
India,Bihar,Muzaffarpur,"MIT-Daudpur Kothi, Muzaffarpur - BSPCB",11-04-2026 13:00,26.1403345,85.3650192,SO2,12.0,20.0,16.0
India,Bihar,Muzaffarpur,"MIT-Daudpur Kothi, Muzaffarpur - BSPCB",11-04-2026 13:00,26.1403345,85.3650192,OZONE,12.0,60.0,25.0
India,Bihar,Muzaffarpur,"Muzaffarpur Collectorate, Muzaffarpur - BSPCB",11-04-2026 13:00,26.1209,85.3647,OZONE,8.0,16.0,10.0
India,Bihar,Patna,"DRM Office Danapur, Patna - BSPCB",11-04-2026 13:00,25.586562,85.043586,PM2.5,4.0,325.0,82.0
India,Bihar,Patna,"DRM Office Danapur, Patna - BSPCB",11-04-2026 13:00,25.586562,85.043586,NO2,32.0,40.0,38.0
India,Bihar,Purnia,"Mariam Nagar, Purnia - BSPCB",11-04-2026 13:00,25.366336,87.117468,CO,55.0,58.0,56.0
India,Bihar,Rajgir,"Dangi Tola, Rajgir - BSPCB",11-04-2026 13:00,25.0328,85.41948,PM10,18.0,50.0,34.0
India,Bihar,Rajgir,"Dangi Tola, Rajgir - BSPCB",11-04-2026 13:00,25.0328,85.41948,NH3,3.0,3.0,3.0
India,Bihar,Rajgir,"Dangi Tola, Rajgir - BSPCB",11-04-2026 13:00,25.0328,85.41948,SO2,2.0,3.0,3.0
India,Bihar,Saharsa,"Police Line, Saharsa - BSPCB",11-04-2026 13:00,25.892357,86.590325,OZONE,2.0,48.0,19.0
India,Bihar,Samastipur,"DM Office_Kasipur, Samastipur - BSPCB",11-04-2026 13:00,25.859655,85.77944,PM2.5,0.0,0.0,0.0
India,Bihar,Samastipur,"DM Office_Kasipur, Samastipur - BSPCB",11-04-2026 13:00,25.859655,85.77944,NO2,0.0,0.0,0.0
India,Bihar,Chhapra,"Darshan Nagar, Chhapra - BSPCB",11-04-2026 13:00,25.7808257,84.7446768,CO,3.0,15.0,10.0
India,Bihar,Gaya,"SFTI Kusdihra, Gaya - BSPCB",11-04-2026 13:00,24.762518,84.982348,CO,10.0,36.0,24.0
India,Bihar,Hajipur,"Industrial Area, Hajipur - BSPCB",11-04-2026 13:00,25.697189,85.2459,PM10,142.0,192.0,160.0
India,Bihar,Manguraha,"Forest Rest House, Manguraha - BSPCB",11-04-2026 13:00,27.308328,84.531742,SO2,15.0,17.0,17.0
India,Bihar,Motihari,"Gandak Colony, Motihari - BSPCB",11-04-2026 13:00,26.63086,84.90051,NH3,3.0,3.0,3.0
India,Bihar,Patna,"Govt. High School Shikarpur, Patna - BSPCB",11-04-2026 13:00,25.592539,85.227158,PM2.5,68.0,83.0,77.0
India,Bihar,Patna,"Govt. High School Shikarpur, Patna - BSPCB",11-04-2026 13:00,25.592539,85.227158,CO,2.0,80.0,28.0
India,Bihar,Katihar,"Mirchaibari, Katihar - BSPCB",11-04-2026 13:00,25.560083,87.553265,PM10,0.0,0.0,0.0
India,Bihar,Katihar,"Mirchaibari, Katihar - BSPCB",11-04-2026 13:00,25.560083,87.553265,NH3,1.0,1.0,1.0
India,Bihar,Purnia,"Mariam Nagar, Purnia - BSPCB",11-04-2026 13:00,25.366336,87.117468,PM2.5,58.0,98.0,72.0
India,Bihar,Purnia,"Mariam Nagar, Purnia - BSPCB",11-04-2026 13:00,25.366336,87.117468,PM10,46.0,77.0,57.0
India,Bihar,Manguraha,"Forest Rest House, Manguraha - BSPCB",11-04-2026 13:00,27.308328,84.531742,PM10,45.0,159.0,80.0
India,Bihar,Patna,"Rajbansi Nagar, Patna - BSPCB",11-04-2026 13:00,25.599486,85.113666,NO2,26.0,33.0,31.0
India,Delhi,Delhi,"Dwarka-Sector 8, Delhi - DPCC ",11-04-2026 13:00,28.5710274,77.0719006,SO2,13.0,29.0,22.0
India,Delhi,Delhi,"IGI Airport (T3), Delhi - IMD",11-04-2026 13:00,28.5627763,77.1180053,OZONE,35.0,75.0,53.0
India,Delhi,Delhi,"IGNOU_Maidan Garhi, Delhi - DPCC",11-04-2026 13:00,28.493624,77.201159,PM2.5,14.0,118.0,64.0
India,Delhi,Delhi,"IGNOU_Maidan Garhi, Delhi - DPCC",11-04-2026 13:00,28.493624,77.201159,PM10,81.0,160.0,111.0
India,Delhi,Delhi,"IGNOU_Maidan Garhi, Delhi - DPCC",11-04-2026 13:00,28.493624,77.201159,NH3,2.0,4.0,3.0
India,Delhi,Delhi,"IGNOU_Maidan Garhi, Delhi - DPCC",11-04-2026 13:00,28.493624,77.201159,SO2,6.0,14.0,10.0
India,Delhi,Delhi,"IGNOU_Maidan Garhi, Delhi - DPCC",11-04-2026 13:00,28.493624,77.201159,CO,16.0,38.0,31.0
India,Delhi,Delhi,"IGNOU_Maidan Garhi, Delhi - DPCC",11-04-2026 13:00,28.493624,77.201159,OZONE,46.0,130.0,93.0
India,Delhi,Delhi,"IHBAS, Dilshad Garden, Delhi - CPCB",11-04-2026 13:00,28.6811736,77.3025234,PM2.5,10.0,210.0,62.0
India,Delhi,Delhi,"IHBAS, Dilshad Garden, Delhi - CPCB",11-04-2026 13:00,28.6811736,77.3025234,NH3,4.0,7.0,6.0
India,Delhi,Delhi,"IHBAS, Dilshad Garden, Delhi - CPCB",11-04-2026 13:00,28.6811736,77.3025234,CO,28.0,117.0,58.0
India,Delhi,Delhi,"IIT Delhi, Delhi - IITM",11-04-2026 13:00,28.54246,77.191651,PM10,78.0,171.0,115.0
India,Delhi,Delhi,"IIT Delhi, Delhi - IITM",11-04-2026 13:00,28.54246,77.191651,NO2,23.0,77.0,43.0
India,Delhi,Delhi,"ITO, Delhi - CPCB",11-04-2026 13:00,28.628624,77.24106,PM10,79.0,119.0,98.0
India,Delhi,Delhi,"ITO, Delhi - CPCB",11-04-2026 13:00,28.628624,77.24106,CO,28.0,48.0,36.0
India,Delhi,Delhi,"JNU, Delhi - DPCC",11-04-2026 13:00,28.540721,77.168544,SO2,17.0,22.0,18.0
India,Delhi,Delhi,"Jahangirpuri, Delhi - DPCC",11-04-2026 13:00,28.73282,77.170633,PM2.5,70.0,243.0,128.0
India,Chhattisgarh,Bhilai,"Civic Center, Bhilai - Bhilai Steel Plant",11-04-2026 13:00,21.185571,81.343175,NH3,3.0,3.0,3.0
India,Chhattisgarh,Chhal,"Nawapara SECL Colony, Chhal - CECB",11-04-2026 13:00,22.118125,83.140608,NO2,12.0,31.0,19.0
India,Chhattisgarh,Korba,"Rampur, Korba - CECB",11-04-2026 13:00,22.368195,82.746431,PM2.5,19.0,33.0,24.0
India,Chhattisgarh,Korba,"Rampur, Korba - CECB",11-04-2026 13:00,22.368195,82.746431,SO2,9.0,124.0,43.0
India,Chhattisgarh,Korba,"Urja Nagar, Korba - CECB",11-04-2026 13:00,22.348441,82.549611,CO,12.0,25.0,22.0
India,Chhattisgarh,Korba,"Urja Nagar, Korba - CECB",11-04-2026 13:00,22.348441,82.549611,OZONE,2.0,22.0,3.0
India,Delhi,Delhi,"Alipur, Delhi - DPCC",11-04-2026 13:00,28.815329,77.15301,PM10,101.0,193.0,128.0
India,Delhi,Delhi,"Anand Vihar, Delhi - DPCC",11-04-2026 13:00,28.647622,77.315809,SO2,3.0,48.0,27.0
India,Delhi,Delhi,"Aya Nagar, Delhi - IMD",11-04-2026 13:00,28.4706914,77.1099364,PM2.5,6.0,80.0,48.0
India,Delhi,Delhi,"Aya Nagar, Delhi - IMD",11-04-2026 13:00,28.4706914,77.1099364,PM10,47.0,153.0,96.0
India,Delhi,Delhi,"Burari Crossing, Delhi - IMD",11-04-2026 13:00,28.7256504,77.2011573,NO2,23.0,63.0,39.0
India,Chhattisgarh,Kunjemura,"OP Jindal School, Kunjemura - CECB",11-04-2026 13:00,22.12665,83.483212,PM10,13.0,122.0,77.0
India,Chhattisgarh,Kunjemura,"OP Jindal School, Kunjemura - CECB",11-04-2026 13:00,22.12665,83.483212,CO,10.0,34.0,20.0
India,Chhattisgarh,Raipur,"Bhatagaon New ISBT, Raipur - CECB",11-04-2026 13:00,21.219665,81.630094,PM2.5,23.0,96.0,47.0
India,Chhattisgarh,Raipur,"Krishak Nagar, Raipur - CECB",11-04-2026 13:00,21.237755,81.705301,NH3,2.0,2.0,2.0
India,Chhattisgarh,Raipur,"Krishak Nagar, Raipur - CECB",11-04-2026 13:00,21.237755,81.705301,OZONE,1.0,44.0,4.0
India,Bihar,Siwan,"Chitragupta Nagar, Siwan - BSPCB",11-04-2026 13:00,26.2271665,84.3570427,CO,58.0,90.0,63.0
India,Chandigarh,Chandigarh,"Sector-53, Chandigarh - CPCC",11-04-2026 13:00,30.719859,76.738637,NO2,13.0,65.0,26.0
India,Chhattisgarh,Bhilai,"32Bungalows, Bhilai - CECB",11-04-2026 13:00,21.194815,81.31477,NO2,6.0,77.0,26.0
India,Chhattisgarh,Bhilai,"32Bungalows, Bhilai - CECB",11-04-2026 13:00,21.194815,81.31477,OZONE,9.0,46.0,32.0
India,Delhi,Delhi,"CRRI Mathura Road, Delhi - IMD",11-04-2026 13:00,28.5512005,77.2735737,OZONE,21.0,76.0,42.0
India,Delhi,Delhi,"DTU, Delhi - CPCB",11-04-2026 13:00,28.7500499,77.1112615,CO,4.0,31.0,24.0
India,Delhi,Delhi,"Dr. Karni Singh Shooting Range, Delhi - DPCC",11-04-2026 13:00,28.498571,77.26484,NH3,3.0,4.0,3.0
India,Chhattisgarh,Raipur,"Siltara Phase-II, Raipur - CECB",11-04-2026 13:00,21.371751,81.664929,SO2,2.0,36.0,10.0
India,Chhattisgarh,Raipur,"Siltara Phase-II, Raipur - CECB",11-04-2026 13:00,21.371751,81.664929,OZONE,4.0,59.0,17.0
India,Chhattisgarh,Tumidih,"OP Jindal Industrial Park, Tumidih - CECB",11-04-2026 13:00,22.06631475,83.33820077,NO2,28.0,100.0,65.0
India,Delhi,Delhi,"CRRI Mathura Road, Delhi - IMD",11-04-2026 13:00,28.5512005,77.2735737,NO2,56.0,108.0,73.0
India,Delhi,Delhi,"Wazirpur, Delhi - DPCC",11-04-2026 13:00,28.699793,77.165453,OZONE,14.0,62.0,35.0
India,Gujarat,Ahmedabad,"Chandkheda, Ahmedabad - IITM",11-04-2026 13:00,23.107969,72.574648,NO2,6.0,112.0,51.0
India,Gujarat,Ahmedabad,"Gyaspur, Ahmedabad - IITM",11-04-2026 13:00,22.977134,72.553024,OZONE,1.0,98.0,30.0
India,Gujarat,Ahmedabad,"Maninagar, Ahmedabad - GPCB",11-04-2026 13:00,23.002657,72.591912,SO2,40.0,87.0,68.0
India,Gujarat,Ahmedabad,"Maninagar, Ahmedabad - GPCB",11-04-2026 13:00,23.002657,72.591912,OZONE,36.0,140.0,74.0
India,Gujarat,Ahmedabad,"Raikhad, Ahmedabad - IITM",11-04-2026 13:00,23.020509,72.579261,PM2.5,26.0,224.0,127.0
India,Gujarat,Ahmedabad,"Raikhad, Ahmedabad - IITM",11-04-2026 13:00,23.020509,72.579261,PM10,88.0,202.0,146.0
India,Gujarat,Ahmedabad,"Raikhad, Ahmedabad - IITM",11-04-2026 13:00,23.020509,72.579261,NO2,13.0,176.0,89.0
India,Delhi,Delhi,"Punjabi Bagh, Delhi - DPCC",11-04-2026 13:00,28.674045,77.131023,NH3,3.0,4.0,4.0
India,Delhi,Delhi,"Punjabi Bagh, Delhi - DPCC",11-04-2026 13:00,28.674045,77.131023,SO2,32.0,47.0,40.0
India,Delhi,Delhi,"Punjabi Bagh, Delhi - DPCC",11-04-2026 13:00,28.674045,77.131023,OZONE,17.0,51.0,35.0
India,Delhi,Delhi,"Pusa, Delhi - DPCC",11-04-2026 13:00,28.639652,77.146275,NO2,50.0,124.0,75.0
India,Delhi,Delhi,"Pusa, Delhi - DPCC",11-04-2026 13:00,28.639652,77.146275,SO2,16.0,47.0,29.0
India,Delhi,Delhi,"Pusa, Delhi - IMD",11-04-2026 13:00,28.63611,77.173332,PM10,63.0,125.0,100.0
India,Delhi,Delhi,"R K Puram, Delhi - DPCC",11-04-2026 13:00,28.563262,77.186937,NO2,0.0,0.0,0.0
India,Delhi,Delhi,"Rohini, Delhi - DPCC",11-04-2026 13:00,28.732528,77.11992,NO2,10.0,43.0,22.0
India,Delhi,Delhi,"Narela, Delhi - DPCC",11-04-2026 13:00,28.822836,77.101981,PM2.5,48.0,213.0,85.0
India,Delhi,Delhi,"Narela, Delhi - DPCC",11-04-2026 13:00,28.822836,77.101981,NO2,7.0,25.0,14.0
India,Delhi,Delhi,"Narela, Delhi - DPCC",11-04-2026 13:00,28.822836,77.101981,NH3,5.0,6.0,6.0
India,Delhi,Delhi,"Narela, Delhi - DPCC",11-04-2026 13:00,28.822836,77.101981,SO2,1.0,31.0,13.0
India,Delhi,Delhi,"Narela, Delhi - DPCC",11-04-2026 13:00,28.822836,77.101981,CO,34.0,65.0,49.0
India,Delhi,Delhi,"New Moti Bagh, Delhi - MHUA",11-04-2026 13:00,28.57834,77.184,CO,15.0,30.0,25.0
India,Delhi,Delhi,"North Campus, DU, Delhi - IMD",11-04-2026 13:00,28.6573814,77.1585447,CO,22.0,52.0,32.0
India,Delhi,Delhi,"Mundka, Delhi - DPCC",11-04-2026 13:00,28.684678,77.076574,PM10,101.0,197.0,147.0
India,Delhi,Delhi,"Mundka, Delhi - DPCC",11-04-2026 13:00,28.684678,77.076574,SO2,18.0,100.0,31.0
India,Delhi,Delhi,"NSIT Dwarka, Delhi - CPCB",11-04-2026 13:00,28.60909,77.0325413,PM2.5,46.0,114.0,67.0
India,Delhi,Delhi,"NSIT Dwarka, Delhi - CPCB",11-04-2026 13:00,28.60909,77.0325413,NH3,2.0,8.0,5.0
India,Delhi,Delhi,"NSUT Jaffarpur, Delhi - DPCC",11-04-2026 13:00,28.594004,76.909423,NO2,5.0,95.0,27.0
India,Delhi,Delhi,"Shadipur, Delhi - CPCB",11-04-2026 13:00,28.6514781,77.1473105,CO,1.0,72.0,29.0
India,Delhi,Delhi,"Sirifort, Delhi - CPCB",11-04-2026 13:00,28.5504249,77.2159377,NH3,8.0,20.0,15.0
India,Delhi,Delhi,"Sonia Vihar, Delhi - DPCC",11-04-2026 13:00,28.710508,77.249485,NH3,6.0,7.0,6.0
India,Delhi,Delhi,"Okhla Phase-2, Delhi - DPCC",11-04-2026 13:00,28.530785,77.271255,PM2.5,18.0,92.0,50.0
India,Delhi,Delhi,"Okhla Phase-2, Delhi - DPCC",11-04-2026 13:00,28.530785,77.271255,NO2,30.0,100.0,57.0
India,Delhi,Delhi,"Patparganj, Delhi - DPCC",11-04-2026 13:00,28.623763,77.287209,OZONE,17.0,53.0,37.0
India,Delhi,Delhi,"Lodhi Road, Delhi - IMD",11-04-2026 13:00,28.5918245,77.2273074,NO2,11.0,24.0,15.0
India,Delhi,Delhi,"Major Dhyan Chand National Stadium, Delhi - DPCC",11-04-2026 13:00,28.611281,77.237738,PM2.5,3.0,80.0,34.0
India,Delhi,Delhi,"Talkatora Garden, Delhi - DPCC",11-04-2026 13:00,28.62181,77.1944633,NH3,2.0,12.0,7.0
India,Delhi,Delhi,"Vivek Vihar, Delhi - DPCC",11-04-2026 13:00,28.672342,77.31526,NH3,6.0,6.0,6.0
India,Gujarat,Ahmedabad,"Rakhial, Ahmedabad - IITM",11-04-2026 13:00,23.016834,72.625775,PM2.5,21.0,319.0,126.0
India,Gujarat,Ahmedabad,"Rakhial, Ahmedabad - IITM",11-04-2026 13:00,23.016834,72.625775,PM10,95.0,414.0,209.0
India,Gujarat,Nandesari,"GIDC, Nandesari - Nandesari Ind. Association",11-04-2026 13:00,22.410802,73.097923,PM2.5,27.0,213.0,97.0
India,Gujarat,Rajkot,"Mavdi, Rajkot - Nexteng Enviro ",11-04-2026 13:00,22.248853,70.776774,CO,85.0,106.0,91.0
India,Gujarat,Surat,"Katargam, Surat - Nexteng Enviro",11-04-2026 13:00,21.217779,72.834787,PM2.5,50.0,289.0,120.0
India,Gujarat,Surat,"Katargam, Surat - Nexteng Enviro",11-04-2026 13:00,21.217779,72.834787,NO2,16.0,63.0,31.0
India,Gujarat,Surat,"Katargam, Surat - Nexteng Enviro",11-04-2026 13:00,21.217779,72.834787,NH3,1.0,2.0,1.0
India,Gujarat,Surat,"Science Center, Surat - SMC",11-04-2026 13:00,21.170046,72.795405,PM10,80.0,264.0,123.0
India,Gujarat,Surat,"Science Center, Surat - SMC",11-04-2026 13:00,21.170046,72.795405,CO,40.0,75.0,59.0
India,Gujarat,Vadodara,"Bapunagar, Vadodara - Nexteng Enviro",11-04-2026 13:00,22.320153,73.216285,PM2.5,44.0,304.0,119.0
India,Gujarat,Vadodara,"Bapunagar, Vadodara - Nexteng Enviro",11-04-2026 13:00,22.320153,73.216285,NO2,9.0,20.0,15.0
India,Gujarat,Vapi,"Phase-1 GIDC, Vapi - GPCB",11-04-2026 13:00,20.362421,72.918013,PM10,0.0,0.0,0.0
India,Gujarat,Vapi,"Phase-1 GIDC, Vapi - GPCB",11-04-2026 13:00,20.362421,72.918013,NO2,0.0,0.0,0.0
India,Haryana,Charkhi Dadri,"Mini Secretariat, Charkhi Dadri - HSPCB",11-04-2026 13:00,28.593883,76.270653,OZONE,14.0,18.0,16.0
India,Haryana,Faridabad,"New Industrial Town, Faridabad - HSPCB",11-04-2026 13:00,28.39072,77.30059,NO2,24.0,26.0,25.0
India,Haryana,Faridabad,"Sector 11, Faridabad - HSPCB",11-04-2026 13:00,28.376058,77.315741,PM10,118.0,222.0,166.0
India,Haryana,Faridabad,"Sector 11, Faridabad - HSPCB",11-04-2026 13:00,28.376058,77.315741,CO,39.0,40.0,40.0
India,Haryana,Faridabad,"Sector 30, Faridabad - HSPCB",11-04-2026 13:00,28.4417,77.3217,PM10,61.0,101.0,74.0
India,Haryana,Faridabad,"Sector 30, Faridabad - HSPCB",11-04-2026 13:00,28.4417,77.3217,SO2,6.0,6.0,6.0
India,Haryana,Fatehabad,"Huda Sector, Fatehabad - HSPCB",11-04-2026 13:00,29.503664,75.467934,PM10,30.0,110.0,75.0
India,Gujarat,Vatva,"Phase-4 GIDC, Vatva - GPCB",11-04-2026 13:00,22.969611,72.6435,SO2,56.0,100.0,75.0
India,Gujarat,Vatva,"Phase-4 GIDC, Vatva - GPCB",11-04-2026 13:00,22.969611,72.6435,OZONE,29.0,45.0,34.0
India,Haryana,Bahadurgarh,"Arya Nagar, Bahadurgarh - HSPCB",11-04-2026 13:00,28.6701,76.9254,NH3,12.0,13.0,13.0
India,Haryana,Bahadurgarh,"Arya Nagar, Bahadurgarh - HSPCB",11-04-2026 13:00,28.6701,76.9254,SO2,5.0,7.0,6.0
India,Haryana,Ballabgarh,"Nathu Colony, Ballabgarh - HSPCB",11-04-2026 13:00,28.3419248,77.319699,NO2,19.0,21.0,20.0
India,Haryana,Ballabgarh,"Nathu Colony, Ballabgarh - HSPCB",11-04-2026 13:00,28.3419248,77.319699,NH3,3.0,3.0,3.0
India,Haryana,Charkhi Dadri,"Mini Secretariat, Charkhi Dadri - HSPCB",11-04-2026 13:00,28.593883,76.270653,NH3,5.0,8.0,6.0
India,Gujarat,Ahmedabad,"SAC ISRO Satellite, Ahmedabad - IITM",11-04-2026 13:00,23.023389,72.515201,CO,32.0,127.0,47.0
India,Gujarat,Ahmedabad,"SVPI Airport Hansol, Ahmedabad - IITM",11-04-2026 13:00,23.076793,72.627874,PM10,109.0,306.0,160.0
India,Gujarat,Ahmedabad,"SVPI Airport Hansol, Ahmedabad - IITM",11-04-2026 13:00,23.076793,72.627874,SO2,2.0,106.0,20.0
India,Gujarat,Ahmedabad,"SVPI Airport Hansol, Ahmedabad - IITM",11-04-2026 13:00,23.076793,72.627874,CO,4.0,111.0,53.0
India,Gujarat,Ankleshwar,"GIDC, Ankleshwar - GPCB",11-04-2026 13:00,21.613267,73.010555,PM2.5,0.0,0.0,0.0
India,Gujarat,Ankleshwar,"GIDC, Ankleshwar - GPCB",11-04-2026 13:00,21.613267,73.010555,SO2,0.0,0.0,0.0
India,Gujarat,Bhavnagar,"Vidhyanagar, Bhavnagar - Nexteng Enviro",11-04-2026 13:00,21.755417,72.139056,PM10,92.0,203.0,140.0
India,Gujarat,Gandhinagar,"GIFT City, Gandhinagar - IITM",11-04-2026 13:00,23.163798,72.677768,NO2,16.0,82.0,45.0
India,Gujarat,Gandhinagar,"IIPHG Lekawada, Gandhinagar - IITM",11-04-2026 13:00,23.243639,72.68994,PM10,68.0,410.0,135.0
India,Gujarat,Gandhinagar,"Sector-10, Gandhinagar - GPCB",11-04-2026 13:00,23.221714,72.654328,PM2.5,52.0,90.0,75.0
India,Gujarat,Gandhinagar,"Sector-10, Gandhinagar - GPCB",11-04-2026 13:00,23.221714,72.654328,PM10,67.0,178.0,113.0
India,Gujarat,Gandhinagar,"Sector-10, Gandhinagar - GPCB",11-04-2026 13:00,23.221714,72.654328,OZONE,8.0,26.0,11.0
India,Gujarat,Mehsana,"Sadanand Nagar, Mehsana - Nexteng Enviro",11-04-2026 13:00,23.59315,72.372792,NH3,1.0,4.0,3.0
India,Gujarat,Ahmedabad,"Rakhial, Ahmedabad - IITM",11-04-2026 13:00,23.016834,72.625775,SO2,5.0,107.0,61.0
India,Gujarat,Ahmedabad,"SAC ISRO Bopal, Ahmedabad - IITM",11-04-2026 13:00,23.041137,72.456691,OZONE,2.0,127.0,60.0
India,Gujarat,Gandhinagar,"IIPHG Lekawada, Gandhinagar - IITM",11-04-2026 13:00,23.243639,72.68994,NH3,1.0,2.0,1.0
India,Haryana,Fatehabad,"Huda Sector, Fatehabad - HSPCB",11-04-2026 13:00,29.503664,75.467934,NH3,13.0,14.0,14.0
India,Haryana,Yamuna Nagar,"Gobind Pura, Yamuna Nagar - HSPCB",11-04-2026 13:00,30.1480566,77.2893471,SO2,10.0,15.0,12.0
India,Jammu_and_Kashmir,Pampore,"Khrew, Pampore - JKPCC",11-04-2026 13:00,34.031606,75.009712,PM10,22.0,86.0,51.0
India,Jammu_and_Kashmir,Srinagar,"Khunmoh, Srinagar - JKPCC",11-04-2026 13:00,34.06313,74.96017,PM10,37.0,81.0,59.0
India,Jammu_and_Kashmir,Srinagar,"Rajbagh, Srinagar - JKPCC",11-04-2026 13:00,34.066206,74.81982,PM10,28.0,49.0,36.0
India,Jharkhand,Dhanbad,"Sardar Patel Nagar, Dhanbad - JSPCB",11-04-2026 13:00,23.80569,86.44268,PM2.5,0.0,0.0,0.0
India,Jharkhand,Dhanbad,"Sardar Patel Nagar, Dhanbad - JSPCB",11-04-2026 13:00,23.80569,86.44268,CO,2.0,26.0,7.0
India,Jharkhand,Jorapokhar,"Tata Stadium, Jorapokhar - JSPCB",11-04-2026 13:00,23.707909,86.41467,NO2,8.0,8.0,8.0
India,Jharkhand,Jorapokhar,"Tata Stadium, Jorapokhar - JSPCB",11-04-2026 13:00,23.707909,86.41467,CO,36.0,40.0,38.0
India,Haryana,Gurugram,"Teri Gram, Gurugram - HSPCB",11-04-2026 13:00,28.4275,77.1465,OZONE,10.0,37.0,18.0
India,Haryana,Gurugram,"Vikas Sadan, Gurugram - HSPCB",11-04-2026 13:00,28.4501238,77.0263051,PM10,109.0,182.0,152.0
India,Haryana,Gurugram,"Vikas Sadan, Gurugram - HSPCB",11-04-2026 13:00,28.4501238,77.0263051,SO2,2.0,8.0,5.0
India,Haryana,Gurugram,"Vikas Sadan, Gurugram - HSPCB",11-04-2026 13:00,28.4501238,77.0263051,CO,64.0,115.0,98.0
India,Haryana,Hisar,"Urban Estate-II, Hisar - HSPCB",11-04-2026 13:00,29.14056,75.744941,PM2.5,22.0,55.0,36.0
India,Haryana,Hisar,"Urban Estate-II, Hisar - HSPCB",11-04-2026 13:00,29.14056,75.744941,PM10,84.0,135.0,105.0
India,Karnataka,Bagalkot,"Vidayagiri, Bagalkot - KSPCB",11-04-2026 13:00,16.172806,75.659694,SO2,7.0,7.0,7.0
India,Karnataka,Bagalkot,"Vidayagiri, Bagalkot - KSPCB",11-04-2026 13:00,16.172806,75.659694,OZONE,11.0,14.0,12.0
India,Karnataka,Belgaum,"Ramteerth Nagar, Belgaum - KSPCB",11-04-2026 13:00,15.888653,74.541751,PM2.5,34.0,109.0,70.0
India,Karnataka,Belgaum,"Ramteerth Nagar, Belgaum - KSPCB",11-04-2026 13:00,15.888653,74.541751,PM10,44.0,124.0,88.0
India,Karnataka,Bengaluru,"BTM Layout, Bengaluru - CPCB",11-04-2026 13:00,12.9135218,77.5950804,PM2.5,0.0,0.0,0.0
India,Haryana,Manesar,"Sector-2 IMT, Manesar - HSPCB",11-04-2026 13:00,28.360699,76.93609,CO,9.0,21.0,17.0
India,Haryana,Palwal,"Shyam Nagar, Palwal - HSPCB",11-04-2026 13:00,28.1485564,77.3320667,PM10,54.0,77.0,64.0
India,Haryana,Panchgaon,"Amity University, Panchgaon - IITM",11-04-2026 13:00,28.3153,76.9143,PM2.5,29.0,115.0,75.0
India,Haryana,Panchkula,"Sector-6, Panchkula - HSPCB ",11-04-2026 13:00,30.7057778,76.85318056,CO,14.0,36.0,33.0
India,Haryana,Panchkula,"Sector-6, Panchkula - HSPCB ",11-04-2026 13:00,30.7057778,76.85318056,OZONE,5.0,14.0,6.0
India,Haryana,Rohtak,"MD University, Rohtak - HSPCB",11-04-2026 13:00,28.52123,76.37138,PM10,53.0,85.0,66.0
India,Karnataka,Bengaluru,"City Railway Station, Bengaluru - KSPCB",11-04-2026 13:00,12.9756843,77.5660749,PM10,110.0,111.0,111.0
India,Karnataka,Bengaluru,"City Railway Station, Bengaluru - KSPCB",11-04-2026 13:00,12.9756843,77.5660749,NO2,47.0,55.0,51.0
India,Karnataka,Bengaluru,"Hebbal, Bengaluru - KSPCB",11-04-2026 13:00,13.029152,77.585901,PM10,78.0,132.0,102.0
India,Haryana,Karnal,"Sector-12, Karnal - HSPCB",11-04-2026 13:00,29.6953,77.0027,NO2,6.0,7.0,6.0
India,Haryana,Kurukshetra,"Sector-7, Kurukshetra - HSPCB",11-04-2026 13:00,29.966942,76.875879,PM10,76.0,121.0,98.0
India,Haryana,Kaithal,"Rishi Nagar, Kaithal - HSPCB",11-04-2026 13:00,29.8006,76.4155,NO2,27.0,34.0,31.0
India,Haryana,Karnal,"Sector-12, Karnal - HSPCB",11-04-2026 13:00,29.6953,77.0027,PM2.5,17.0,85.0,66.0
India,Haryana,Gurugram,"NISE Gwal Pahari, Gurugram - IMD",11-04-2026 13:00,28.422681,77.148944,PM10,83.0,191.0,126.0
India,Haryana,Gurugram,"Teri Gram, Gurugram - HSPCB",11-04-2026 13:00,28.4275,77.1465,PM2.5,86.0,396.0,179.0
India,Karnataka,Bengaluru,"Peenya, Bengaluru - CPCB",11-04-2026 13:00,13.0270199,77.494094,PM10,47.0,49.0,47.0
India,Karnataka,Bengaluru,"Peenya, Bengaluru - CPCB",11-04-2026 13:00,13.0270199,77.494094,NO2,17.0,31.0,24.0
India,Karnataka,Bengaluru,"Peenya, Bengaluru - CPCB",11-04-2026 13:00,13.0270199,77.494094,SO2,5.0,15.0,10.0
India,Karnataka,Bengaluru,"Shivapura_Peenya, Bengaluru - KSPCB",11-04-2026 13:00,13.0246342,77.5080115,SO2,3.0,5.0,4.0
India,Karnataka,Bengaluru,"Shivapura_Peenya, Bengaluru - KSPCB",11-04-2026 13:00,13.0246342,77.5080115,OZONE,26.0,26.0,26.0
India,Karnataka,Bengaluru,"Silk Board, Bengaluru - KSPCB",11-04-2026 13:00,12.917348,77.622813,PM2.5,56.0,110.0,76.0
India,Karnataka,Bengaluru,"Silk Board, Bengaluru - KSPCB",11-04-2026 13:00,12.917348,77.622813,SO2,1.0,5.0,3.0
India,Karnataka,Bengaluru,"Silk Board, Bengaluru - KSPCB",11-04-2026 13:00,12.917348,77.622813,OZONE,19.0,77.0,38.0
India,Karnataka,Dharwad,"Kalabhavan, Dharwad - KSPCB",11-04-2026 13:00,15.459706,75.008381,PM10,56.0,105.0,94.0
India,Karnataka,Hubballi,"Lingaraj Nagar, Hubballi - KSPCB",11-04-2026 13:00,15.3714823,75.1160168,NO2,9.0,10.0,9.0
India,Karnataka,Kalaburagi,"Mahatma Basaveswar Colony, Kalaburgi - KSPCB",11-04-2026 13:00,17.336318,76.847397,PM10,18.0,73.0,54.0
India,Karnataka,Kalaburagi,"Mahatma Basaveswar Colony, Kalaburgi - KSPCB",11-04-2026 13:00,17.336318,76.847397,OZONE,14.0,24.0,16.0
India,Karnataka,Mangalore,"Kadri, Mangalore - KSPCB",11-04-2026 13:00,12.88925,74.853,PM10,93.0,139.0,122.0
India,Karnataka,Shivamogga,"Vinoba Nagara, Shivamogga - KSPCB",11-04-2026 13:00,13.94,75.555917,SO2,4.0,5.0,5.0
India,Karnataka,Tumakuru,"Thimmalapura, Tumakuru - KSPCB",11-04-2026 13:00,13.377516,77.099072,NH3,3.0,3.0,3.0
India,Karnataka,Tumakuru,"Thimmalapura, Tumakuru - KSPCB",11-04-2026 13:00,13.377516,77.099072,SO2,10.0,22.0,12.0
India,Karnataka,Yadgir,"Collector Office, Yadgir - KSPCB",11-04-2026 13:00,16.7602,77.1428,SO2,6.0,16.0,12.0
India,Karnataka,Yadgir,"Collector Office, Yadgir - KSPCB",11-04-2026 13:00,16.7602,77.1428,CO,14.0,36.0,23.0
India,Kerala,Kollam,"Polayathode, Kollam - Kerala PCB",11-04-2026 13:00,8.8787,76.6073,OZONE,32.0,38.0,35.0
India,Karnataka,Udupi,"Brahmagiri, Udupi - KSPCB",11-04-2026 13:00,13.34194444,74.74694444,OZONE,4.0,5.0,5.0
India,Karnataka,Vijayapura,"Ibrahimpur, Vijayapura - KSPCB",11-04-2026 13:00,16.802639,75.722694,PM2.5,30.0,31.0,30.0
India,Karnataka,Bengaluru,"Hombegowda Nagar, Bengaluru - KSPCB",11-04-2026 13:00,12.938539,77.5901,OZONE,59.0,123.0,79.0
India,Karnataka,Bengaluru,"Jayanagar 5th Block, Bengaluru - KSPCB",11-04-2026 13:00,12.920984,77.584908,OZONE,16.0,73.0,38.0
India,Karnataka,Bengaluru,"Hombegowda Nagar, Bengaluru - KSPCB",11-04-2026 13:00,12.938539,77.5901,NH3,0.0,0.0,0.0
India,Karnataka,Bengaluru,"Hombegowda Nagar, Bengaluru - KSPCB",11-04-2026 13:00,12.938539,77.5901,SO2,0.0,0.0,0.0
India,Karnataka,Chikkaballapur,"Chikkaballapur Rural, Chikkaballapur - KSPCB",11-04-2026 13:00,13.428828,77.731418,NO2,1.0,3.0,2.0
India,Karnataka,Mangalore,"Kadri, Mangalore - KSPCB",11-04-2026 13:00,12.88925,74.853,NH3,2.0,14.0,3.0
India,Madhya Pradesh,Jabalpur,"Gupteshwar, Jabalpur - JMC",11-04-2026 13:00,23.142888,79.916147,NO2,9.0,68.0,30.0
India,Madhya Pradesh,Jabalpur,"Gupteshwar, Jabalpur - JMC",11-04-2026 13:00,23.142888,79.916147,SO2,9.0,15.0,13.0
India,Madhya Pradesh,Jabalpur,"Gupteshwar, Jabalpur - JMC",11-04-2026 13:00,23.142888,79.916147,CO,28.0,91.0,40.0
India,Madhya Pradesh,Jabalpur,"Marhatal, Jabalpur - MPPCB",11-04-2026 13:00,23.168606,79.932247,CO,41.0,113.0,80.0
India,Madhya Pradesh,Jabalpur,"Suhagi, Jabalpur - JMC",11-04-2026 13:00,23.218135,79.95777,NO2,29.0,81.0,44.0
India,Madhya Pradesh,Jabalpur,"Suhagi, Jabalpur - JMC",11-04-2026 13:00,23.218135,79.95777,NH3,5.0,6.0,5.0
India,Madhya Pradesh,Katni,"Gole Bazar, Katni - MPPCB",11-04-2026 13:00,23.50016,80.23284,NO2,17.0,39.0,30.0
India,Madhya Pradesh,Katni,"Gole Bazar, Katni - MPPCB",11-04-2026 13:00,23.50016,80.23284,NH3,6.0,11.0,9.0
India,Madhya Pradesh,Katni,"Gole Bazar, Katni - MPPCB",11-04-2026 13:00,23.50016,80.23284,SO2,8.0,134.0,50.0
India,Madhya Pradesh,Mandideep,"Sector-D Industrial Area, Mandideep - MPPCB",11-04-2026 13:00,23.10844,77.511428,NH3,5.0,10.0,8.0
India,Madhya Pradesh,Pithampur,"Sector-2 Industrial Area, Pithampur - MPPCB",11-04-2026 13:00,22.624758,75.675238,NO2,12.0,70.0,31.0
India,Kerala,Thrissur,"Corporation Ground, Thrissur - Kerala PCB",11-04-2026 13:00,10.5324,76.2159,OZONE,30.0,30.0,30.0
India,Madhya Pradesh,Bhopal,"Idgah Hills, Bhopal - MPPCB",11-04-2026 13:00,23.264759,77.381568,PM2.5,20.0,133.0,67.0
India,Madhya Pradesh,Bhopal,"Idgah Hills, Bhopal - MPPCB",11-04-2026 13:00,23.264759,77.381568,PM10,59.0,163.0,96.0
India,Madhya Pradesh,Bhopal,"Idgah Hills, Bhopal - MPPCB",11-04-2026 13:00,23.264759,77.381568,NH3,3.0,6.0,4.0
India,Madhya Pradesh,Bhopal,"Idgah Hills, Bhopal - MPPCB",11-04-2026 13:00,23.264759,77.381568,OZONE,36.0,86.0,56.0
India,Madhya Pradesh,Bhopal,"Paryavaran Parisar, Bhopal - MPPCB",11-04-2026 13:00,23.210494,77.425409,PM10,47.0,135.0,91.0
India,Madhya Pradesh,Bhopal,"Paryavaran Parisar, Bhopal - MPPCB",11-04-2026 13:00,23.210494,77.425409,NH3,7.0,9.0,7.0
India,Madhya Pradesh,Bhopal,"Paryavaran Parisar, Bhopal - MPPCB",11-04-2026 13:00,23.210494,77.425409,CO,14.0,46.0,24.0
India,Madhya Pradesh,Bhopal,"T T Nagar, Bhopal - MPPCB",11-04-2026 13:00,23.233584,77.400574,NO2,20.0,64.0,41.0
India,Madhya Pradesh,Damoh,"Shrivastav Colony, Damoh - MPPCB",11-04-2026 13:00,23.81748678,79.446246,SO2,46.0,55.0,51.0
India,Madhya Pradesh,Dewas,"Bhopal Chauraha, Dewas - MPPCB",11-04-2026 13:00,22.9682591,76.064118,OZONE,11.0,131.0,33.0
India,Madhya Pradesh,Gwalior,"City Center, Gwalior - MPPCB",11-04-2026 13:00,26.203442,78.193251,PM10,58.0,172.0,95.0
India,Madhya Pradesh,Gwalior,"City Center, Gwalior - MPPCB",11-04-2026 13:00,26.203442,78.193251,NH3,3.0,4.0,3.0
India,Madhya Pradesh,Gwalior,"Maharaj Bada, Gwalior - MPPCB",11-04-2026 13:00,26.200388,78.147714,PM10,73.0,324.0,124.0
India,Madhya Pradesh,Gwalior,"Maharaj Bada, Gwalior - MPPCB",11-04-2026 13:00,26.200388,78.147714,NO2,16.0,34.0,23.0
India,Madhya Pradesh,Indore,"Airport Area, Indore - IMC",11-04-2026 13:00,22.7289,75.8076,PM2.5,63.0,346.0,180.0
India,Madhya Pradesh,Indore,"Maguda Nagar, Indore - IMC",11-04-2026 13:00,22.7524,75.8872,NO2,10.0,19.0,12.0
India,Madhya Pradesh,Indore,"Regional Park, Indore - IMC",11-04-2026 13:00,22.678,75.8559,PM2.5,0.0,0.0,0.0
India,Madhya Pradesh,Indore,"Regional Park, Indore - IMC",11-04-2026 13:00,22.678,75.8559,NO2,0.0,0.0,0.0
India,Madhya Pradesh,Indore,"Regional Park, Indore - IMC",11-04-2026 13:00,22.678,75.8559,SO2,0.0,0.0,0.0
India,Madhya Pradesh,Jabalpur,"Govindh Bhavan Colony, Jabalpur - JMC",11-04-2026 13:00,23.163174,79.973061,PM2.5,20.0,153.0,69.0
India,Madhya Pradesh,Jabalpur,"Govindh Bhavan Colony, Jabalpur - JMC",11-04-2026 13:00,23.163174,79.973061,NO2,7.0,18.0,12.0
India,Maharashtra,Ahmednagar,"Tarakpur, Ahmednagar - MPCB",11-04-2026 13:00,19.10122,74.73339,PM10,77.0,130.0,103.0
India,Maharashtra,Ahmednagar,"Tarakpur, Ahmednagar - MPCB",11-04-2026 13:00,19.10122,74.73339,NO2,16.0,24.0,21.0
India,Maharashtra,Ahmednagar,"Tarakpur, Ahmednagar - MPCB",11-04-2026 13:00,19.10122,74.73339,SO2,1.0,7.0,2.0
India,Maharashtra,Ahmednagar,"Tarakpur, Ahmednagar - MPCB",11-04-2026 13:00,19.10122,74.73339,OZONE,11.0,89.0,58.0
India,Maharashtra,Akola,"Ramdaspeth, Akola - MPCB",11-04-2026 13:00,20.719516,77.000253,SO2,10.0,21.0,13.0
India,Maharashtra,Akola,"Ramdaspeth, Akola - MPCB",11-04-2026 13:00,20.719516,77.000253,CO,18.0,34.0,21.0
India,Madhya Pradesh,Singrauli,"Suryakiran Bhawan NCL, Singrauli - MPPCB",11-04-2026 13:00,24.10897,82.64558,PM10,78.0,246.0,146.0
India,Madhya Pradesh,Singrauli,"Suryakiran Bhawan NCL, Singrauli - MPPCB",11-04-2026 13:00,24.10897,82.64558,CO,26.0,56.0,42.0
India,Madhya Pradesh,Ujjain,"Mahashweta Nagar, Ujjain - MPPCB",11-04-2026 13:00,23.1633321,75.800225,PM2.5,0.0,0.0,0.0
India,Madhya Pradesh,Ujjain,"Mahashweta Nagar, Ujjain - MPPCB",11-04-2026 13:00,23.1633321,75.800225,NO2,0.0,0.0,0.0
India,Madhya Pradesh,Sagar,"Civil Lines, Sagar - MPPCB",11-04-2026 13:00,23.838586,78.759431,PM2.5,7.0,39.0,19.0
India,Madhya Pradesh,Sagar,"Civil Lines, Sagar - MPPCB",11-04-2026 13:00,23.838586,78.759431,PM10,33.0,98.0,59.0
India,Madhya Pradesh,Sagar,"Deen Dayal Nagar, Sagar - MPPCB",11-04-2026 13:00,23.8640158,78.80289321,NO2,2.0,55.0,22.0
India,Madhya Pradesh,Pithampur,"Sector-2 Industrial Area, Pithampur - MPPCB",11-04-2026 13:00,22.624758,75.675238,CO,4.0,59.0,13.0
India,Madhya Pradesh,Ratlam,"Shasthri Nagar, Ratlam - IPCA Lab",11-04-2026 13:00,23.331731,75.045981,PM2.5,25.0,321.0,147.0
India,Kerala,Thiruvananthapuram,"Plammoodu, Thiruvananthapuram - Kerala PCB",11-04-2026 13:00,8.5149093,76.9435879,PM2.5,19.0,47.0,31.0
India,Maharashtra,Dombivli,"Kalu Nagar, Dombivli - MPCB",11-04-2026 13:00,19.2268427,73.0788456,OZONE,3.0,62.0,18.0
India,Maharashtra,Hingoli,"Ashta Vinayak Nagar, Hingoli - MPCB",11-04-2026 13:00,19.710842,77.151824,SO2,1.0,23.0,6.0
India,Maharashtra,Jalgaon,"Prabhat Colony, Jalgaon - MPCB",11-04-2026 13:00,21.001264,75.565602,OZONE,14.0,132.0,90.0
India,Maharashtra,Jalna,"Old MIDC, Jalna - MPCB",11-04-2026 13:00,19.854616,75.905894,NH3,2.0,5.0,4.0
India,Maharashtra,Jalna,"Old MIDC, Jalna - MPCB",11-04-2026 13:00,19.854616,75.905894,CO,3.0,55.0,12.0
India,Maharashtra,Kalyan,"Khadakpada, Kalyan - MPCB",11-04-2026 13:00,19.25292,73.142019,PM10,39.0,123.0,78.0
India,Maharashtra,Kalyan,"Pimpleshwar Mandir, Kalyan - MPCB",11-04-2026 13:00,19.192056,72.9585188,NH3,0.0,0.0,0.0
India,Maharashtra,Kolhapur,"Shivaji University, Kolhapur - MPCB",11-04-2026 13:00,16.6870449,74.2505872,PM2.5,54.0,84.0,68.0
India,Maharashtra,Mumbai,"Bandra Kurla Complex, Mumbai - MPCB",11-04-2026 13:00,19.065931,72.862131,OZONE,9.0,40.0,28.0
India,Maharashtra,Mumbai,"Borivali East, Mumbai - IITM",11-04-2026 13:00,19.23241,72.86895,PM2.5,57.0,146.0,90.0
India,Maharashtra,Mumbai,"Borivali East, Mumbai - IITM",11-04-2026 13:00,19.23241,72.86895,CO,1.0,64.0,42.0
India,Maharashtra,Mumbai,"Borivali East, Mumbai - MPCB",11-04-2026 13:00,19.2243333,72.8658113,CO,11.0,17.0,13.0
India,Maharashtra,Mumbai,"Byculla, Mumbai - BMC",11-04-2026 13:00,18.9767,72.838,PM2.5,34.0,73.0,55.0
India,Maharashtra,Mumbai,"Byculla, Mumbai - BMC",11-04-2026 13:00,18.9767,72.838,NH3,3.0,9.0,4.0
India,Maharashtra,Mumbai,"Chakala-Andheri East, Mumbai - IITM",11-04-2026 13:00,19.11074,72.86084,PM2.5,77.0,106.0,91.0
India,Maharashtra,Mumbai,"Chakala-Andheri East, Mumbai - IITM",11-04-2026 13:00,19.11074,72.86084,PM10,125.0,173.0,153.0
India,Maharashtra,Mumbai,"Chakala-Andheri East, Mumbai - IITM",11-04-2026 13:00,19.11074,72.86084,NH3,0.0,0.0,0.0
India,Maharashtra,Aurangabad,"More Chowk Waluj, Aurangabad - MPCB",11-04-2026 13:00,19.8389439,75.244448,CO,1.0,142.0,52.0
India,Maharashtra,Badlapur,"Katrap, Badlapur - MPCB",11-04-2026 13:00,19.16485,73.23409,PM2.5,65.0,155.0,86.0
India,Maharashtra,Badlapur,"Katrap, Badlapur - MPCB",11-04-2026 13:00,19.16485,73.23409,NH3,3.0,7.0,5.0
India,Maharashtra,Badlapur,"Katrap, Badlapur - MPCB",11-04-2026 13:00,19.16485,73.23409,OZONE,11.0,79.0,36.0
India,Maharashtra,Beed,"Bir, Beed - MPCB",11-04-2026 13:00,18.988474,75.753873,PM10,69.0,447.0,121.0
India,Maharashtra,Beed,"Bir, Beed - MPCB",11-04-2026 13:00,18.988474,75.753873,NO2,15.0,138.0,48.0
India,Maharashtra,Beed,"Bir, Beed - MPCB",11-04-2026 13:00,18.988474,75.753873,NH3,4.0,8.0,6.0
India,Maharashtra,Bhiwandi,"Gokul Nagar, Bhiwandi - MPCB",11-04-2026 13:00,19.309073,73.057223,NO2,19.0,39.0,27.0
India,Maharashtra,Amravati,"Shri Shivaji Science College, Amravati - MPCB",11-04-2026 13:00,20.939198,77.765701,PM2.5,54.0,92.0,65.0
India,Maharashtra,Amravati,"Shri Shivaji Science College, Amravati - MPCB",11-04-2026 13:00,20.939198,77.765701,PM10,86.0,136.0,105.0
India,Maharashtra,Aurangabad,"MIDC Chilkalthana, Aurangabad - MPCB",11-04-2026 13:00,19.87562,75.38731,PM10,62.0,75.0,70.0
India,Maharashtra,Aurangabad,"More Chowk Waluj, Aurangabad - MPCB",11-04-2026 13:00,19.8389439,75.244448,PM2.5,34.0,327.0,112.0
India,Maharashtra,Boisar,"Khaira, Boisar - MPCB",11-04-2026 13:00,19.786089,72.757971,NO2,17.0,22.0,19.0
India,Maharashtra,Chandrapur,"Chauhan Colony, Chandrapur - MPCB",11-04-2026 13:00,19.9629,79.298714,CO,24.0,45.0,29.0
India,Maharashtra,Dhule,"Deopur, Dhule - MPCB",11-04-2026 13:00,20.918946,74.776388,NO2,10.0,94.0,36.0
India,Maharashtra,Dhule,"Deopur, Dhule - MPCB",11-04-2026 13:00,20.918946,74.776388,OZONE,19.0,65.0,22.0
India,Maharashtra,Kolhapur,"Shivaji University, Kolhapur - MPCB",11-04-2026 13:00,16.6870449,74.2505872,NH3,3.0,4.0,3.0
India,Maharashtra,Latur,"Sawe Wadi, Latur - MPCB",11-04-2026 13:00,18.39963,76.57452,PM10,59.0,92.0,76.0
India,Maharashtra,Aurangabad,"More Chowk Waluj, Aurangabad - MPCB",11-04-2026 13:00,19.8389439,75.244448,PM10,36.0,223.0,92.0
India,Maharashtra,Aurangabad,"More Chowk Waluj, Aurangabad - MPCB",11-04-2026 13:00,19.8389439,75.244448,NO2,13.0,23.0,18.0
India,Maharashtra,Mira-Bhayandar,"Bhayandar West, Mira-Bhayandar - MPCB",11-04-2026 13:00,19.296481,72.840923,CO,12.0,30.0,27.0
India,Maharashtra,Mahad,"Kamble Tarf Birwadi, Mahad - MPCB",11-04-2026 13:00,18.1023399,73.4783687,CO,1.0,34.0,25.0
India,Maharashtra,Nagpur,"Ambazari, Nagpur - MPCB",11-04-2026 13:00,21.121801,79.04952,PM2.5,12.0,79.0,46.0
India,Maharashtra,Nagpur,"Ambazari, Nagpur - MPCB",11-04-2026 13:00,21.121801,79.04952,NO2,6.0,52.0,22.0
India,Maharashtra,Nagpur,"Mahal, Nagpur - MPCB",11-04-2026 13:00,21.14472,79.107595,PM2.5,65.0,160.0,108.0
India,Maharashtra,Nagpur,"Opp GPO Civil Lines, Nagpur - MPCB",11-04-2026 13:00,21.152875,79.0517531,PM2.5,39.0,99.0,66.0
India,Maharashtra,Nagpur,"Opp GPO Civil Lines, Nagpur - MPCB",11-04-2026 13:00,21.152875,79.0517531,NO2,12.0,120.0,46.0
India,Maharashtra,Nagpur,"Ram Nagar, Nagpur - MPCB",11-04-2026 13:00,21.143383,79.048912,NO2,6.0,49.0,19.0
India,Maharashtra,Nagpur,"Ram Nagar, Nagpur - MPCB",11-04-2026 13:00,21.143383,79.048912,NH3,4.0,4.0,4.0
India,Maharashtra,Nanded,"Sneh Nagar, Nanded - MPCB",11-04-2026 13:00,19.173852,77.296291,PM10,81.0,131.0,105.0
India,Maharashtra,Mumbai,"Kandivali East, Mumbai - MPCB",11-04-2026 13:00,19.2058,72.8682,SO2,26.0,29.0,27.0
India,Maharashtra,Mumbai,"Kandivali East, Mumbai - MPCB",11-04-2026 13:00,19.2058,72.8682,OZONE,15.0,15.0,15.0
India,Maharashtra,Mumbai,"Kandivali West, Mumbai - BMC",11-04-2026 13:00,19.215859,72.831718,SO2,1.0,8.0,4.0
India,Maharashtra,Mumbai,"Kandivali West, Mumbai - BMC",11-04-2026 13:00,19.215859,72.831718,CO,4.0,22.0,11.0
India,Maharashtra,Mumbai,"Kherwadi_Bandra East, Mumbai - MPCB",11-04-2026 13:00,19.0632143,72.8456324,NH3,7.0,13.0,10.0
India,Maharashtra,Mumbai,"Kurla, Mumbai - MPCB",11-04-2026 13:00,19.0863,72.8888,PM2.5,68.0,261.0,133.0
India,Maharashtra,Mumbai,"Kurla, Mumbai - MPCB",11-04-2026 13:00,19.0863,72.8888,PM10,92.0,197.0,135.0
India,Maharashtra,Mumbai,"Kurla, Mumbai - MPCB",11-04-2026 13:00,19.0863,72.8888,OZONE,28.0,29.0,28.0
India,Maharashtra,Nanded,"Sneh Nagar, Nanded - MPCB",11-04-2026 13:00,19.173852,77.296291,NO2,16.0,60.0,30.0
India,Maharashtra,Nashik,"Gangapur Road, Nashik - MPCB",11-04-2026 13:00,20.0073285,73.7762427,PM2.5,69.0,243.0,105.0
India,Maharashtra,Nashik,"Gangapur Road, Nashik - MPCB",11-04-2026 13:00,20.0073285,73.7762427,NH3,3.0,3.0,3.0
India,Maharashtra,Nashik,"Hirawadi, Nashik - MPCB",11-04-2026 13:00,20.021503,73.813844,NH3,2.0,36.0,6.0
India,Maharashtra,Navi Mumbai,"Kopripada-Vashi, Navi Mumbai - MPCB",11-04-2026 13:00,19.090337,73.014232,NO2,11.0,43.0,24.0
India,Maharashtra,Mumbai,"Chembur, Mumbai - MPCB",11-04-2026 13:00,19.0364585,72.8954371,NO2,15.0,60.0,30.0
India,Maharashtra,Mumbai,"Chembur, Mumbai - MPCB",11-04-2026 13:00,19.0364585,72.8954371,CO,48.0,77.0,56.0
India,Maharashtra,Mumbai,"Deonar, Mumbai - IITM",11-04-2026 13:00,19.04946,72.923,PM2.5,59.0,178.0,97.0
India,Maharashtra,Mumbai,"Deonar, Mumbai - IITM",11-04-2026 13:00,19.04946,72.923,CO,16.0,94.0,50.0
India,Maharashtra,Mumbai,"Kandivali East, Mumbai - MPCB",11-04-2026 13:00,19.2058,72.8682,PM10,25.0,65.0,42.0
India,Maharashtra,Mumbai,"Kandivali East, Mumbai - MPCB",11-04-2026 13:00,19.2058,72.8682,NO2,36.0,36.0,36.0
India,Maharashtra,Mumbai,"Powai, Mumbai - MPCB",11-04-2026 13:00,19.1375,72.915056,PM2.5,52.0,80.0,70.0
India,Maharashtra,Mumbai,"Powai, Mumbai - MPCB",11-04-2026 13:00,19.1375,72.915056,NO2,7.0,8.0,7.0
India,Maharashtra,Mumbai,"Powai, Mumbai - MPCB",11-04-2026 13:00,19.1375,72.915056,OZONE,9.0,9.0,9.0
India,Maharashtra,Mumbai,"Sewri, Mumbai - BMC",11-04-2026 13:00,19.000084,72.85673,NO2,23.0,50.0,33.0
India,Maharashtra,Mumbai,"Sewri, Mumbai - BMC",11-04-2026 13:00,19.000084,72.85673,SO2,1.0,8.0,3.0
India,Maharashtra,Mumbai,"Sewri, Mumbai - BMC",11-04-2026 13:00,19.000084,72.85673,OZONE,16.0,38.0,31.0
India,Maharashtra,Mumbai,"Mazgaon, Mumbai - IITM",11-04-2026 13:00,18.96702,72.84214,OZONE,51.0,84.0,80.0
India,Maharashtra,Mumbai,"Mindspace-Malad West, Mumbai - MPCB",11-04-2026 13:00,19.1878657,72.8304069,NO2,7.0,29.0,13.0
India,Maharashtra,Mumbai,"Mindspace-Malad West, Mumbai - MPCB",11-04-2026 13:00,19.1878657,72.8304069,NH3,1.0,2.0,1.0
India,Maharashtra,Mumbai,"Siddharth Nagar-Worli, Mumbai - IITM",11-04-2026 13:00,19.000083,72.813993,CO,13.0,30.0,22.0
India,Maharashtra,Mumbai,"Sion, Mumbai - MPCB",11-04-2026 13:00,19.047,72.8746,NO2,26.0,35.0,29.0
India,Maharashtra,Mumbai,"Vile Parle West, Mumbai - MPCB",11-04-2026 13:00,19.10861,72.83622,PM10,59.0,108.0,86.0
India,Maharashtra,Mumbai,"Worli, Mumbai -MPCB",11-04-2026 13:00,18.994218,72.8158167,SO2,30.0,32.0,30.0
India,Maharashtra,Thane,"Kasarvadavali, Thane - MPCB",11-04-2026 13:00,19.26777,72.97182,SO2,4.0,9.0,5.0
India,Maharashtra,Thane,"Kasarvadavali, Thane - MPCB",11-04-2026 13:00,19.26777,72.97182,OZONE,6.0,54.0,29.0
India,Maharashtra,Thane,"Upvan Fort, Thane - MPCB",11-04-2026 13:00,19.222279,72.957979,PM2.5,0.0,0.0,0.0
India,Maharashtra,Thane,"Upvan Fort, Thane - MPCB",11-04-2026 13:00,19.222279,72.957979,NH3,0.0,0.0,0.0
India,Maharashtra,Ulhasnagar,"Sidhi Vinayak Nagar, Ulhasnagar - MPCB",11-04-2026 13:00,19.235581,73.159121,CO,11.0,42.0,26.0
India,Maharashtra,Ulhasnagar,"Vithalwadi, Ulhasnagar - MPCB",11-04-2026 13:00,19.2307571,73.155192,PM10,68.0,143.0,99.0
India,Maharashtra,Virar,"Bolinj, Virar - MPCB",11-04-2026 13:00,19.445821,72.7988231,NH3,3.0,37.0,9.0
India,Meghalaya,Byrnihat,"15th Mile-Nongthymmai, Byrnihat - Meghalaya PCB",11-04-2026 13:00,26.05374,91.86796,PM10,53.0,204.0,106.0
India,Odisha,Barbil,"Forest Office, Barbil - OSPCB",11-04-2026 13:00,22.1166054,85.3945546,SO2,8.0,71.0,19.0
India,Odisha,Baripada,"Meher Colony, Baripada - OSPCB",11-04-2026 13:00,21.941841,86.728318,PM10,64.0,104.0,83.0
India,Odisha,Bhubaneswar,"Patia, Bhubaneswar - OSPCB",11-04-2026 13:00,20.34652,85.8163,PM2.5,30.0,93.0,61.0
India,Odisha,Bhubaneswar,"Patia, Bhubaneswar - OSPCB",11-04-2026 13:00,20.34652,85.8163,NH3,4.0,8.0,6.0
India,Odisha,Bileipada,"Tata Township, Bileipada - OSPCB",11-04-2026 13:00,22.06156703,85.47409613,OZONE,14.0,17.0,15.0
India,Odisha,Brajrajnagar,"GM Office, Brajrajnagar - OSPCB",11-04-2026 13:00,21.8004996,83.8396977,NO2,10.0,14.0,12.0
India,Odisha,Brajrajnagar,"GM Office, Brajrajnagar - OSPCB",11-04-2026 13:00,21.8004996,83.8396977,SO2,20.0,23.0,22.0
India,Odisha,Brajrajnagar,"GM Office, Brajrajnagar - OSPCB",11-04-2026 13:00,21.8004996,83.8396977,OZONE,41.0,58.0,43.0
India,Maharashtra,Navi Mumbai,"Mahape, Navi Mumbai - MPCB",11-04-2026 13:00,19.1135051,73.008978,PM10,98.0,183.0,129.0
India,Maharashtra,Navi Mumbai,"Nerul, Navi Mumbai - MPCB",11-04-2026 13:00,19.008751,73.01662,PM10,0.0,0.0,0.0
India,Maharashtra,Navi Mumbai,"Nerul, Navi Mumbai - MPCB",11-04-2026 13:00,19.008751,73.01662,NO2,55.0,55.0,55.0
India,Maharashtra,Navi Mumbai,"Sanpada, Navi Mumbai - MPCB",11-04-2026 13:00,19.0575752,73.0151367,PM10,96.0,136.0,113.0
India,Maharashtra,Navi Mumbai,"Tondare-Taloja, Navi Mumbai - MPCB",11-04-2026 13:00,19.063,73.1209,PM2.5,30.0,160.0,97.0
India,Maharashtra,Parbhani,"Masoom Colony, Parbhani - MPCB",11-04-2026 13:00,19.265594,76.761463,PM2.5,78.0,201.0,113.0
India,Maharashtra,Pimpri-Chinchwad,"Gavalinagar, Pimpri Chinchwad - MPCB",11-04-2026 13:00,18.63673,73.82487,PM2.5,0.0,0.0,0.0
India,Maharashtra,Pimpri-Chinchwad,"Gavalinagar, Pimpri Chinchwad - MPCB",11-04-2026 13:00,18.63673,73.82487,NH3,0.0,0.0,0.0
India,Maharashtra,Pimpri-Chinchwad,"Gavalinagar, Pimpri Chinchwad - MPCB",11-04-2026 13:00,18.63673,73.82487,CO,14.0,39.0,33.0
India,Maharashtra,Pimpri-Chinchwad,"Savta Mali Nagar, Pimpri-Chinchwad - IITM",11-04-2026 13:00,18.614767,73.799516,CO,17.0,74.0,53.0
India,Maharashtra,Pimpri-Chinchwad,"Thergaon, Pimpri Chinchwad - MPCB",11-04-2026 13:00,18.616318,73.765797,PM2.5,120.0,316.0,212.0
India,Maharashtra,Pimpri-Chinchwad,"Thergaon, Pimpri Chinchwad - MPCB",11-04-2026 13:00,18.616318,73.765797,NO2,15.0,84.0,53.0
India,Odisha,Angul,"Hakimapada, Angul - OSPCB",11-04-2026 13:00,20.832874,85.104082,PM10,67.0,266.0,151.0
India,Odisha,Angul,"Hakimapada, Angul - OSPCB",11-04-2026 13:00,20.832874,85.104082,NH3,7.0,13.0,9.0
India,Odisha,Angul,"Hakimapada, Angul - OSPCB",11-04-2026 13:00,20.832874,85.104082,SO2,4.0,40.0,19.0
India,Odisha,Angul,"Hakimapada, Angul - OSPCB",11-04-2026 13:00,20.832874,85.104082,OZONE,15.0,320.0,320.0
India,Odisha,Balasore,"Kalidaspur, Balasore - OSPCB",11-04-2026 13:00,21.51161,86.89088,NH3,1.0,3.0,1.0
India,Odisha,Balasore,"Kalidaspur, Balasore - OSPCB",11-04-2026 13:00,21.51161,86.89088,OZONE,10.0,130.0,56.0
India,Odisha,Cuttack,"CDA Area, Cuttack - OSPCB",11-04-2026 13:00,20.48891,85.84768,PM10,79.0,500.0,133.0
India,Odisha,Cuttack,"CDA Area, Cuttack - OSPCB",11-04-2026 13:00,20.48891,85.84768,NO2,5.0,11.0,8.0
India,Odisha,Cuttack,"CDA Area, Cuttack - OSPCB",11-04-2026 13:00,20.48891,85.84768,OZONE,8.0,117.0,39.0
India,Odisha,Keonjhar,"Jagamohanpur, Keonjhar - OSPCB",11-04-2026 13:00,21.6439,85.599355,PM2.5,29.0,72.0,56.0
India,Maharashtra,Pune,"Dhankawadi, Pune - IITM",11-04-2026 13:00,18.459883,73.852193,OZONE,8.0,86.0,42.0
India,Maharashtra,Pune,"Katraj Dairy, Pune - MPCB",11-04-2026 13:00,18.45445,73.854155,PM2.5,18.0,37.0,26.0
India,Maharashtra,Pune,"Katraj Dairy, Pune - MPCB",11-04-2026 13:00,18.45445,73.854155,NH3,2.0,8.0,4.0
India,Maharashtra,Pune,"Mhada Colony, Pune - IITM",11-04-2026 13:00,18.57304,73.927715,PM2.5,30.0,163.0,107.0
India,Maharashtra,Pune,"Revenue Colony-Shivajinagar, Pune - IITM",11-04-2026 13:00,18.530085,73.849598,OZONE,12.0,76.0,42.0
India,Maharashtra,Pune,"Savitribai Phule Pune University, Pune - MPCB",11-04-2026 13:00,18.547056,73.826908,OZONE,1.0,71.0,44.0
India,Maharashtra,Pune,"Mhada Colony, Pune - IITM",11-04-2026 13:00,18.57304,73.927715,CO,15.0,107.0,62.0
India,Maharashtra,Pune,"Panchawati_Pashan, Pune - IITM",11-04-2026 13:00,18.536457,73.805454,PM2.5,43.0,180.0,86.0
India,Rajasthan,Barmer,"Railway Colony, Barmer - RSPCB",11-04-2026 13:00,25.747299,71.393989,PM2.5,22.0,172.0,48.0
India,Rajasthan,Barmer,"Railway Colony, Barmer - RSPCB",11-04-2026 13:00,25.747299,71.393989,NH3,2.0,6.0,4.0
India,Rajasthan,Barmer,"Railway Colony, Barmer - RSPCB",11-04-2026 13:00,25.747299,71.393989,OZONE,48.0,95.0,67.0
India,Rajasthan,Bharatpur,"Krishna Nagar, Bharatpur - RSPCB",11-04-2026 13:00,27.215415,77.50873,PM10,56.0,123.0,91.0
India,Rajasthan,Bharatpur,"Krishna Nagar, Bharatpur - RSPCB",11-04-2026 13:00,27.215415,77.50873,NO2,11.0,39.0,20.0
India,Rajasthan,Bhilwara,"Pratap Nagar, Bhilwara - RSPCB",11-04-2026 13:00,25.339605,74.618883,PM2.5,8.0,98.0,56.0
India,Rajasthan,Bhilwara,"Pratap Nagar, Bhilwara - RSPCB",11-04-2026 13:00,25.339605,74.618883,PM10,48.0,183.0,115.0
India,Rajasthan,Bhiwadi,"RIICO Ind. Area III, Bhiwadi - RSPCB",11-04-2026 13:00,28.194909,76.862296,PM2.5,93.0,167.0,119.0
India,Rajasthan,Bhiwadi,"RIICO Ind. Area III, Bhiwadi - RSPCB",11-04-2026 13:00,28.194909,76.862296,PM10,112.0,160.0,139.0
India,Rajasthan,Bhiwadi,"RIICO Ind. Area III, Bhiwadi - RSPCB",11-04-2026 13:00,28.194909,76.862296,NH3,5.0,20.0,11.0
India,Rajasthan,Bhiwadi,"RIICO Ind. Area III, Bhiwadi - RSPCB",11-04-2026 13:00,28.194909,76.862296,OZONE,4.0,38.0,19.0
India,Punjab,Rupnagar,"Ratanpura, Rupnagar - Ambuja Cements",11-04-2026 13:00,31.0325454,76.5623046,SO2,15.0,22.0,17.0
India,Rajasthan,Ajmer,"Civil Lines,  Ajmer - RSPCB",11-04-2026 13:00,26.470859,74.646594,NO2,23.0,35.0,30.0
India,Rajasthan,Ajmer,"Civil Lines,  Ajmer - RSPCB",11-04-2026 13:00,26.470859,74.646594,SO2,3.0,4.0,3.0
India,Rajasthan,Ajmer,"Civil Lines,  Ajmer - RSPCB",11-04-2026 13:00,26.470859,74.646594,CO,15.0,56.0,32.0
India,Rajasthan,Alwar,"Moti Doongri, Alwar - RSPCB",11-04-2026 13:00,27.554793,76.611536,SO2,19.0,41.0,27.0
India,Rajasthan,Banswara,"Rati Talai, Banswara - RSPCB",11-04-2026 13:00,23.55519,74.44001,PM10,56.0,144.0,99.0
India,Rajasthan,Banswara,"Rati Talai, Banswara - RSPCB",11-04-2026 13:00,23.55519,74.44001,OZONE,10.0,129.0,78.0
India,Rajasthan,Baran,"Bamboliya, Baran - RSPCB",11-04-2026 13:00,25.106006,76.469948,NH3,4.0,10.0,7.0
India,Odisha,Rourkela,"Fertilizer Township, Rourkela - OSPCB",11-04-2026 13:00,22.18972222,84.86277778,PM10,44.0,52.0,47.0
India,Odisha,Rourkela,"Sector-2, Rourkela - OSPCB",11-04-2026 13:00,22.245,84.88111111,PM2.5,51.0,51.0,51.0
India,Odisha,Suakati,"OMC Colony, Suakati - OSPCB",11-04-2026 13:00,21.606865,85.510538,CO,12.0,30.0,23.0
India,Odisha,Suakati,"OMC Colony, Suakati - OSPCB",11-04-2026 13:00,21.606865,85.510538,OZONE,7.0,124.0,67.0
India,Odisha,Talcher,"Talcher Coalfields,Talcher - OSPCB",11-04-2026 13:00,20.9360711,85.1707021,NO2,11.0,68.0,36.0
India,Odisha,Tensa,"Barsua Iron Ore Mines, Tensa - OSPCB",11-04-2026 13:00,21.869985,85.167016,PM2.5,31.0,53.0,42.0
India,Odisha,Tensa,"Barsua Iron Ore Mines, Tensa - OSPCB",11-04-2026 13:00,21.869985,85.167016,PM10,64.0,93.0,81.0
India,Rajasthan,Bikaner,"MM Ground, Bikaner - RSPCB",11-04-2026 13:00,28.018792,73.292658,PM10,66.0,436.0,159.0
India,Rajasthan,Bikaner,"MM Ground, Bikaner - RSPCB",11-04-2026 13:00,28.018792,73.292658,NH3,7.0,11.0,9.0
India,Rajasthan,Bundi,"New Colony, Bundi - RSPCB",11-04-2026 13:00,25.435774,75.644272,NO2,12.0,109.0,38.0
India,Rajasthan,Bundi,"New Colony, Bundi - RSPCB",11-04-2026 13:00,25.435774,75.644272,CO,10.0,66.0,23.0
India,Rajasthan,Chittorgarh,"Shastri Nagar, Chittorgarh - RSPCB",11-04-2026 13:00,24.892047,74.623527,NH3,15.0,27.0,18.0
India,Rajasthan,Churu,"Subash Chowk, Churu - RSPCB",11-04-2026 13:00,28.296139,74.961696,SO2,4.0,14.0,6.0
India,Rajasthan,Churu,"Subash Chowk, Churu - RSPCB",11-04-2026 13:00,28.296139,74.961696,CO,2.0,42.0,8.0
India,Puducherry,Puducherry,"Jawahar Nagar, Puducherry - PPCC",11-04-2026 13:00,11.9309,79.8027,CO,1.0,23.0,16.0
India,Puducherry,Puducherry,"Jawahar Nagar, Puducherry - PPCC",11-04-2026 13:00,11.9309,79.8027,OZONE,7.0,43.0,23.0
India,Punjab,Amritsar,"Golden Temple, Amritsar - PPCB",11-04-2026 13:00,31.62,74.876512,PM2.5,29.0,147.0,91.0
India,Punjab,Jalandhar,"Civil Line, Jalandhar - PPCB",11-04-2026 13:00,31.321907,75.578914,NO2,24.0,35.0,31.0
India,Punjab,Khanna,"Kalal Majra, Khanna - PPCB",11-04-2026 13:00,30.736056,76.209694,NH3,7.0,8.0,7.0
India,Rajasthan,Hanumangarh,"Housing Board, Hanumangarh - RSPCB",11-04-2026 13:00,29.61075,74.283608,SO2,2.0,13.0,6.0
India,Rajasthan,Jaipur,"Adarsh Nagar, Jaipur - RSPCB",11-04-2026 13:00,26.902909,75.836858,CO,12.0,94.0,29.0
India,Rajasthan,Jaipur,"Mansarovar Sector-12, Jaipur - RSPCB",11-04-2026 13:00,26.843698,75.766894,PM2.5,12.0,177.0,75.0
India,Punjab,Ludhiana,"Punjab Agricultural University, Ludhiana - PPCB",11-04-2026 13:00,30.9028,75.8086,CO,40.0,59.0,50.0
India,Punjab,Mandi Gobindgarh,"RIMT University, Mandi Gobindgarh - PPCB",11-04-2026 13:00,30.649961,76.331442,NH3,0.0,0.0,0.0
India,Punjab,Mandi Gobindgarh,"RIMT University, Mandi Gobindgarh - PPCB",11-04-2026 13:00,30.649961,76.331442,CO,0.0,0.0,0.0
India,Punjab,Mandi Gobindgarh,"RIMT University, Mandi Gobindgarh - PPCB",11-04-2026 13:00,30.649961,76.331442,OZONE,0.0,0.0,0.0
India,Rajasthan,Dungarpur,"Bhoiwada, Dungarpur - RSPCB",11-04-2026 13:00,23.837789,73.714926,PM2.5,14.0,103.0,51.0
India,Rajasthan,Dungarpur,"Bhoiwada, Dungarpur - RSPCB",11-04-2026 13:00,23.837789,73.714926,PM10,60.0,135.0,92.0
India,Rajasthan,Dungarpur,"Bhoiwada, Dungarpur - RSPCB",11-04-2026 13:00,23.837789,73.714926,NO2,14.0,55.0,31.0
India,Rajasthan,Dungarpur,"Bhoiwada, Dungarpur - RSPCB",11-04-2026 13:00,23.837789,73.714926,SO2,1.0,8.0,2.0
India,Rajasthan,Dholpur,"Raja Ganj, Dholpur - RSPCB",11-04-2026 13:00,26.699557,77.898881,NH3,0.0,0.0,0.0
India,Rajasthan,Jaipur,"Mansarovar Sector-12, Jaipur - RSPCB",11-04-2026 13:00,26.843698,75.766894,SO2,1.0,10.0,4.0
India,Rajasthan,Jaipur,"Mansarovar Sector-12, Jaipur - RSPCB",11-04-2026 13:00,26.843698,75.766894,OZONE,1.0,147.0,79.0
India,Rajasthan,Jaipur,"RIICO Sitapura, Jaipur - RSPCB",11-04-2026 13:00,26.786682,75.827928,PM2.5,0.0,0.0,0.0
India,Rajasthan,Jaipur,"Sector-2 Murlipura, Jaipur - RSPCB",11-04-2026 13:00,26.960669,75.771817,NO2,16.0,108.0,45.0
India,Rajasthan,Jaipur,"Sector-2 Murlipura, Jaipur - RSPCB",11-04-2026 13:00,26.960669,75.771817,NH3,3.0,6.0,4.0
India,Rajasthan,Jaipur,"Sector-2 Murlipura, Jaipur - RSPCB",11-04-2026 13:00,26.960669,75.771817,SO2,4.0,72.0,12.0
India,Rajasthan,Jaipur,"Sector-2 Murlipura, Jaipur - RSPCB",11-04-2026 13:00,26.960669,75.771817,OZONE,12.0,149.0,76.0
India,Rajasthan,Jaipur,"Shastri Nagar, Jaipur - RSPCB",11-04-2026 13:00,26.9502929,75.730943,PM2.5,48.0,237.0,129.0
India,Rajasthan,Jaipur,"Shastri Nagar, Jaipur - RSPCB",11-04-2026 13:00,26.9502929,75.730943,NH3,7.0,17.0,12.0
India,Rajasthan,Jaipur,"Shastri Nagar, Jaipur - RSPCB",11-04-2026 13:00,26.9502929,75.730943,SO2,1.0,45.0,26.0
India,Rajasthan,Kota,"Shrinath Puram, Kota - RSPCB",11-04-2026 13:00,25.14389,75.821256,NH3,4.0,10.0,7.0
India,Rajasthan,Kota,"Shrinath Puram, Kota - RSPCB",11-04-2026 13:00,25.14389,75.821256,SO2,3.0,25.0,11.0
India,Rajasthan,Kota,"Shrinath Puram, Kota - RSPCB",11-04-2026 13:00,25.14389,75.821256,CO,8.0,106.0,35.0
India,Rajasthan,Kota,"Shrinath Puram, Kota - RSPCB",11-04-2026 13:00,25.14389,75.821256,OZONE,12.0,20.0,16.0
India,Rajasthan,Nagaur,"Karni Colony, Nagaur - RSPCB",11-04-2026 13:00,27.213494,73.734444,PM10,45.0,439.0,130.0
India,Rajasthan,Nagaur,"Karni Colony, Nagaur - RSPCB",11-04-2026 13:00,27.213494,73.734444,NH3,0.0,0.0,0.0
India,Rajasthan,Pali,"Indira Colony Vistar, Pali - RSPCB",11-04-2026 13:00,25.771061,73.340227,PM2.5,31.0,183.0,86.0
India,Rajasthan,Pali,"Indira Colony Vistar, Pali - RSPCB",11-04-2026 13:00,25.771061,73.340227,NO2,1.0,27.0,17.0
India,Rajasthan,Sikar,"Radhakishan Pura, Sikar - RSPCB",11-04-2026 13:00,27.608912,75.153302,NO2,10.0,106.0,39.0
India,Rajasthan,Sikar,"Radhakishan Pura, Sikar - RSPCB",11-04-2026 13:00,27.608912,75.153302,NH3,6.0,14.0,9.0
India,Rajasthan,Sikar,"Radhakishan Pura, Sikar - RSPCB",11-04-2026 13:00,27.608912,75.153302,OZONE,8.0,128.0,86.0
India,Rajasthan,Sirohi,"Vedhaynath Colony, Sirohi - RSPCB",11-04-2026 13:00,24.885261,72.857549,NH3,1.0,3.0,2.0
India,Rajasthan,Sri Ganganagar,"Old City, Sri Ganganagar - RSPCB",11-04-2026 13:00,29.931624,73.864511,NH3,6.0,7.0,6.0
India,Rajasthan,Tonk,"Shastri Nagar, Tonk - RSPCB",11-04-2026 13:00,26.159933,75.780517,PM2.5,28.0,111.0,45.0
India,Rajasthan,Tonk,"Shastri Nagar, Tonk - RSPCB",11-04-2026 13:00,26.159933,75.780517,NO2,4.0,52.0,26.0
India,Rajasthan,Jhunjhunu,"Indra Nagar, Jhunjhunu - RSPCB",11-04-2026 13:00,28.108988,75.386577,NO2,11.0,49.0,25.0
India,Rajasthan,Jodhpur,"Digari Kalan, Jodhpur - RSPCB",11-04-2026 13:00,26.29581,73.082283,PM2.5,15.0,90.0,46.0
India,Rajasthan,Jodhpur,"Digari Kalan, Jodhpur - RSPCB",11-04-2026 13:00,26.29581,73.082283,NO2,9.0,83.0,32.0
India,Rajasthan,Jodhpur,"Digari Kalan, Jodhpur - RSPCB",11-04-2026 13:00,26.29581,73.082283,SO2,1.0,8.0,3.0
India,Rajasthan,Jodhpur,"Digari Kalan, Jodhpur - RSPCB",11-04-2026 13:00,26.29581,73.082283,OZONE,10.0,123.0,65.0
India,Rajasthan,Jodhpur,"Jhalamand, Jodhpur - RSPCB",11-04-2026 13:00,26.215415,73.070156,NO2,4.0,56.0,29.0
India,Rajasthan,Jodhpur,"Mandor, Jodhpur - RSPCB",11-04-2026 13:00,26.358805,73.047444,NO2,7.0,68.0,29.0
India,Rajasthan,Jodhpur,"Mandor, Jodhpur - RSPCB",11-04-2026 13:00,26.358805,73.047444,CO,7.0,38.0,14.0
India,Rajasthan,Jodhpur,"Mandor, Jodhpur - RSPCB",11-04-2026 13:00,26.358805,73.047444,OZONE,27.0,111.0,65.0
India,Rajasthan,Jodhpur,"Samrat Ashok Udhyan, Jodhpur - RSPCB",11-04-2026 13:00,26.253384,72.976571,NO2,5.0,117.0,41.0
India,Rajasthan,Pratapgarh,"Pragati Nagar, Pratapgarh - RSPCB",11-04-2026 13:00,24.041198,74.780702,OZONE,58.0,103.0,74.0
India,Rajasthan,Sawai Madhopur,"Sahu Nagar, Sawai Madhopur - RSPCB",11-04-2026 13:00,26.031443,76.359327,NH3,0.0,0.0,0.0
India,Rajasthan,Karauli,"Satyawati Vihar, Karauli - RSPCB",11-04-2026 13:00,26.506177,77.025989,PM10,60.0,234.0,114.0
India,Rajasthan,Kota,"Shrinath Puram, Kota - RSPCB",11-04-2026 13:00,25.14389,75.821256,PM10,68.0,122.0,92.0
India,Rajasthan,Jodhpur,"Samrat Ashok Udhyan, Jodhpur - RSPCB",11-04-2026 13:00,26.253384,72.976571,OZONE,36.0,73.0,56.0
India,Rajasthan,Jhalawar,"Rajlaxmi Nagar, Jhalawar - RSPCB",11-04-2026 13:00,24.588397,76.172782,PM2.5,7.0,130.0,60.0
India,Telangana,Hyderabad,"IDA Pashamylaram, Hyderabad - TSPCB",11-04-2026 13:00,17.5316895,78.218939,SO2,4.0,90.0,21.0
India,Telangana,Hyderabad,"IITH Kandi, Hyderabad - TSPCB",11-04-2026 13:00,17.585705,78.126199,PM2.5,44.0,143.0,96.0
India,Telangana,Hyderabad,"Kokapet, Hyderabad - TSPCB",11-04-2026 13:00,17.393559,78.339194,PM10,83.0,106.0,91.0
India,Telangana,Hyderabad,"Kompally Municipal Office, Hyderabad - TSPCB",11-04-2026 13:00,17.544899,78.486949,PM2.5,43.0,58.0,49.0
India,Telangana,Hyderabad,"Kompally Municipal Office, Hyderabad - TSPCB",11-04-2026 13:00,17.544899,78.486949,NO2,14.0,14.0,14.0
India,Telangana,Hyderabad,"Kompally Municipal Office, Hyderabad - TSPCB",11-04-2026 13:00,17.544899,78.486949,NH3,2.0,4.0,3.0
India,Telangana,Hyderabad,"Kompally Municipal Office, Hyderabad - TSPCB",11-04-2026 13:00,17.544899,78.486949,CO,14.0,38.0,26.0
India,Telangana,Hyderabad,"Nacharam_TSIIC IALA, Hyderabad - TSPCB",11-04-2026 13:00,17.429398,78.569354,PM2.5,46.0,72.0,54.0
India,Telangana,Hyderabad,"New Malakpet, Hyderabad - TSPCB",11-04-2026 13:00,17.37206,78.50864,NO2,12.0,17.0,13.0
India,Telangana,Hyderabad,"New Malakpet, Hyderabad - TSPCB",11-04-2026 13:00,17.37206,78.50864,CO,24.0,44.0,30.0
India,TamilNadu,Thoothukudi,"Meelavittan, Thoothukudi - TNPCB",11-04-2026 13:00,8.816428,78.099039,PM10,65.0,119.0,84.0
India,TamilNadu,Thoothukudi,"Meelavittan, Thoothukudi - TNPCB",11-04-2026 13:00,8.816428,78.099039,SO2,3.0,20.0,9.0
India,TamilNadu,Thoothukudi,"Meelavittan, Thoothukudi - TNPCB",11-04-2026 13:00,8.816428,78.099039,CO,8.0,39.0,34.0
India,TamilNadu,Tirupur,"Kumaran College, Tirupur - TNPCB",11-04-2026 13:00,11.0973603,77.3228673,SO2,0.0,0.0,0.0
India,Telangana,Hyderabad,"ECIL Kapra, Hyderabad - TSPCB",11-04-2026 13:00,17.470431,78.566959,SO2,11.0,25.0,16.0
India,Telangana,Hyderabad,"ICRISAT Patancheru, Hyderabad - TSPCB",11-04-2026 13:00,17.5184,78.278777,PM10,148.0,158.0,154.0
India,Telangana,Hyderabad,"IDA Pashamylaram, Hyderabad - TSPCB",11-04-2026 13:00,17.5316895,78.218939,PM2.5,45.0,137.0,90.0
India,Telangana,Hyderabad,"Ramachandrapuram, Hyderabad - TSPCB",11-04-2026 13:00,17.528544,78.286195,CO,30.0,73.0,45.0
India,Telangana,Hyderabad,"Sanathnagar, Hyderabad - TSPCB",11-04-2026 13:00,17.4559458,78.4332152,SO2,2.0,27.0,12.0
India,Telangana,Hyderabad,"Somajiguda, Hyderabad - TSPCB",11-04-2026 13:00,17.417094,78.457437,PM2.5,32.0,74.0,46.0
India,Telangana,Hyderabad,"Somajiguda, Hyderabad - TSPCB",11-04-2026 13:00,17.417094,78.457437,CO,10.0,24.0,18.0
India,Telangana,Hyderabad,"Zoo Park, Hyderabad - TSPCB",11-04-2026 13:00,17.349694,78.451437,OZONE,22.0,26.0,23.0
India,Tripura,Agartala,"Bardowali, Agartala - Tripura SPCB",11-04-2026 13:00,23.8175497,91.2726974,PM10,83.0,125.0,102.0
India,TamilNadu,Coimbatore,"SIDCO Kurichi, Coimbatore - TNPCB",11-04-2026 13:00,10.942451,76.978996,OZONE,20.0,26.0,21.0
India,TamilNadu,Gummidipoondi,"Anthoni Pillai Nagar, Gummidipoondi - TNPCB",11-04-2026 13:00,13.4127,80.1081,PM2.5,50.0,391.0,131.0
India,TamilNadu,Gummidipoondi,"Anthoni Pillai Nagar, Gummidipoondi - TNPCB",11-04-2026 13:00,13.4127,80.1081,NO2,9.0,25.0,15.0
India,TamilNadu,Madurai,"Uchapatti, Madurai - TNPCB",11-04-2026 13:00,9.865935,78.022669,NH3,0.0,0.0,0.0
India,TamilNadu,Ooty,"Bombay Castel, Ooty - TNPCB",11-04-2026 13:00,11.4068288,76.7138973,CO,27.0,27.0,27.0
India,Sikkim,Gangtok,"Zero Point GICI, Gangtok - SSPCB",11-04-2026 13:00,27.33853,88.614099,CO,2.0,8.0,5.0
India,TamilNadu,Chennai,"Arumbakkam, Chennai - TNPCB",11-04-2026 13:00,13.0664,80.2112,NO2,9.0,18.0,13.0
India,TamilNadu,Chennai,"Manali Village, Chennai - TNPCB",11-04-2026 13:00,13.1662,80.2584,OZONE,29.0,120.0,66.0
India,TamilNadu,Chennai,"Manali, Chennai - CPCB",11-04-2026 13:00,13.164544,80.26285,NO2,10.0,13.0,11.0
India,TamilNadu,Chennai,"Manali, Chennai - CPCB",11-04-2026 13:00,13.164544,80.26285,NH3,6.0,7.0,7.0
India,TamilNadu,Chennai,"Royapuram, Chennai - TNPCB",11-04-2026 13:00,13.1036,80.2909,PM2.5,35.0,132.0,72.0
India,TamilNadu,Chennai,"Royapuram, Chennai - TNPCB",11-04-2026 13:00,13.1036,80.2909,SO2,5.0,7.0,6.0
India,TamilNadu,Chennai,"Velachery Res. Area, Chennai - CPCB",11-04-2026 13:00,13.0052189,80.2398125,PM2.5,43.0,43.0,43.0
India,TamilNadu,Chennai,"Velachery Res. Area, Chennai - CPCB",11-04-2026 13:00,13.0052189,80.2398125,OZONE,8.0,12.0,10.0
India,TamilNadu,Coimbatore,"PSG College of Arts and Science, Coimbatore - TNPCB",11-04-2026 13:00,11.0328,77.0349,SO2,5.0,28.0,16.0
India,Rajasthan,Tonk,"Shastri Nagar, Tonk - RSPCB",11-04-2026 13:00,26.159933,75.780517,CO,13.0,28.0,22.0
India,Rajasthan,Udaipur,"Ashok Nagar, Udaipur - RSPCB",11-04-2026 13:00,24.5886166,73.6321397,PM10,64.0,165.0,107.0
India,Rajasthan,Udaipur,"Ashok Nagar, Udaipur - RSPCB",11-04-2026 13:00,24.5886166,73.6321397,NH3,3.0,24.0,10.0
India,Uttar_Pradesh,Agra,"Manoharpur, Agra - UPPCB",11-04-2026 13:00,27.23711,78.01936,PM10,15.0,272.0,116.0
India,TamilNadu,Chennai,"Perungudi, Chennai - TNPCB",11-04-2026 13:00,12.9533,80.2357,SO2,2.0,8.0,5.0
India,Uttar_Pradesh,Bulandshahr,"Yamunapuram, Bulandshahr - UPPCB",11-04-2026 13:00,28.406963,77.849831,SO2,2.0,29.0,12.0
India,Uttar_Pradesh,Bulandshahr,"Yamunapuram, Bulandshahr - UPPCB",11-04-2026 13:00,28.406963,77.849831,OZONE,10.0,58.0,35.0
India,Uttar_Pradesh,Firozabad,"Nagla Bhau, Firozabad - UPPCB",11-04-2026 13:00,27.168897,78.37696,PM10,38.0,118.0,77.0
India,Uttar_Pradesh,Firozabad,"Nagla Bhau, Firozabad - UPPCB",11-04-2026 13:00,27.168897,78.37696,NO2,17.0,17.0,17.0
India,Uttar_Pradesh,Firozabad,"Nagla Bhau, Firozabad - UPPCB",11-04-2026 13:00,27.168897,78.37696,CO,22.0,73.0,26.0
India,Uttar_Pradesh,Firozabad,"Vibhab Nagar, Firozabad - UPPCB",11-04-2026 13:00,27.1594,78.3953,PM2.5,39.0,103.0,72.0
India,Uttar_Pradesh,Firozabad,"Vibhab Nagar, Firozabad - UPPCB",11-04-2026 13:00,27.1594,78.3953,PM10,57.0,130.0,99.0
India,Uttar_Pradesh,Ghaziabad,"Indirapuram, Ghaziabad - UPPCB",11-04-2026 13:00,28.646233,77.358075,CO,28.0,57.0,44.0
India,Uttar_Pradesh,Ghaziabad,"Indirapuram, Ghaziabad - UPPCB",11-04-2026 13:00,28.646233,77.358075,OZONE,29.0,58.0,44.0
India,Uttar_Pradesh,Agra,"Sector-3B Avas Vikas Colony, Agra - UPPCB",11-04-2026 13:00,27.19412,77.96237,OZONE,4.0,16.0,8.0
India,Uttar_Pradesh,Baghpat,"Sardar Patel Inter College, Baghpat - UPPCB",11-04-2026 13:00,28.964949,77.278761,NH3,1.0,2.0,2.0
India,Uttar_Pradesh,Bareilly,"Civil Lines, Bareilly - UPPCB",11-04-2026 13:00,28.359581,79.414455,PM2.5,31.0,56.0,40.0
India,Uttar_Pradesh,Bareilly,"Civil Lines, Bareilly - UPPCB",11-04-2026 13:00,28.359581,79.414455,NH3,1.0,1.0,1.0
India,Uttar_Pradesh,Bareilly,"Civil Lines, Bareilly - UPPCB",11-04-2026 13:00,28.359581,79.414455,OZONE,7.0,13.0,10.0
India,Uttar_Pradesh,Bareilly,"Rajendra Nagar, Bareilly - UPPCB",11-04-2026 13:00,28.38910936,79.42963708,CO,22.0,28.0,24.0
India,Uttar_Pradesh,Ghaziabad,"Vasundhara, Ghaziabad - UPPCB",11-04-2026 13:00,28.6603346,77.3572563,SO2,0.0,0.0,0.0
India,Uttar_Pradesh,Ghaziabad,"Vasundhara, Ghaziabad - UPPCB",11-04-2026 13:00,28.6603346,77.3572563,CO,18.0,64.0,36.0
India,Uttar_Pradesh,Ghaziabad,"Vasundhara, Ghaziabad - UPPCB",11-04-2026 13:00,28.6603346,77.3572563,OZONE,42.0,98.0,80.0
India,Uttar_Pradesh,Ghaziabad,"Ved Vihar-Loni, Ghaziabad - UPPCB",11-04-2026 13:00,28.739153,77.273668,CO,40.0,52.0,49.0
India,Uttar_Pradesh,Ghaziabad,"Loni, Ghaziabad - UPPCB",11-04-2026 13:00,28.757294,77.278792,PM10,90.0,251.0,169.0
India,Uttar_Pradesh,Ghaziabad,"Loni, Ghaziabad - UPPCB",11-04-2026 13:00,28.757294,77.278792,SO2,8.0,21.0,15.0
India,Uttar_Pradesh,Ghaziabad,"Sanjay Nagar, Ghaziabad - UPPCB",11-04-2026 13:00,28.685382,77.453839,PM2.5,16.0,68.0,41.0
India,Uttar_Pradesh,Gorakhpur,"Madan Mohan Malaviya University of Technology, Gorakhpur - UPPCB",11-04-2026 13:00,26.730136,83.433859,SO2,46.0,48.0,47.0
India,Uttar_Pradesh,Gorakhpur,"Madan Mohan Malaviya University of Technology, Gorakhpur - UPPCB",11-04-2026 13:00,26.730136,83.433859,OZONE,1.0,11.0,3.0
India,Uttar_Pradesh,Greater Noida,"Knowledge Park - III, Greater Noida - UPPCB",11-04-2026 13:00,28.47272,77.482,NH3,5.0,8.0,6.0
India,Uttar_Pradesh,Greater Noida,"Knowledge Park - V, Greater Noida - UPPCB",11-04-2026 13:00,28.557054,77.453663,NH3,5.0,9.0,7.0
India,Uttar_Pradesh,Agra,"Sector-3B Avas Vikas Colony, Agra - UPPCB",11-04-2026 13:00,27.19412,77.96237,PM2.5,53.0,185.0,105.0
India,Uttar_Pradesh,Agra,"Sector-3B Avas Vikas Colony, Agra - UPPCB",11-04-2026 13:00,27.19412,77.96237,SO2,13.0,14.0,14.0
India,Uttar_Pradesh,Kanpur,"Nehru Nagar, Kanpur - UPPCB",11-04-2026 13:00,26.4703136,80.3229863,NO2,44.0,51.0,48.0
India,Uttar_Pradesh,Kanpur,"Nehru Nagar, Kanpur - UPPCB",11-04-2026 13:00,26.4703136,80.3229863,OZONE,6.0,29.0,15.0
India,Uttar_Pradesh,Jhansi,"Shivaji Nagar, Jhansi - UPPCB",11-04-2026 13:00,25.4547,78.6039,NH3,4.0,4.0,4.0
India,Uttar_Pradesh,Lucknow,"Kukrail Picnic Spot-1, Lucknow - UPPCB",11-04-2026 13:00,26.90723,80.98579,CO,7.0,28.0,13.0
India,Uttar_Pradesh,Lucknow,"Lalbagh, Lucknow - CPCB",11-04-2026 13:00,26.8458805,80.9365541,NH3,14.0,21.0,17.0
India,Uttar_Pradesh,Lucknow,"Talkatora District Industries Center, Lucknow - CPCB",11-04-2026 13:00,26.83399722,80.8917361,PM10,70.0,108.0,90.0
India,Uttar_Pradesh,Lucknow,"Talkatora District Industries Center, Lucknow - CPCB",11-04-2026 13:00,26.83399722,80.8917361,OZONE,9.0,58.0,27.0
India,Uttar_Pradesh,Meerut,"Ganga Nagar, Meerut - UPPCB",11-04-2026 13:00,28.999264,77.7590354,PM2.5,6.0,56.0,30.0
India,Uttar_Pradesh,Meerut,"Ganga Nagar, Meerut - UPPCB",11-04-2026 13:00,28.999264,77.7590354,PM10,77.0,154.0,108.0
India,Uttar_Pradesh,Meerut,"Jai Bhim Nagar, Meerut - UPPCB",11-04-2026 13:00,28.9535882,77.7622941,NO2,17.0,50.0,27.0
India,Uttar_Pradesh,Meerut,"Jai Bhim Nagar, Meerut - UPPCB",11-04-2026 13:00,28.9535882,77.7622941,OZONE,60.0,102.0,78.0
India,Uttar_Pradesh,Meerut,"Pallavpuram Phase 2, Meerut - UPPCB",11-04-2026 13:00,29.06351,77.709723,SO2,17.0,49.0,34.0
India,Uttar_Pradesh,Modinagar,"SRM University, Modinagar - UPPCB",11-04-2026 13:00,28.798171,77.540243,PM10,106.0,155.0,133.0
India,Uttar_Pradesh,Modinagar,"SRM University, Modinagar - UPPCB",11-04-2026 13:00,28.798171,77.540243,OZONE,28.0,71.0,44.0
India,Uttar_Pradesh,Moradabad,"Eco Herbal Park, Moradabad - UPPCB",11-04-2026 13:00,28.840739,78.697531,PM10,43.0,112.0,75.0
India,Uttar_Pradesh,Moradabad,"Eco Herbal Park, Moradabad - UPPCB",11-04-2026 13:00,28.840739,78.697531,NO2,17.0,44.0,27.0
India,Uttar_Pradesh,Moradabad,"Employment Office, Moradabad - UPPCB",11-04-2026 13:00,28.88528,78.7388,NO2,16.0,16.0,16.0
India,Uttar_Pradesh,Moradabad,"Employment Office, Moradabad - UPPCB",11-04-2026 13:00,28.88528,78.7388,CO,2.0,40.0,17.0
India,Uttar_Pradesh,Moradabad,"Jigar Colony, Moradabad - UPPCB",11-04-2026 13:00,28.856664,78.772638,OZONE,18.0,61.0,19.0
India,Uttar_Pradesh,Moradabad,"Kashiram Nagar, Moradabad - UPPCB",11-04-2026 13:00,28.849399,78.742362,PM2.5,3.0,45.0,24.0
India,Uttar_Pradesh,Moradabad,"Kashiram Nagar, Moradabad - UPPCB",11-04-2026 13:00,28.849399,78.742362,PM10,45.0,114.0,67.0
India,Uttar_Pradesh,Moradabad,"Kashiram Nagar, Moradabad - UPPCB",11-04-2026 13:00,28.849399,78.742362,CO,17.0,30.0,21.0
India,Uttar_Pradesh,Moradabad,"Transport Nagar, Moradabad - UPPCB",11-04-2026 13:00,28.802625,78.753728,NO2,29.0,29.0,29.0
India,Uttar_Pradesh,Moradabad,"Transport Nagar, Moradabad - UPPCB",11-04-2026 13:00,28.802625,78.753728,SO2,45.0,49.0,47.0
India,Uttar_Pradesh,Muzaffarnagar,"New Mandi, Muzaffarnagar - UPPCB",11-04-2026 13:00,29.4723508,77.7194031,PM10,66.0,120.0,95.0
India,Uttar_Pradesh,Muzaffarnagar,"New Mandi, Muzaffarnagar - UPPCB",11-04-2026 13:00,29.4723508,77.7194031,NO2,19.0,47.0,29.0
India,Uttar_Pradesh,Muzaffarnagar,"New Mandi, Muzaffarnagar - UPPCB",11-04-2026 13:00,29.4723508,77.7194031,NH3,6.0,9.0,7.0
India,Uttar_Pradesh,Muzaffarnagar,"New Mandi, Muzaffarnagar - UPPCB",11-04-2026 13:00,29.4723508,77.7194031,SO2,8.0,42.0,20.0
India,Uttar_Pradesh,Khurja,"Kalindi Kunj, Khurja - UPPCB",11-04-2026 13:00,28.2348927,77.8683002,OZONE,11.0,68.0,22.0
India,Uttar_Pradesh,Lucknow,"B R Ambedkar University, Lucknow - UPPCB",11-04-2026 13:00,26.766433,80.927299,PM2.5,15.0,79.0,52.0
India,Uttar_Pradesh,Lucknow,"B R Ambedkar University, Lucknow - UPPCB",11-04-2026 13:00,26.766433,80.927299,PM10,48.0,107.0,88.0
India,Uttar_Pradesh,Lucknow,"B R Ambedkar University, Lucknow - UPPCB",11-04-2026 13:00,26.766433,80.927299,NO2,11.0,12.0,12.0
India,Uttar_Pradesh,Lucknow,"B R Ambedkar University, Lucknow - UPPCB",11-04-2026 13:00,26.766433,80.927299,NH3,4.0,4.0,4.0
India,Uttar_Pradesh,Lucknow,"B R Ambedkar University, Lucknow - UPPCB",11-04-2026 13:00,26.766433,80.927299,SO2,18.0,20.0,19.0
India,Uttar_Pradesh,Khora,"Prashant Garden, Khora - UPPCB",11-04-2026 13:00,28.61119,77.34206,NO2,92.0,108.0,100.0
India,Uttar_Pradesh,Khora,"Prashant Garden, Khora - UPPCB",11-04-2026 13:00,28.61119,77.34206,SO2,12.0,28.0,16.0
India,Uttar_Pradesh,Khurja,"Kalindi Kunj, Khurja - UPPCB",11-04-2026 13:00,28.2348927,77.8683002,PM10,50.0,130.0,89.0
India,Uttar_Pradesh,Lucknow,"Kendriya Vidyalaya, Lucknow - CPCB",11-04-2026 13:00,26.906111,80.948222,NH3,8.0,18.0,13.0
India,Uttar_Pradesh,Lucknow,"Kukrail Picnic Spot-1, Lucknow - UPPCB",11-04-2026 13:00,26.90723,80.98579,NO2,31.0,32.0,32.0
India,Uttar_Pradesh,Noida,"Sector - 125, Noida - UPPCB",11-04-2026 13:00,28.5447608,77.3231257,SO2,12.0,17.0,14.0
India,Uttar_Pradesh,Noida,"Sector - 125, Noida - UPPCB",11-04-2026 13:00,28.5447608,77.3231257,CO,13.0,62.0,46.0
India,Uttar_Pradesh,Muzaffarnagar,"New Mandi, Muzaffarnagar - UPPCB",11-04-2026 13:00,29.4723508,77.7194031,OZONE,56.0,148.0,78.0
India,Uttar_Pradesh,Lucknow,"Gomti Nagar, Lucknow - UPPCB",11-04-2026 13:00,26.86812,81.005119,CO,35.0,41.0,38.0
India,Uttar_Pradesh,Noida,"Sector-116, Noida - UPPCB",11-04-2026 13:00,28.56923,77.393848,SO2,10.0,22.0,15.0
India,Uttar_Pradesh,Prayagraj,"Jhunsi, Prayagraj - UPPCB",11-04-2026 13:00,25.425602,81.917152,SO2,14.0,36.0,23.0
India,Uttar_Pradesh,Prayagraj,"Jhunsi, Prayagraj - UPPCB",11-04-2026 13:00,25.425602,81.917152,CO,8.0,18.0,10.0
India,Uttar_Pradesh,Prayagraj,"Nagar Nigam, Prayagraj - UPPCB",11-04-2026 13:00,25.44919916,81.82735986,NO2,5.0,5.0,5.0
India,Uttar_Pradesh,Varanasi,"Ardhali Bazar, Varanasi - UPPCB",11-04-2026 13:00,25.3505986,82.9083074,PM10,102.0,434.0,157.0
India,Uttar_Pradesh,Varanasi,"Bhelupur, Varanasi - UPPCB",11-04-2026 13:00,25.301778,82.996789,NO2,8.0,8.0,8.0
India,Uttar_Pradesh,Varanasi,"Bhelupur, Varanasi - UPPCB",11-04-2026 13:00,25.301778,82.996789,SO2,21.0,26.0,22.0
India,Uttar_Pradesh,Varanasi,"Maldahiya, Varanasi - UPPCB",11-04-2026 13:00,25.32393,82.99687,PM10,53.0,145.0,96.0
India,Uttar_Pradesh,Varanasi,"Maldahiya, Varanasi - UPPCB",11-04-2026 13:00,25.32393,82.99687,NO2,2.0,5.0,3.0
India,Uttar_Pradesh,Vrindavan,"Omex Eternity, Vrindavan - UPPCB",11-04-2026 13:00,27.571409,77.655757,PM10,30.0,131.0,89.0
India,Uttar_Pradesh,Vrindavan,"Omex Eternity, Vrindavan - UPPCB",11-04-2026 13:00,27.571409,77.655757,SO2,15.0,30.0,20.0
India,West_Bengal,Durgapur,"Womens College_City Center, Durgapur - WBPCB",11-04-2026 13:00,23.549395,87.300496,OZONE,2.0,87.0,41.0
India,West_Bengal,Haldia,"Priyambada Housing Estate, Haldia - WBPCB",11-04-2026 13:00,22.06047,88.109737,NH3,5.0,7.0,6.0
India,West_Bengal,Howrah,"Dasnagar, Howrah - WBPCB",11-04-2026 13:00,22.6025571,88.3105664,NO2,5.0,116.0,50.0
India,West_Bengal,Howrah,"Dasnagar, Howrah - WBPCB",11-04-2026 13:00,22.6025571,88.3105664,CO,18.0,119.0,29.0
India,West_Bengal,Asansol,"Asansol Court Area, Asansol - WBPCB",11-04-2026 13:00,23.685297,86.945968,PM10,38.0,123.0,86.0
India,West_Bengal,Asansol,"Evelyn Lodge, Asansol - WBPCB",11-04-2026 13:00,23.697936,86.944395,NH3,5.0,6.0,5.0
India,West_Bengal,Asansol,"Evelyn Lodge, Asansol - WBPCB",11-04-2026 13:00,23.697936,86.944395,SO2,67.0,75.0,69.0
India,West_Bengal,Asansol,"Mahabir Colliery, Asansol - WBPCB",11-04-2026 13:00,23.618183,87.105718,CO,2.0,124.0,92.0
India,West_Bengal,Asansol,"Trivenidevi Bhalotia College, Asansol - WBPCB",11-04-2026 13:00,23.616515,87.119133,OZONE,11.0,59.0,30.0
India,West_Bengal,Barrackpore,"SVSPA Campus, Barrackpore - WBPCB",11-04-2026 13:00,22.7605581,88.3617589,NH3,3.0,6.0,4.0
India,West_Bengal,Durgapur,"Mahishkapur Road_B-Zone, Durgapur - WBPCB",11-04-2026 13:00,23.567923,87.306843,NH3,1.0,2.0,1.0
India,West_Bengal,Kolkata,"Fort William, Kolkata - WBPCB",11-04-2026 13:00,22.55664,88.342674,SO2,4.0,26.0,9.0
India,West_Bengal,Kolkata,"Jadavpur, Kolkata - WBPCB",11-04-2026 13:00,22.49929,88.36917,CO,20.0,70.0,29.0
India,West_Bengal,Kolkata,"Rabindra Bharati University, Kolkata - WBPCB",11-04-2026 13:00,22.627847,88.380669,PM2.5,58.0,292.0,132.0
India,West_Bengal,Howrah,"Ghusuri, Howrah - WBPCB",11-04-2026 13:00,22.611968,88.347422,PM2.5,72.0,314.0,156.0
India,West_Bengal,Howrah,"Padmapukur, Howrah - WBPCB",11-04-2026 13:00,22.5687319,88.2797276,NO2,12.0,23.0,15.0
India,West_Bengal,Kolkata,"Bidhannagar, Kolkata - WBPCB",11-04-2026 13:00,22.58157048,88.41002457,PM10,55.0,149.0,108.0
India,Uttar_Pradesh,Noida,"Sector-1, Noida - UPPCB",11-04-2026 13:00,28.5898,77.3101,SO2,10.0,18.0,15.0
India,Uttar_Pradesh,Noida,"Sector-1, Noida - UPPCB",11-04-2026 13:00,28.5898,77.3101,CO,8.0,46.0,18.0
India,Uttar_Pradesh,Noida,"Sector-116, Noida - UPPCB",11-04-2026 13:00,28.56923,77.393848,PM10,80.0,145.0,116.0
India,Uttarakhand,Rishikesh,"Shivaji Nagar, Rishikesh - UKPCB",11-04-2026 13:00,30.075911,78.2859547,NH3,7.0,7.0,7.0
India,West_Bengal,Kolkata,"Rabindra Sarobar, Kolkata - WBPCB",11-04-2026 13:00,22.51106,88.35142,PM2.5,31.0,63.0,49.0
India,West_Bengal,Kolkata,"Victoria, Kolkata - WBPCB",11-04-2026 13:00,22.5448082,88.3403691,NO2,30.0,61.0,42.0
India,West_Bengal,Siliguri,"Ward-32 Bapupara, Siliguri - WBPCB",11-04-2026 13:00,26.6879226,88.4152495,CO,26.0,62.0,32.0
India,West_Bengal,Siliguri,"Ward-32 Bapupara, Siliguri - WBPCB",11-04-2026 13:00,26.6879226,88.4152495,OZONE,11.0,85.0,57.0
India,Andhra_Pradesh,Tirumala,"Toll Gate, Tirumala - APPCB",11-04-2026 13:00,13.67,79.35,PM10,38.0,94.0,65.0
India,Andhra_Pradesh,Tirumala,"Toll Gate, Tirumala - APPCB",11-04-2026 13:00,13.67,79.35,NO2,21.0,66.0,40.0
India,Andhra_Pradesh,Tirumala,"Toll Gate, Tirumala - APPCB",11-04-2026 13:00,13.67,79.35,OZONE,18.0,77.0,35.0
India,Andhra_Pradesh,Vijayawada,"HB Colony, Vijayawada - APPCB",11-04-2026 13:00,16.536107,80.594233,PM2.5,35.0,289.0,69.0
India,Andhra_Pradesh,Vijayawada,"HB Colony, Vijayawada - APPCB",11-04-2026 13:00,16.536107,80.594233,CO,17.0,34.0,18.0
India,Andhra_Pradesh,Vijayawada,"Kanuru, Vijayawada - APPCB",11-04-2026 13:00,16.486692,80.699436,NH3,0.0,0.0,0.0
India,Andhra_Pradesh,Vijayawada,"Rajiv Gandhi Park, Vijayawada - APPCB",11-04-2026 13:00,16.509717,80.612222,PM2.5,49.0,100.0,71.0
India,Andhra_Pradesh,Vijayawada,"Rajiv Gandhi Park, Vijayawada - APPCB",11-04-2026 13:00,16.509717,80.612222,NO2,17.0,25.0,21.0
India,Bihar,Chhapra,"Darshan Nagar, Chhapra - BSPCB",11-04-2026 13:00,25.7808257,84.7446768,NH3,4.0,9.0,6.0
India,Bihar,Gaya,"Kareemganj, Gaya - BSPCB",11-04-2026 13:00,24.792403,84.992416,NH3,1.0,5.0,1.0
India,Bihar,Gaya,"Kareemganj, Gaya - BSPCB",11-04-2026 13:00,24.792403,84.992416,CO,1.0,29.0,5.0
India,Bihar,Hajipur,"Industrial Area, Hajipur - BSPCB",11-04-2026 13:00,25.697189,85.2459,SO2,3.0,6.0,4.0
India,Bihar,Hajipur,"Industrial Area, Hajipur - BSPCB",11-04-2026 13:00,25.697189,85.2459,OZONE,20.0,169.0,157.0
India,Bihar,Katihar,"Mirchaibari, Katihar - BSPCB",11-04-2026 13:00,25.560083,87.553265,PM2.5,12.0,58.0,39.0
India,Bihar,Araria,"Kharahiya Basti, Araria - BSPCB",11-04-2026 13:00,26.146529,87.454184,PM2.5,48.0,280.0,102.0
India,Bihar,Araria,"Kharahiya Basti, Araria - BSPCB",11-04-2026 13:00,26.146529,87.454184,PM10,43.0,135.0,74.0
India,Bihar,Arrah,"New DM Office, Arrah - BSPCB",11-04-2026 13:00,25.5626095,84.663264,NH3,1.0,2.0,2.0
India,Bihar,Begusarai,"Lohiyanagar, Begusarai - BSPCB",11-04-2026 13:00,25.42742023,86.13886079,CO,15.0,20.0,17.0
India,Bihar,Bettiah,"Kamalnath Nagar, Bettiah - BSPCB",11-04-2026 13:00,26.80365,84.51954,CO,31.0,41.0,36.0
India,Andhra_Pradesh,Kadapa,"Yerramukkapalli, Kadapa - APPCB",11-04-2026 13:00,14.465052,78.824187,OZONE,30.0,37.0,36.0
India,Andhra_Pradesh,Machilipatnam,"Srinivas Nagar Colony, Machilipatnam - APPCB",11-04-2026 13:00,16.186555,81.13219,PM2.5,56.0,76.0,73.0
India,Andhra_Pradesh,Nellore,"Ambedkar Nagar, Nellore - APPCB ",11-04-2026 13:00,14.438164,79.966814,CO,10.0,166.0,56.0
India,Andhra_Pradesh,Rajamahendravaram,"Anand Kala Kshetram, Rajamahendravaram - APPCB",11-04-2026 13:00,16.9872867,81.7363176,CO,16.0,45.0,29.0
India,Bihar,Bhagalpur,"DM Office_Kachari Chowk, Bhagalpur - BSPCB",11-04-2026 13:00,25.251013,86.989001,SO2,1.0,59.0,33.0
India,Bihar,Bhagalpur,"Mayaganj, Bhagalpur - BSPCB",11-04-2026 13:00,25.265194,87.012947,SO2,44.0,62.0,53.0
India,Bihar,Bhagalpur,"Mayaganj, Bhagalpur - BSPCB",11-04-2026 13:00,25.265194,87.012947,CO,66.0,94.0,86.0
India,Bihar,Buxar,"Charitra Van, Buxar - BSPCB",11-04-2026 13:00,25.56752,83.966379,CO,18.0,29.0,24.0
India,Bihar,Chhapra,"Darshan Nagar, Chhapra - BSPCB",11-04-2026 13:00,25.7808257,84.7446768,PM2.5,0.0,0.0,0.0
India,Arunachal_Pradesh,Naharlagun,"Naharlagun, Naharlagun - APSPCB",11-04-2026 13:00,27.103358,93.679645,SO2,9.0,10.0,10.0
India,Assam,Byrnihat,"Central Academy for SFS, Byrnihat - PCBA",11-04-2026 13:00,26.071318,91.87488,NH3,4.0,5.0,4.0
India,Assam,Byrnihat,"Central Academy for SFS, Byrnihat - PCBA",11-04-2026 13:00,26.071318,91.87488,OZONE,13.0,53.0,22.0
India,Assam,Guwahati,"IITG, Guwahati - PCBA",11-04-2026 13:00,26.2028636,91.70046436,SO2,31.0,33.0,32.0
India,Andhra_Pradesh,Anantapur,"Gulzarpet, Anantapur - APPCB",11-04-2026 13:00,14.675886,77.593027,PM2.5,65.0,96.0,82.0
India,Andhra_Pradesh,Anantapur,"Gulzarpet, Anantapur - APPCB",11-04-2026 13:00,14.675886,77.593027,NO2,21.0,27.0,23.0
India,Andhra_Pradesh,Anantapur,"Gulzarpet, Anantapur - APPCB",11-04-2026 13:00,14.675886,77.593027,OZONE,35.0,52.0,41.0
India,Andhra_Pradesh,Chittoor,"Gangineni Cheruvu, Chittoor - APPCB",11-04-2026 13:00,13.20488,79.097889,NH3,5.0,8.0,6.0
India,Assam,Nagaon,"Christianpatty, Nagaon - PCBA",11-04-2026 13:00,26.349082,92.68449,CO,5.0,26.0,19.0
India,Assam,Nalbari,"Bata Chowk, Nalbari - PCBA",11-04-2026 13:00,26.446912,91.439057,CO,20.0,22.0,22.0
India,Assam,Silchar,"Tarapur, Silchar - PCBA",11-04-2026 13:00,24.82827,92.79525,PM2.5,46.0,75.0,60.0
India,Assam,Guwahati,"Pan Bazaar, Guwahati - PCBA",11-04-2026 13:00,26.1875,91.744194,NO2,0.0,0.0,0.0
India,Assam,Guwahati,"Pan Bazaar, Guwahati - PCBA",11-04-2026 13:00,26.1875,91.744194,SO2,11.0,12.0,11.0
India,Assam,Guwahati,"Railway Colony, Guwahati - PCBA",11-04-2026 13:00,26.181742,91.78063,OZONE,1.0,10.0,1.0
India,Andhra_Pradesh,Amaravati,"Secretariat, Amaravati - APPCB",11-04-2026 13:00,16.5150833,80.5181667,NH3,3.0,4.0,4.0
India,Bihar,Sasaram,"Dada Peer, Sasaram - BSPCB",11-04-2026 13:00,24.952822,84.002396,OZONE,1.0,39.0,23.0
India,Bihar,Siwan,"Chitragupta Nagar, Siwan - BSPCB",11-04-2026 13:00,26.2271665,84.3570427,PM2.5,25.0,67.0,46.0
India,Bihar,Siwan,"Chitragupta Nagar, Siwan - BSPCB",11-04-2026 13:00,26.2271665,84.3570427,PM10,47.0,117.0,87.0
India,Bihar,Siwan,"Chitragupta Nagar, Siwan - BSPCB",11-04-2026 13:00,26.2271665,84.3570427,SO2,8.0,9.0,8.0
India,Chandigarh,Chandigarh,"Sector-25, Chandigarh - CPCC",11-04-2026 13:00,30.751462,76.762879,NO2,0.0,0.0,0.0
India,Chandigarh,Chandigarh,"Sector-53, Chandigarh - CPCC",11-04-2026 13:00,30.719859,76.738637,PM2.5,3.0,33.0,19.0
India,Chhattisgarh,Bhilai,"32Bungalows, Bhilai - CECB",11-04-2026 13:00,21.194815,81.31477,PM2.5,23.0,46.0,32.0
India,Chhattisgarh,Bhilai,"32Bungalows, Bhilai - CECB",11-04-2026 13:00,21.194815,81.31477,SO2,7.0,13.0,10.0
India,Chhattisgarh,Bhilai,"32Bungalows, Bhilai - CECB",11-04-2026 13:00,21.194815,81.31477,CO,10.0,64.0,16.0
India,Chhattisgarh,Bhilai,"Civic Center, Bhilai - Bhilai Steel Plant",11-04-2026 13:00,21.185571,81.343175,PM10,33.0,150.0,62.0
India,Bihar,Motihari,"Gandak Colony, Motihari - BSPCB",11-04-2026 13:00,26.63086,84.90051,CO,18.0,40.0,21.0
India,Bihar,Munger,"Town Hall, Munger - BSPCB",11-04-2026 13:00,25.376776,86.471523,PM10,35.0,101.0,62.0
India,Bihar,Munger,"Town Hall, Munger - BSPCB",11-04-2026 13:00,25.376776,86.471523,CO,26.0,31.0,28.0
India,Bihar,Munger,"Town Hall, Munger - BSPCB",11-04-2026 13:00,25.376776,86.471523,OZONE,9.0,10.0,10.0
India,Bihar,Muzaffarpur,"Buddha Colony, Muzaffarpur - BSPCB",11-04-2026 13:00,26.11442,85.39813,PM2.5,61.0,203.0,138.0
India,Bihar,Muzaffarpur,"Muzaffarpur Collectorate, Muzaffarpur - BSPCB",11-04-2026 13:00,26.1209,85.3647,CO,18.0,54.0,36.0
India,Bihar,Patna,"DRM Office Danapur, Patna - BSPCB",11-04-2026 13:00,25.586562,85.043586,CO,29.0,56.0,40.0
India,Bihar,Kishanganj,"SDM Office_Khagra, Kishanganj - BSPCB",11-04-2026 13:00,26.0881305,87.93840336,PM10,23.0,103.0,37.0
India,Bihar,Kishanganj,"SDM Office_Khagra, Kishanganj - BSPCB",11-04-2026 13:00,26.0881305,87.93840336,NH3,3.0,3.0,3.0
India,Bihar,Kishanganj,"SDM Office_Khagra, Kishanganj - BSPCB",11-04-2026 13:00,26.0881305,87.93840336,SO2,3.0,8.0,6.0
India,Bihar,Manguraha,"Forest Rest House, Manguraha - BSPCB",11-04-2026 13:00,27.308328,84.531742,PM2.5,38.0,177.0,65.0
India,Bihar,Patna,"Muradpur, Patna - BSPCB",11-04-2026 13:00,25.619651,85.147382,PM10,131.0,416.0,172.0
India,Bihar,Patna,"Muradpur, Patna - BSPCB",11-04-2026 13:00,25.619651,85.147382,NO2,10.0,11.0,11.0
India,Bihar,Patna,"Muradpur, Patna - BSPCB",11-04-2026 13:00,25.619651,85.147382,OZONE,15.0,98.0,45.0
India,Bihar,Patna,"Rajbansi Nagar, Patna - BSPCB",11-04-2026 13:00,25.599486,85.113666,PM2.5,61.0,104.0,74.0
India,Bihar,Patna,"Samanpura, Patna - BSPCB",11-04-2026 13:00,25.596727,85.085624,NH3,5.0,13.0,11.0
India,Bihar,Patna,"Samanpura, Patna - BSPCB",11-04-2026 13:00,25.596727,85.085624,SO2,4.0,6.0,5.0
India,Bihar,Purnia,"Mariam Nagar, Purnia - BSPCB",11-04-2026 13:00,25.366336,87.117468,NO2,5.0,6.0,6.0
India,Bihar,Samastipur,"DM Office_Kasipur, Samastipur - BSPCB",11-04-2026 13:00,25.859655,85.77944,PM10,0.0,0.0,0.0
India,Bihar,Sasaram,"Dada Peer, Sasaram - BSPCB",11-04-2026 13:00,24.952822,84.002396,NO2,1.0,6.0,3.0
India,Bihar,Patna,"DRM Office Danapur, Patna - BSPCB",11-04-2026 13:00,25.586562,85.043586,OZONE,10.0,16.0,13.0
India,Bihar,Patna,"Muradpur, Patna - BSPCB",11-04-2026 13:00,25.619651,85.147382,PM2.5,81.0,338.0,151.0
India,Bihar,Motihari,"Gandak Colony, Motihari - BSPCB",11-04-2026 13:00,26.63086,84.90051,PM10,37.0,147.0,90.0
India,Bihar,Katihar,"Mirchaibari, Katihar - BSPCB",11-04-2026 13:00,25.560083,87.553265,CO,60.0,100.0,92.0
India,Delhi,Delhi,"Cantonment Area, Delhi - DPCC ",11-04-2026 13:00,28.594169,77.1251,SO2,18.0,38.0,26.0
India,Delhi,Delhi,"Cantonment Area, Delhi - DPCC ",11-04-2026 13:00,28.594169,77.1251,CO,2.0,39.0,30.0
India,Delhi,Delhi,"Chandni Chowk, Delhi - IITM",11-04-2026 13:00,28.656756,77.227234,NO2,36.0,99.0,65.0
India,Delhi,Delhi,"Chandni Chowk, Delhi - IITM",11-04-2026 13:00,28.656756,77.227234,NH3,6.0,10.0,8.0
India,Delhi,Delhi,"Commonwealth Sports Complex, Delhi - DPCC",11-04-2026 13:00,28.615828,77.271992,NO2,9.0,90.0,41.0
India,Delhi,Delhi,"Commonwealth Sports Complex, Delhi - DPCC",11-04-2026 13:00,28.615828,77.271992,NH3,2.0,5.0,3.0
India,Delhi,Delhi,"DTU, Delhi - CPCB",11-04-2026 13:00,28.7500499,77.1112615,PM10,58.0,131.0,92.0
India,Delhi,Delhi,"DTU, Delhi - CPCB",11-04-2026 13:00,28.7500499,77.1112615,NO2,11.0,70.0,25.0
India,Delhi,Delhi,"Dr. Karni Singh Shooting Range, Delhi - DPCC",11-04-2026 13:00,28.498571,77.26484,PM2.5,13.0,127.0,55.0
India,Delhi,Delhi,"IHBAS, Dilshad Garden, Delhi - CPCB",11-04-2026 13:00,28.6811736,77.3025234,OZONE,26.0,82.0,48.0
India,Delhi,Delhi,"IIT Delhi, Delhi - IITM",11-04-2026 13:00,28.54246,77.191651,PM2.5,19.0,82.0,45.0
India,Delhi,Delhi,"ITO, Delhi - CPCB",11-04-2026 13:00,28.628624,77.24106,OZONE,32.0,62.0,46.0
India,Delhi,Delhi,"JNU, Delhi - DPCC",11-04-2026 13:00,28.540721,77.168544,PM2.5,5.0,87.0,52.0
India,Delhi,Delhi,"Jahangirpuri, Delhi - DPCC",11-04-2026 13:00,28.73282,77.170633,CO,14.0,43.0,26.0
India,Delhi,Delhi,"Jawaharlal Nehru Stadium, Delhi - DPCC",11-04-2026 13:00,28.58028,77.233829,PM2.5,0.0,0.0,0.0
India,Delhi,Delhi,"Jawaharlal Nehru Stadium, Delhi - DPCC",11-04-2026 13:00,28.58028,77.233829,CO,16.0,161.0,19.0
India,Chhattisgarh,Bhilai,"Hathkhoj, Bhilai - CECB",11-04-2026 13:00,21.224231,81.40835,OZONE,9.0,18.0,13.0
India,Chhattisgarh,Bilaspur,"Mangala, Bilaspur - NTPC",11-04-2026 13:00,22.08815,82.13737,PM10,44.0,103.0,68.0
India,Chhattisgarh,Bilaspur,"Mangala, Bilaspur - NTPC",11-04-2026 13:00,22.08815,82.13737,CO,4.0,113.0,19.0
India,Chhattisgarh,Chhal,"Nawapara SECL Colony, Chhal - CECB",11-04-2026 13:00,22.118125,83.140608,PM2.5,31.0,76.0,53.0
India,Chhattisgarh,Korba,"Rampur, Korba - CECB",11-04-2026 13:00,22.368195,82.746431,NH3,1.0,1.0,1.0
India,Chhattisgarh,Korba,"Urja Nagar, Korba - CECB",11-04-2026 13:00,22.348441,82.549611,NH3,1.0,1.0,1.0
India,Chhattisgarh,Raipur,"AIIMS, Raipur - CECB",11-04-2026 13:00,21.258815,81.578979,PM2.5,8.0,91.0,45.0
India,Chhattisgarh,Raipur,"AIIMS, Raipur - CECB",11-04-2026 13:00,21.258815,81.578979,NO2,22.0,41.0,34.0
India,Chhattisgarh,Raipur,"AIIMS, Raipur - CECB",11-04-2026 13:00,21.258815,81.578979,NH3,3.0,4.0,4.0
India,Chhattisgarh,Raipur,"AIIMS, Raipur - CECB",11-04-2026 13:00,21.258815,81.578979,OZONE,6.0,59.0,10.0
India,Chhattisgarh,Raipur,"Bhatagaon New ISBT, Raipur - CECB",11-04-2026 13:00,21.219665,81.630094,PM10,22.0,127.0,73.0
India,Chhattisgarh,Raipur,"Bhatagaon New ISBT, Raipur - CECB",11-04-2026 13:00,21.219665,81.630094,CO,10.0,82.0,36.0
India,Chhattisgarh,Raipur,"Krishak Nagar, Raipur - CECB",11-04-2026 13:00,21.237755,81.705301,CO,12.0,48.0,42.0
India,Chhattisgarh,Tumidih,"OP Jindal Industrial Park, Tumidih - CECB",11-04-2026 13:00,22.06631475,83.33820077,OZONE,10.0,121.0,62.0
India,Delhi,Delhi,"Alipur, Delhi - DPCC",11-04-2026 13:00,28.815329,77.15301,PM2.5,22.0,113.0,59.0
India,Delhi,Delhi,"Alipur, Delhi - DPCC",11-04-2026 13:00,28.815329,77.15301,SO2,3.0,18.0,10.0
India,Delhi,Delhi,"Burari Crossing, Delhi - IMD",11-04-2026 13:00,28.7256504,77.2011573,PM10,76.0,143.0,112.0
India,Delhi,Delhi,"Lodhi Road, Delhi - IMD",11-04-2026 13:00,28.5918245,77.2273074,PM10,54.0,130.0,103.0
India,Delhi,Delhi,"Lodhi Road, Delhi - IMD",11-04-2026 13:00,28.5918245,77.2273074,CO,15.0,25.0,22.0
India,Delhi,Delhi,"Major Dhyan Chand National Stadium, Delhi - DPCC",11-04-2026 13:00,28.611281,77.237738,PM10,72.0,127.0,98.0
India,Chhattisgarh,Raipur,"Siltara Phase-II, Raipur - CECB",11-04-2026 13:00,21.371751,81.664929,CO,17.0,18.0,17.0
India,Chhattisgarh,Tumidih,"OP Jindal Industrial Park, Tumidih - CECB",11-04-2026 13:00,22.06631475,83.33820077,PM2.5,21.0,56.0,34.0
India,Delhi,Delhi,"Dwarka-Sector 8, Delhi - DPCC ",11-04-2026 13:00,28.5710274,77.0719006,CO,43.0,76.0,61.0
India,Delhi,Delhi,"IGI Airport (T3), Delhi - IMD",11-04-2026 13:00,28.5627763,77.1180053,NO2,11.0,35.0,21.0
India,Delhi,Delhi,"CRRI Mathura Road, Delhi - IMD",11-04-2026 13:00,28.5512005,77.2735737,CO,23.0,78.0,44.0
India,Delhi,Delhi,"Major Dhyan Chand National Stadium, Delhi - DPCC",11-04-2026 13:00,28.611281,77.237738,NH3,12.0,14.0,13.0
India,Delhi,Delhi,"Mandir Marg, Delhi - DPCC",11-04-2026 13:00,28.636429,77.201067,NH3,8.0,14.0,11.0
India,Delhi,Delhi,"Mandir Marg, Delhi - DPCC",11-04-2026 13:00,28.636429,77.201067,CO,33.0,57.0,50.0
India,Delhi,Delhi,"Mundka, Delhi - DPCC",11-04-2026 13:00,28.684678,77.076574,NH3,4.0,9.0,6.0
India,Delhi,Delhi,"NSUT Jaffarpur, Delhi - DPCC",11-04-2026 13:00,28.594004,76.909423,PM10,48.0,171.0,118.0
India,Delhi,Delhi,"Najafgarh, Delhi - DPCC",11-04-2026 13:00,28.570173,76.933762,PM2.5,13.0,270.0,101.0
India,Delhi,Delhi,"Najafgarh, Delhi - DPCC",11-04-2026 13:00,28.570173,76.933762,PM10,63.0,292.0,120.0
India,Delhi,Delhi,"Najafgarh, Delhi - DPCC",11-04-2026 13:00,28.570173,76.933762,NO2,19.0,61.0,34.0
India,Delhi,Delhi,"Najafgarh, Delhi - DPCC",11-04-2026 13:00,28.570173,76.933762,NH3,9.0,11.0,10.0
India,Delhi,Delhi,"Najafgarh, Delhi - DPCC",11-04-2026 13:00,28.570173,76.933762,SO2,12.0,101.0,30.0
India,Delhi,Delhi,"Wazirpur, Delhi - DPCC",11-04-2026 13:00,28.699793,77.165453,NO2,50.0,90.0,70.0
India,Delhi,Delhi,"Wazirpur, Delhi - DPCC",11-04-2026 13:00,28.699793,77.165453,NH3,7.0,8.0,8.0
India,Gujarat,Ahmedabad,"Chandkheda, Ahmedabad - IITM",11-04-2026 13:00,23.107969,72.574648,NH3,1.0,7.0,5.0
India,Gujarat,Ahmedabad,"Gyaspur, Ahmedabad - IITM",11-04-2026 13:00,22.977134,72.553024,PM2.5,40.0,319.0,187.0
India,Gujarat,Ahmedabad,"Gyaspur, Ahmedabad - IITM",11-04-2026 13:00,22.977134,72.553024,NH3,2.0,54.0,20.0
India,Gujarat,Ahmedabad,"Gyaspur, Ahmedabad - IITM",11-04-2026 13:00,22.977134,72.553024,SO2,0.0,0.0,0.0
India,Gujarat,Ahmedabad,"Maninagar, Ahmedabad - GPCB",11-04-2026 13:00,23.002657,72.591912,CO,6.0,82.0,39.0
India,Gujarat,Ahmedabad,"Raikhad, Ahmedabad - IITM",11-04-2026 13:00,23.020509,72.579261,NH3,4.0,10.0,7.0
India,Delhi,Delhi,"Shadipur, Delhi - CPCB",11-04-2026 13:00,28.6514781,77.1473105,NO2,28.0,48.0,39.0
India,Delhi,Delhi,"Shadipur, Delhi - CPCB",11-04-2026 13:00,28.6514781,77.1473105,OZONE,21.0,37.0,29.0
India,Delhi,Delhi,"Sirifort, Delhi - CPCB",11-04-2026 13:00,28.5504249,77.2159377,PM10,97.0,145.0,114.0
India,Delhi,Delhi,"Sirifort, Delhi - CPCB",11-04-2026 13:00,28.5504249,77.2159377,NO2,24.0,35.0,30.0
India,Delhi,Delhi,"Sirifort, Delhi - CPCB",11-04-2026 13:00,28.5504249,77.2159377,SO2,27.0,31.0,30.0
India,Delhi,Delhi,"Sri Aurobindo Marg, Delhi - DPCC",11-04-2026 13:00,28.531346,77.190156,NO2,6.0,32.0,18.0
India,Delhi,Delhi,"Sri Aurobindo Marg, Delhi - DPCC",11-04-2026 13:00,28.531346,77.190156,NH3,4.0,6.0,4.0
India,Delhi,Delhi,"Sri Aurobindo Marg, Delhi - DPCC",11-04-2026 13:00,28.531346,77.190156,CO,8.0,24.0,18.0
India,Delhi,Delhi,"Sri Aurobindo Marg, Delhi - DPCC",11-04-2026 13:00,28.531346,77.190156,OZONE,17.0,62.0,37.0
India,Delhi,Delhi,"Talkatora Garden, Delhi - DPCC",11-04-2026 13:00,28.62181,77.1944633,OZONE,5.0,20.0,12.0
India,Delhi,Delhi,"Punjabi Bagh, Delhi - DPCC",11-04-2026 13:00,28.674045,77.131023,CO,34.0,53.0,46.0
India,Delhi,Delhi,"Pusa, Delhi - DPCC",11-04-2026 13:00,28.639652,77.146275,OZONE,8.0,34.0,24.0
India,Delhi,Delhi,"Pusa, Delhi - IMD",11-04-2026 13:00,28.63611,77.173332,PM2.5,11.0,80.0,42.0
India,Delhi,Delhi,"Pusa, Delhi - IMD",11-04-2026 13:00,28.63611,77.173332,NO2,20.0,63.0,39.0
India,Gujarat,Ahmedabad,"SAC ISRO Satellite, Ahmedabad - IITM",11-04-2026 13:00,23.023389,72.515201,PM10,79.0,240.0,131.0
India,Gujarat,Ahmedabad,"SAC ISRO Satellite, Ahmedabad - IITM",11-04-2026 13:00,23.023389,72.515201,NO2,6.0,41.0,21.0
India,Gujarat,Ahmedabad,"SAC ISRO Satellite, Ahmedabad - IITM",11-04-2026 13:00,23.023389,72.515201,SO2,6.0,109.0,26.0
India,Gujarat,Ahmedabad,"SAC ISRO Bopal, Ahmedabad - IITM",11-04-2026 13:00,23.041137,72.456691,NO2,11.0,89.0,45.0
India,Gujarat,Ahmedabad,"SAC ISRO Bopal, Ahmedabad - IITM",11-04-2026 13:00,23.041137,72.456691,NH3,2.0,16.0,7.0
India,Gujarat,Ahmedabad,"SAC ISRO Bopal, Ahmedabad - IITM",11-04-2026 13:00,23.041137,72.456691,SO2,6.0,41.0,16.0
India,Delhi,Delhi,"Nehru Nagar, Delhi - DPCC",11-04-2026 13:00,28.56789,77.250515,NO2,26.0,78.0,50.0
India,Delhi,Delhi,"New Moti Bagh, Delhi - MHUA",11-04-2026 13:00,28.57834,77.184,NO2,8.0,9.0,9.0
India,Delhi,Delhi,"Okhla Phase-2, Delhi - DPCC",11-04-2026 13:00,28.530785,77.271255,SO2,19.0,35.0,27.0
India,Delhi,Delhi,"Okhla Phase-2, Delhi - DPCC",11-04-2026 13:00,28.530785,77.271255,CO,26.0,70.0,31.0
India,Haryana,Kurukshetra,"Sector-7, Kurukshetra - HSPCB",11-04-2026 13:00,29.966942,76.875879,OZONE,10.0,34.0,13.0
India,Haryana,Mandikhera,"General Hospital, Mandikhera(Nuh) - HSPCB",11-04-2026 13:00,27.9002,76.9938,NO2,20.0,23.0,21.0
India,Haryana,Mandikhera,"General Hospital, Mandikhera(Nuh) - HSPCB",11-04-2026 13:00,27.9002,76.9938,NH3,9.0,11.0,10.0
India,Haryana,Manesar,"Sector-2 IMT, Manesar - HSPCB",11-04-2026 13:00,28.360699,76.93609,PM2.5,68.0,159.0,106.0
India,Haryana,Manesar,"Sector-2 IMT, Manesar - HSPCB",11-04-2026 13:00,28.360699,76.93609,NH3,5.0,7.0,6.0
India,Haryana,Narnaul,"Shastri Nagar, Narnaul - HSPCB",11-04-2026 13:00,28.060249,76.113115,PM10,49.0,98.0,68.0
India,Haryana,Narnaul,"Shastri Nagar, Narnaul - HSPCB",11-04-2026 13:00,28.060249,76.113115,NO2,23.0,28.0,26.0
India,Haryana,Narnaul,"Shastri Nagar, Narnaul - HSPCB",11-04-2026 13:00,28.060249,76.113115,NH3,4.0,6.0,5.0
India,Haryana,Narnaul,"Shastri Nagar, Narnaul - HSPCB",11-04-2026 13:00,28.060249,76.113115,SO2,7.0,8.0,8.0
India,Haryana,Narnaul,"Shastri Nagar, Narnaul - HSPCB",11-04-2026 13:00,28.060249,76.113115,CO,19.0,38.0,35.0
India,Haryana,Narnaul,"Shastri Nagar, Narnaul - HSPCB",11-04-2026 13:00,28.060249,76.113115,OZONE,15.0,39.0,20.0
India,Haryana,Palwal,"Shyam Nagar, Palwal - HSPCB",11-04-2026 13:00,28.1485564,77.3320667,PM2.5,43.0,61.0,51.0
India,Haryana,Palwal,"Shyam Nagar, Palwal - HSPCB",11-04-2026 13:00,28.1485564,77.3320667,SO2,12.0,13.0,12.0
India,Gujarat,Nandesari,"GIDC, Nandesari - Nandesari Ind. Association",11-04-2026 13:00,22.410802,73.097923,NO2,4.0,118.0,33.0
India,Gujarat,Nandesari,"GIDC, Nandesari - Nandesari Ind. Association",11-04-2026 13:00,22.410802,73.097923,SO2,3.0,10.0,4.0
India,Gujarat,Nandesari,"GIDC, Nandesari - Nandesari Ind. Association",11-04-2026 13:00,22.410802,73.097923,CO,10.0,75.0,40.0
India,Gujarat,Rajkot,"Mavdi, Rajkot - Nexteng Enviro ",11-04-2026 13:00,22.248853,70.776774,NO2,7.0,51.0,17.0
India,Gujarat,Vapi,"Phase-1 GIDC, Vapi - GPCB",11-04-2026 13:00,20.362421,72.918013,NH3,0.0,0.0,0.0
India,Gujarat,Vatva,"Phase-4 GIDC, Vatva - GPCB",11-04-2026 13:00,22.969611,72.6435,PM2.5,57.0,488.0,163.0
India,Haryana,Faridabad,"Sector 11, Faridabad - HSPCB",11-04-2026 13:00,28.376058,77.315741,NO2,30.0,32.0,31.0
India,Haryana,Faridabad,"Sector 11, Faridabad - HSPCB",11-04-2026 13:00,28.376058,77.315741,SO2,3.0,3.0,3.0
India,Haryana,Faridabad,"Sector 11, Faridabad - HSPCB",11-04-2026 13:00,28.376058,77.315741,OZONE,14.0,16.0,15.0
India,Haryana,Faridabad,"Sector 30, Faridabad - HSPCB",11-04-2026 13:00,28.4417,77.3217,NO2,37.0,39.0,38.0
India,Haryana,Faridabad,"Sector 30, Faridabad - HSPCB",11-04-2026 13:00,28.4417,77.3217,NH3,11.0,12.0,11.0
India,Haryana,Faridabad,"Sector 30, Faridabad - HSPCB",11-04-2026 13:00,28.4417,77.3217,CO,58.0,64.0,61.0
India,Haryana,Gurugram,"NISE Gwal Pahari, Gurugram - IMD",11-04-2026 13:00,28.422681,77.148944,CO,25.0,40.0,35.0
India,Haryana,Gurugram,"Sector-51, Gurugram - HSPCB",11-04-2026 13:00,28.4227,77.0667,PM2.5,139.0,262.0,202.0
India,Haryana,Gurugram,"Sector-51, Gurugram - HSPCB",11-04-2026 13:00,28.4227,77.0667,SO2,4.0,9.0,6.0
India,Haryana,Gurugram,"Sector-51, Gurugram - HSPCB",11-04-2026 13:00,28.4227,77.0667,CO,11.0,24.0,21.0
India,Haryana,Gurugram,"Sector-51, Gurugram - HSPCB",11-04-2026 13:00,28.4227,77.0667,OZONE,7.0,34.0,22.0
India,Haryana,Jind,"Police Lines, Jind - HSPCB",11-04-2026 13:00,29.307814,76.337619,PM10,48.0,98.0,66.0
India,Haryana,Jind,"Police Lines, Jind - HSPCB",11-04-2026 13:00,29.307814,76.337619,OZONE,38.0,75.0,42.0
India,Haryana,Kaithal,"Rishi Nagar, Kaithal - HSPCB",11-04-2026 13:00,29.8006,76.4155,CO,1.0,50.0,26.0
India,Haryana,Kaithal,"Rishi Nagar, Kaithal - HSPCB",11-04-2026 13:00,29.8006,76.4155,OZONE,10.0,17.0,13.0
India,Gujarat,Gandhinagar,"IIPHG Lekawada, Gandhinagar - IITM",11-04-2026 13:00,23.243639,72.68994,CO,27.0,107.0,53.0
India,Gujarat,Mehsana,"Sadanand Nagar, Mehsana - Nexteng Enviro",11-04-2026 13:00,23.59315,72.372792,NO2,38.0,52.0,44.0
India,Gujarat,Mehsana,"Sadanand Nagar, Mehsana - Nexteng Enviro",11-04-2026 13:00,23.59315,72.372792,CO,52.0,71.0,62.0
India,Gujarat,Vatva,"Phase-4 GIDC, Vatva - GPCB",11-04-2026 13:00,22.969611,72.6435,NO2,55.0,84.0,68.0
India,Haryana,Bahadurgarh,"Arya Nagar, Bahadurgarh - HSPCB",11-04-2026 13:00,28.6701,76.9254,PM10,66.0,92.0,83.0
India,Haryana,Hisar,"Urban Estate-II, Hisar - HSPCB",11-04-2026 13:00,29.14056,75.744941,OZONE,1.0,35.0,4.0
India,Haryana,Karnal,"Sector-12, Karnal - HSPCB",11-04-2026 13:00,29.6953,77.0027,CO,11.0,109.0,14.0
India,Himachal Pradesh,Baddi,"HIMUDA Complex Phase-1, Baddi - HPPCB",11-04-2026 13:00,30.943887,76.801991,SO2,26.0,60.0,32.0
India,Jammu_and_Kashmir,Pampore,"Khrew, Pampore - JKPCC",11-04-2026 13:00,34.031606,75.009712,PM2.5,20.0,82.0,48.0
India,Jammu_and_Kashmir,Srinagar,"Khunmoh, Srinagar - JKPCC",11-04-2026 13:00,34.06313,74.96017,NO2,7.0,51.0,20.0
India,Jammu_and_Kashmir,Srinagar,"Rajbagh, Srinagar - JKPCC",11-04-2026 13:00,34.066206,74.81982,SO2,3.0,4.0,3.0
India,Jharkhand,Dhanbad,"Sardar Patel Nagar, Dhanbad - JSPCB",11-04-2026 13:00,23.80569,86.44268,PM10,37.0,161.0,108.0
India,Jharkhand,Jorapokhar,"Tata Stadium, Jorapokhar - JSPCB",11-04-2026 13:00,23.707909,86.41467,NH3,3.0,3.0,3.0
India,Jharkhand,Jorapokhar,"Tata Stadium, Jorapokhar - JSPCB",11-04-2026 13:00,23.707909,86.41467,SO2,4.0,4.0,4.0
India,Haryana,Panchkula,"Sector-6, Panchkula - HSPCB ",11-04-2026 13:00,30.7057778,76.85318056,PM2.5,24.0,59.0,40.0
India,Haryana,Panipat,"Sector-18, Panipat - HSPCB",11-04-2026 13:00,29.432304,76.972765,NH3,2.0,3.0,2.0
India,Haryana,Panipat,"Sector-18, Panipat - HSPCB",11-04-2026 13:00,29.432304,76.972765,CO,50.0,50.0,50.0
India,Haryana,Panipat,"Sector-18, Panipat - HSPCB",11-04-2026 13:00,29.432304,76.972765,OZONE,30.0,30.0,30.0
India,Haryana,Rohtak,"MD University, Rohtak - HSPCB",11-04-2026 13:00,28.52123,76.37138,CO,32.0,38.0,36.0
India,Haryana,Sonipat,"Murthal, Sonipat - HSPCB",11-04-2026 13:00,29.0272,77.0621,PM2.5,61.0,301.0,157.0
India,Haryana,Sonipat,"Murthal, Sonipat - HSPCB",11-04-2026 13:00,29.0272,77.0621,NH3,21.0,21.0,21.0
India,Karnataka,Bengaluru,"RVCE-Mailasandra, Bengaluru - KSPCB",11-04-2026 13:00,12.921418,77.502466,PM10,39.0,212.0,107.0
India,Karnataka,Bengaluru,"RVCE-Mailasandra, Bengaluru - KSPCB",11-04-2026 13:00,12.921418,77.502466,NO2,20.0,26.0,26.0
India,Karnataka,Bengaluru,"Sanegurava Halli, Bengaluru - KSPCB",11-04-2026 13:00,12.990328,77.5431385,NO2,17.0,19.0,18.0
India,Karnataka,Bengaluru,"Shivapura_Peenya, Bengaluru - KSPCB",11-04-2026 13:00,13.0246342,77.5080115,PM2.5,28.0,40.0,33.0
India,Karnataka,Bengaluru,"Silk Board, Bengaluru - KSPCB",11-04-2026 13:00,12.917348,77.622813,NH3,1.0,2.0,2.0
India,Karnataka,Bengaluru,"BWSSB Kadabesanahalli, Bengaluru - CPCB",11-04-2026 13:00,12.9352049,77.6814488,PM10,13.0,98.0,68.0
India,Karnataka,Bengaluru,"BWSSB Kadabesanahalli, Bengaluru - CPCB",11-04-2026 13:00,12.9352049,77.6814488,OZONE,11.0,33.0,19.0
India,Karnataka,Bengaluru,"City Railway Station, Bengaluru - KSPCB",11-04-2026 13:00,12.9756843,77.5660749,SO2,13.0,15.0,15.0
India,Karnataka,Bengaluru,"Hebbal, Bengaluru - KSPCB",11-04-2026 13:00,13.029152,77.585901,PM2.5,41.0,136.0,69.0
India,Karnataka,Bengaluru,"Hebbal, Bengaluru - KSPCB",11-04-2026 13:00,13.029152,77.585901,NO2,27.0,146.0,60.0
India,Karnataka,Bengaluru,"Jayanagar 5th Block, Bengaluru - KSPCB",11-04-2026 13:00,12.920984,77.584908,PM2.5,68.0,128.0,87.0
India,Karnataka,Bengaluru,"Jayanagar 5th Block, Bengaluru - KSPCB",11-04-2026 13:00,12.920984,77.584908,PM10,69.0,141.0,109.0
India,Karnataka,Bengaluru,"Jayanagar 5th Block, Bengaluru - KSPCB",11-04-2026 13:00,12.920984,77.584908,NO2,11.0,34.0,18.0
India,Karnataka,Bengaluru,"Jigani, Bengaluru - KSPCB",11-04-2026 13:00,12.7816279,77.6299145,NO2,23.0,24.0,23.0
India,Karnataka,Bengaluru,"Jigani, Bengaluru - KSPCB",11-04-2026 13:00,12.7816279,77.6299145,NH3,4.0,4.0,4.0
India,Karnataka,Bagalkot,"Vidayagiri, Bagalkot - KSPCB",11-04-2026 13:00,16.172806,75.659694,NO2,11.0,12.0,12.0
India,Karnataka,Belgaum,"Ramteerth Nagar, Belgaum - KSPCB",11-04-2026 13:00,15.888653,74.541751,CO,1.0,2.0,2.0
India,Karnataka,Bengaluru,"BTM Layout, Bengaluru - CPCB",11-04-2026 13:00,12.9135218,77.5950804,PM10,0.0,0.0,0.0
India,Karnataka,Chikkaballapur,"Chikkaballapur Rural, Chikkaballapur - KSPCB",11-04-2026 13:00,13.428828,77.731418,PM2.5,60.0,82.0,69.0
India,Karnataka,Chikkaballapur,"Chikkaballapur Rural, Chikkaballapur - KSPCB",11-04-2026 13:00,13.428828,77.731418,SO2,4.0,15.0,12.0
India,Karnataka,Chamarajanagar,"Urban, Chamarajanagar - KSPCB",11-04-2026 13:00,11.55358,76.55521,PM10,0.0,0.0,0.0
India,Karnataka,Chamarajanagar,"Urban, Chamarajanagar - KSPCB",11-04-2026 13:00,11.55358,76.55521,NH3,1.0,3.0,2.0
India,Karnataka,Bengaluru,"Hombegowda Nagar, Bengaluru - KSPCB",11-04-2026 13:00,12.938539,77.5901,NO2,0.0,0.0,0.0
India,Madhya Pradesh,Bhopal,"T T Nagar, Bhopal - MPPCB",11-04-2026 13:00,23.233584,77.400574,SO2,7.0,41.0,20.0
India,Madhya Pradesh,Bhopal,"T T Nagar, Bhopal - MPPCB",11-04-2026 13:00,23.233584,77.400574,OZONE,44.0,166.0,162.0
India,Madhya Pradesh,Damoh,"Shrivastav Colony, Damoh - MPPCB",11-04-2026 13:00,23.81748678,79.446246,PM2.5,8.0,147.0,56.0
India,Madhya Pradesh,Dewas,"Bhopal Chauraha, Dewas - MPPCB",11-04-2026 13:00,22.9682591,76.064118,NO2,66.0,120.0,100.0
India,Madhya Pradesh,Gwalior,"City Center, Gwalior - MPPCB",11-04-2026 13:00,26.203442,78.193251,PM2.5,17.0,60.0,32.0
India,Madhya Pradesh,Gwalior,"City Center, Gwalior - MPPCB",11-04-2026 13:00,26.203442,78.193251,NO2,18.0,129.0,52.0
India,Madhya Pradesh,Gwalior,"Deen Dayal Nagar, Gwalior - MPPCB",11-04-2026 13:00,26.259242,78.216432,PM2.5,55.0,354.0,146.0
India,Madhya Pradesh,Gwalior,"Deen Dayal Nagar, Gwalior - MPPCB",11-04-2026 13:00,26.259242,78.216432,NH3,2.0,8.0,4.0
India,Madhya Pradesh,Gwalior,"Maharaj Bada, Gwalior - MPPCB",11-04-2026 13:00,26.200388,78.147714,NH3,4.0,5.0,5.0
India,Madhya Pradesh,Gwalior,"Maharaj Bada, Gwalior - MPPCB",11-04-2026 13:00,26.200388,78.147714,SO2,1.0,82.0,25.0
India,Madhya Pradesh,Indore,"Airport Area, Indore - IMC",11-04-2026 13:00,22.7289,75.8076,NO2,16.0,56.0,32.0
India,Madhya Pradesh,Indore,"Chhoti Gwaltoli, Indore - MPPCB",11-04-2026 13:00,22.431,75.5213,PM2.5,28.0,249.0,81.0
India,Madhya Pradesh,Indore,"Chhoti Gwaltoli, Indore - MPPCB",11-04-2026 13:00,22.431,75.5213,PM10,76.0,170.0,107.0
India,Madhya Pradesh,Indore,"Chhoti Gwaltoli, Indore - MPPCB",11-04-2026 13:00,22.431,75.5213,CO,19.0,81.0,30.0
India,Madhya Pradesh,Indore,"Maguda Nagar, Indore - IMC",11-04-2026 13:00,22.7524,75.8872,PM2.5,19.0,164.0,75.0
India,Madhya Pradesh,Indore,"Maguda Nagar, Indore - IMC",11-04-2026 13:00,22.7524,75.8872,PM10,31.0,117.0,66.0
India,Madhya Pradesh,Indore,"Maguda Nagar, Indore - IMC",11-04-2026 13:00,22.7524,75.8872,SO2,36.0,50.0,44.0
India,Madhya Pradesh,Indore,"Regional Park, Indore - IMC",11-04-2026 13:00,22.678,75.8559,NH3,0.0,0.0,0.0
India,Madhya Pradesh,Indore,"Regional Park, Indore - IMC",11-04-2026 13:00,22.678,75.8559,CO,3.0,12.0,4.0
India,Madhya Pradesh,Indore,"Regional Park, Indore - IMC",11-04-2026 13:00,22.678,75.8559,OZONE,7.0,9.0,8.0
India,Madhya Pradesh,Jabalpur,"Govindh Bhavan Colony, Jabalpur - JMC",11-04-2026 13:00,23.163174,79.973061,PM10,23.0,105.0,59.0
India,Karnataka,Dharwad,"Kalabhavan, Dharwad - KSPCB",11-04-2026 13:00,15.459706,75.008381,NO2,27.0,31.0,30.0
India,Karnataka,Dharwad,"Kalabhavan, Dharwad - KSPCB",11-04-2026 13:00,15.459706,75.008381,CO,40.0,96.0,54.0
India,Karnataka,Kalaburagi,"Mahatma Basaveswar Colony, Kalaburgi - KSPCB",11-04-2026 13:00,17.336318,76.847397,SO2,1.0,5.0,4.0
India,Karnataka,Madikeri,"Stuart Hill, Madikeri - KSPCB",11-04-2026 13:00,12.415911,75.73505,PM10,5.0,66.0,43.0
India,Karnataka,Madikeri,"Stuart Hill, Madikeri - KSPCB",11-04-2026 13:00,12.415911,75.73505,OZONE,2.0,18.0,12.0
India,Karnataka,Mangalore,"Kadri, Mangalore - KSPCB",11-04-2026 13:00,12.88925,74.853,NO2,7.0,41.0,10.0
India,Kerala,Thrissur,"Corporation Ground, Thrissur - Kerala PCB",11-04-2026 13:00,10.5324,76.2159,SO2,0.0,0.0,0.0
India,Kerala,Thrissur,"Corporation Ground, Thrissur - Kerala PCB",11-04-2026 13:00,10.5324,76.2159,CO,6.0,12.0,10.0
India,Madhya Pradesh,Bhopal,"Idgah Hills, Bhopal - MPPCB",11-04-2026 13:00,23.264759,77.381568,NO2,12.0,36.0,23.0
India,Madhya Pradesh,Bhopal,"Idgah Hills, Bhopal - MPPCB",11-04-2026 13:00,23.264759,77.381568,SO2,10.0,20.0,13.0
India,Madhya Pradesh,Bhopal,"Paryavaran Parisar, Bhopal - MPPCB",11-04-2026 13:00,23.210494,77.425409,NO2,18.0,81.0,39.0
India,Karnataka,Mysuru,"Hebbal 1st Stage, Mysuru - KSPCB",11-04-2026 13:00,12.21041,76.37376,SO2,2.0,85.0,14.0
India,Karnataka,Mysuru,"Hebbal 1st Stage, Mysuru - KSPCB",11-04-2026 13:00,12.21041,76.37376,OZONE,21.0,139.0,66.0
India,Karnataka,Ramanagara,"Vijay Nagar, Ramanagara - KSPCB",11-04-2026 13:00,12.733409,77.298051,NO2,9.0,29.0,18.0
India,Karnataka,Ramanagara,"Vijay Nagar, Ramanagara - KSPCB",11-04-2026 13:00,12.733409,77.298051,CO,10.0,33.0,19.0
India,Karnataka,Ramanagara,"Vijay Nagar, Ramanagara - KSPCB",11-04-2026 13:00,12.733409,77.298051,OZONE,13.0,66.0,28.0
India,Karnataka,Yadgir,"Collector Office, Yadgir - KSPCB",11-04-2026 13:00,16.7602,77.1428,OZONE,2.0,13.0,8.0
India,Kerala,Kannur,"Thavakkara, Kannur - Kerala PCB",11-04-2026 13:00,11.875,75.3732,PM10,67.0,83.0,78.0
India,Kerala,Kannur,"Thavakkara, Kannur - Kerala PCB",11-04-2026 13:00,11.875,75.3732,NO2,16.0,16.0,16.0
India,Karnataka,Shivamogga,"Vinoba Nagara, Shivamogga - KSPCB",11-04-2026 13:00,13.94,75.555917,CO,16.0,27.0,25.0
India,Karnataka,Shivamogga,"Vinoba Nagara, Shivamogga - KSPCB",11-04-2026 13:00,13.94,75.555917,OZONE,14.0,61.0,38.0
India,Kerala,Thiruvananthapuram,"Kariavattom, Thiruvananthapuram - Kerala PCB",11-04-2026 13:00,8.5637,76.8865,CO,46.0,86.0,58.0
India,Karnataka,Udupi,"Brahmagiri, Udupi - KSPCB",11-04-2026 13:00,13.34194444,74.74694444,PM10,70.0,118.0,97.0
India,Maharashtra,Hingoli,"Ashta Vinayak Nagar, Hingoli - MPCB",11-04-2026 13:00,19.710842,77.151824,NH3,3.0,4.0,3.0
India,Maharashtra,Jalgaon,"Prabhat Colony, Jalgaon - MPCB",11-04-2026 13:00,21.001264,75.565602,NO2,5.0,68.0,20.0
India,Maharashtra,Jalgaon,"Prabhat Colony, Jalgaon - MPCB",11-04-2026 13:00,21.001264,75.565602,SO2,1.0,36.0,11.0
India,Maharashtra,Jalna,"Old MIDC, Jalna - MPCB",11-04-2026 13:00,19.854616,75.905894,PM10,77.0,111.0,94.0
India,Maharashtra,Jalna,"Old MIDC, Jalna - MPCB",11-04-2026 13:00,19.854616,75.905894,NO2,4.0,25.0,19.0
India,Maharashtra,Kalyan,"Khadakpada, Kalyan - MPCB",11-04-2026 13:00,19.25292,73.142019,PM2.5,37.0,157.0,78.0
India,Maharashtra,Kalyan,"Pimpleshwar Mandir, Kalyan - MPCB",11-04-2026 13:00,19.192056,72.9585188,PM10,0.0,0.0,0.0
India,Maharashtra,Kalyan,"Pimpleshwar Mandir, Kalyan - MPCB",11-04-2026 13:00,19.192056,72.9585188,CO,0.0,0.0,0.0
India,Maharashtra,Kalyan,"Pimpleshwar Mandir, Kalyan - MPCB",11-04-2026 13:00,19.192056,72.9585188,OZONE,0.0,0.0,0.0
India,Maharashtra,Kolhapur,"Shivaji University, Kolhapur - MPCB",11-04-2026 13:00,16.6870449,74.2505872,NO2,26.0,141.0,56.0
India,Madhya Pradesh,Sagar,"Civil Lines, Sagar - MPPCB",11-04-2026 13:00,23.838586,78.759431,NO2,3.0,19.0,8.0
India,Madhya Pradesh,Sagar,"Civil Lines, Sagar - MPPCB",11-04-2026 13:00,23.838586,78.759431,SO2,4.0,16.0,9.0
India,Madhya Pradesh,Sagar,"Deen Dayal Nagar, Sagar - MPPCB",11-04-2026 13:00,23.8640158,78.80289321,SO2,2.0,26.0,4.0
India,Madhya Pradesh,Satna,"Bandhavgar Colony, Satna - Birla Cement",11-04-2026 13:00,24.58434363,80.8549414,PM2.5,49.0,51.0,50.0
India,Madhya Pradesh,Satna,"Bandhavgar Colony, Satna - Birla Cement",11-04-2026 13:00,24.58434363,80.8549414,NO2,12.0,13.0,12.0
India,Madhya Pradesh,Satna,"Bandhavgar Colony, Satna - Birla Cement",11-04-2026 13:00,24.58434363,80.8549414,CO,16.0,42.0,24.0
India,Madhya Pradesh,Singrauli,"Suryakiran Bhawan NCL, Singrauli - MPPCB",11-04-2026 13:00,24.10897,82.64558,PM2.5,30.0,289.0,88.0
India,Maharashtra,Bhiwandi,"Gokul Nagar, Bhiwandi - MPCB",11-04-2026 13:00,19.309073,73.057223,CO,22.0,62.0,42.0
India,Maharashtra,Chandrapur,"Chauhan Colony, Chandrapur - MPCB",11-04-2026 13:00,19.9629,79.298714,PM2.5,50.0,281.0,119.0
India,Maharashtra,Chandrapur,"Chauhan Colony, Chandrapur - MPCB",11-04-2026 13:00,19.9629,79.298714,PM10,74.0,225.0,130.0
India,Maharashtra,Chandrapur,"Chauhan Colony, Chandrapur - MPCB",11-04-2026 13:00,19.9629,79.298714,NO2,34.0,45.0,38.0
India,Maharashtra,Chandrapur,"Chauhan Colony, Chandrapur - MPCB",11-04-2026 13:00,19.9629,79.298714,OZONE,14.0,21.0,19.0
India,Maharashtra,Chandrapur,"MIDC Khutala, Chandrapur - MPCB",11-04-2026 13:00,19.9775302,79.2337086,NO2,8.0,21.0,13.0
India,Maharashtra,Dhule,"Deopur, Dhule - MPCB",11-04-2026 13:00,20.918946,74.776388,CO,11.0,72.0,26.0
India,Maharashtra,Aurangabad,"More Chowk Waluj, Aurangabad - MPCB",11-04-2026 13:00,19.8389439,75.244448,NH3,15.0,17.0,16.0
India,Maharashtra,Aurangabad,"Rachnakar Colony, Aurangabad - MPCB",11-04-2026 13:00,19.863756,75.321188,NO2,15.0,84.0,39.0
India,Maharashtra,Badlapur,"Katrap, Badlapur - MPCB",11-04-2026 13:00,19.16485,73.23409,PM10,108.0,179.0,128.0
India,Maharashtra,Badlapur,"Katrap, Badlapur - MPCB",11-04-2026 13:00,19.16485,73.23409,CO,30.0,57.0,52.0
India,Maharashtra,Belapur,"CBD Belapur, Belapur - MPCB",11-04-2026 13:00,19.0243902,73.0406721,PM2.5,86.0,260.0,163.0
India,Madhya Pradesh,Ujjain,"Mahashweta Nagar, Ujjain - MPPCB",11-04-2026 13:00,23.1633321,75.800225,OZONE,24.0,76.0,47.0
India,Maharashtra,Ahmednagar,"Tarakpur, Ahmednagar - MPCB",11-04-2026 13:00,19.10122,74.73339,CO,4.0,108.0,13.0
India,Maharashtra,Ambernath,"Chinchpada, Ambernath - MPCB",11-04-2026 13:00,19.215784,73.199781,NO2,0.0,0.0,0.0
India,Madhya Pradesh,Jabalpur,"Marhatal, Jabalpur - MPPCB",11-04-2026 13:00,23.168606,79.932247,PM2.5,12.0,309.0,145.0
India,Madhya Pradesh,Jabalpur,"Suhagi, Jabalpur - JMC",11-04-2026 13:00,23.218135,79.95777,OZONE,1.0,76.0,42.0
India,Madhya Pradesh,Mandideep,"Sector-D Industrial Area, Mandideep - MPPCB",11-04-2026 13:00,23.10844,77.511428,CO,24.0,105.0,52.0
India,Maharashtra,Kolhapur,"Shivaji University, Kolhapur - MPCB",11-04-2026 13:00,16.6870449,74.2505872,OZONE,12.0,83.0,42.0
India,Maharashtra,Kolhapur,"Sinchan Bhavan, Kolhapur - MPCB",11-04-2026 13:00,16.7143745,74.2426398,PM2.5,0.0,0.0,0.0
India,Maharashtra,Kolhapur,"Sinchan Bhavan, Kolhapur - MPCB",11-04-2026 13:00,16.7143745,74.2426398,PM10,0.0,0.0,0.0
India,Madhya Pradesh,Singrauli,"Suryakiran Bhawan NCL, Singrauli - MPPCB",11-04-2026 13:00,24.10897,82.64558,SO2,27.0,62.0,40.0
India,Madhya Pradesh,Ujjain,"Mahashweta Nagar, Ujjain - MPPCB",11-04-2026 13:00,23.1633321,75.800225,PM10,0.0,0.0,0.0
India,Maharashtra,Ambernath,"Chinchpada, Ambernath - MPCB",11-04-2026 13:00,19.215784,73.199781,CO,2.0,13.0,7.0
India,Maharashtra,Mumbai,"Malad West, Mumbai - IITM",11-04-2026 13:00,19.19709,72.82204,NO2,17.0,46.0,30.0
India,Maharashtra,Mumbai,"Malad West, Mumbai - IITM",11-04-2026 13:00,19.19709,72.82204,SO2,3.0,12.0,5.0
India,Maharashtra,Mumbai,"Malad West, Mumbai - IITM",11-04-2026 13:00,19.19709,72.82204,CO,22.0,52.0,34.0
India,Maharashtra,Mumbai,"Mazgaon, Mumbai - IITM",11-04-2026 13:00,18.96702,72.84214,CO,34.0,85.0,49.0
India,Maharashtra,Mumbai,"Mindspace-Malad West, Mumbai - MPCB",11-04-2026 13:00,19.1878657,72.8304069,SO2,1.0,5.0,2.0
India,Maharashtra,Mumbai,"Mindspace-Malad West, Mumbai - MPCB",11-04-2026 13:00,19.1878657,72.8304069,CO,7.0,26.0,13.0
India,Maharashtra,Mumbai,"Mulund West, Mumbai - MPCB",11-04-2026 13:00,19.175,72.9419,NO2,24.0,36.0,29.0
India,Maharashtra,Mumbai,"Navy Nagar-Colaba, Mumbai - IITM",11-04-2026 13:00,18.897756,72.81332,PM2.5,50.0,96.0,69.0
India,Maharashtra,Mumbai,"Bandra Kurla Complex, Mumbai - IITM",11-04-2026 13:00,19.053536,72.84643,CO,10.0,66.0,32.0
India,Maharashtra,Mumbai,"Bandra Kurla Complex, Mumbai - IITM",11-04-2026 13:00,19.053536,72.84643,OZONE,5.0,49.0,25.0
India,Maharashtra,Mumbai,"Bandra Kurla Complex, Mumbai - MPCB",11-04-2026 13:00,19.065931,72.862131,PM10,107.0,136.0,120.0
India,Maharashtra,Mumbai,"Bandra Kurla Complex, Mumbai - MPCB",11-04-2026 13:00,19.065931,72.862131,NO2,13.0,26.0,20.0
India,Maharashtra,Mumbai,"Borivali East, Mumbai - IITM",11-04-2026 13:00,19.23241,72.86895,PM10,126.0,176.0,154.0
India,Maharashtra,Mumbai,"Borivali East, Mumbai - MPCB",11-04-2026 13:00,19.2243333,72.8658113,PM2.5,61.0,108.0,82.0
India,Maharashtra,Mumbai,"Chakala-Andheri East, Mumbai - IITM",11-04-2026 13:00,19.11074,72.86084,NO2,0.0,0.0,0.0
India,Maharashtra,Mumbai,"Chembur, Mumbai - MPCB",11-04-2026 13:00,19.0364585,72.8954371,NH3,8.0,10.0,9.0
India,Maharashtra,Mumbai,"Chembur, Mumbai - MPCB",11-04-2026 13:00,19.0364585,72.8954371,SO2,3.0,10.0,6.0
India,Maharashtra,Mumbai,"Chhatrapati Shivaji Intl. Airport (T2), Mumbai - MPCB",11-04-2026 13:00,19.10078,72.87462,NO2,26.0,26.0,26.0
India,Maharashtra,Mumbai,"Colaba, Mumbai - MPCB",11-04-2026 13:00,18.91,72.82,PM10,23.0,63.0,42.0
India,Maharashtra,Mumbai,"Colaba, Mumbai - MPCB",11-04-2026 13:00,18.91,72.82,CO,66.0,80.0,70.0
India,Maharashtra,Mumbai,"Deonar, Mumbai - IITM",11-04-2026 13:00,19.04946,72.923,NO2,3.0,46.0,21.0
India,Maharashtra,Mumbai,"Ghatkopar, Mumbai - BMC",11-04-2026 13:00,19.083694,72.920967,NO2,10.0,45.0,23.0
India,Maharashtra,Malegaon,"Mahesh Nagar, Malegaon - MPCB",11-04-2026 13:00,20.555712,74.529236,CO,14.0,101.0,28.0
India,Maharashtra,Mira-Bhayandar,"Bhayandar West, Mira-Bhayandar - MPCB",11-04-2026 13:00,19.296481,72.840923,PM10,84.0,131.0,104.0
India,Maharashtra,Mira-Bhayandar,"Bhayandar West, Mira-Bhayandar - MPCB",11-04-2026 13:00,19.296481,72.840923,NH3,4.0,7.0,5.0
India,Maharashtra,Mumbai,"Bandra Kurla Complex, Mumbai - IITM",11-04-2026 13:00,19.053536,72.84643,PM2.5,48.0,199.0,100.0
India,Maharashtra,Mumbai,"Bandra Kurla Complex, Mumbai - IITM",11-04-2026 13:00,19.053536,72.84643,NO2,27.0,65.0,40.0
India,Maharashtra,Mumbai,"Bandra Kurla Complex, Mumbai - IITM",11-04-2026 13:00,19.053536,72.84643,NH3,18.0,50.0,31.0
India,Maharashtra,Mumbai,"Kandivali West, Mumbai - BMC",11-04-2026 13:00,19.215859,72.831718,PM10,87.0,117.0,104.0
India,Maharashtra,Mumbai,"Kherwadi_Bandra East, Mumbai - MPCB",11-04-2026 13:00,19.0632143,72.8456324,SO2,4.0,5.0,4.0
India,Maharashtra,Mumbai,"Kherwadi_Bandra East, Mumbai - MPCB",11-04-2026 13:00,19.0632143,72.8456324,CO,15.0,28.0,19.0
India,Maharashtra,Mumbai,"Khindipada-Bhandup West, Mumbai - IITM",11-04-2026 13:00,19.1653323,72.922099,NH3,3.0,3.0,3.0
India,Maharashtra,Mumbai,"Khindipada-Bhandup West, Mumbai - IITM",11-04-2026 13:00,19.1653323,72.922099,SO2,4.0,12.0,9.0
India,Maharashtra,Nagpur,"Ambazari, Nagpur - MPCB",11-04-2026 13:00,21.121801,79.04952,PM10,73.0,108.0,91.0
India,Maharashtra,Nagpur,"Mahal, Nagpur - MPCB",11-04-2026 13:00,21.14472,79.107595,PM10,88.0,131.0,108.0
India,Maharashtra,Nagpur,"Opp GPO Civil Lines, Nagpur - MPCB",11-04-2026 13:00,21.152875,79.0517531,SO2,10.0,45.0,24.0
India,Maharashtra,Nagpur,"Opp GPO Civil Lines, Nagpur - MPCB",11-04-2026 13:00,21.152875,79.0517531,CO,10.0,110.0,26.0
India,Maharashtra,Mumbai,"Powai, Mumbai - MPCB",11-04-2026 13:00,19.1375,72.915056,SO2,3.0,9.0,6.0
India,Maharashtra,Mumbai,"Sewri, Mumbai - BMC",11-04-2026 13:00,19.000084,72.85673,NH3,6.0,11.0,8.0
India,Maharashtra,Mumbai,"Shivaji Nagar, Mumbai - BMC",11-04-2026 13:00,19.060498,72.923356,SO2,1.0,24.0,12.0
India,Maharashtra,Mumbai,"Siddharth Nagar-Worli, Mumbai - IITM",11-04-2026 13:00,19.000083,72.813993,NH3,2.0,3.0,2.0
India,Maharashtra,Mumbai,"Vile Parle West, Mumbai - MPCB",11-04-2026 13:00,19.10861,72.83622,SO2,47.0,51.0,49.0
India,Meghalaya,Shillong,"JN Stadium, Shillong - Meghalaya PCB",11-04-2026 13:00,25.5803419,91.8942571,SO2,12.0,31.0,28.0
India,Meghalaya,Shillong,"Lumpyngngad, Shillong - Meghalaya PCB",11-04-2026 13:00,25.5586,91.8985,NO2,0.0,0.0,0.0
India,Meghalaya,Shillong,"Lumpyngngad, Shillong - Meghalaya PCB",11-04-2026 13:00,25.5586,91.8985,OZONE,27.0,78.0,70.0
India,Mizoram,Aizawl,"Sikulpuikawn, Aizawl - Mizoram PCB",11-04-2026 13:00,23.7176342,92.7192841,PM2.5,47.0,67.0,54.0
India,Nagaland,Kohima,"PWD Junction, Kohima - NPCB",11-04-2026 13:00,25.6635413,94.0989878,PM2.5,16.0,54.0,29.0
India,Odisha,Angul,"Hakimapada, Angul - OSPCB",11-04-2026 13:00,20.832874,85.104082,PM2.5,42.0,361.0,191.0
India,Odisha,Angul,"Hakimapada, Angul - OSPCB",11-04-2026 13:00,20.832874,85.104082,CO,28.0,137.0,88.0
India,Odisha,Balasore,"Kalidaspur, Balasore - OSPCB",11-04-2026 13:00,21.51161,86.89088,PM2.5,35.0,87.0,58.0
India,Odisha,Balasore,"Kalidaspur, Balasore - OSPCB",11-04-2026 13:00,21.51161,86.89088,PM10,63.0,135.0,91.0
India,Odisha,Balasore,"Kalidaspur, Balasore - OSPCB",11-04-2026 13:00,21.51161,86.89088,NO2,4.0,56.0,17.0
India,Odisha,Balasore,"Kalidaspur, Balasore - OSPCB",11-04-2026 13:00,21.51161,86.89088,SO2,4.0,34.0,10.0
India,Odisha,Barbil,"Forest Office, Barbil - OSPCB",11-04-2026 13:00,22.1166054,85.3945546,PM2.5,11.0,178.0,67.0
India,Maharashtra,Navi Mumbai,"Kopripada-Vashi, Navi Mumbai - MPCB",11-04-2026 13:00,19.090337,73.014232,SO2,1.0,3.0,2.0
India,Maharashtra,Navi Mumbai,"Kopripada-Vashi, Navi Mumbai - MPCB",11-04-2026 13:00,19.090337,73.014232,CO,18.0,103.0,41.0
India,Maharashtra,Navi Mumbai,"Kopripada-Vashi, Navi Mumbai - MPCB",11-04-2026 13:00,19.090337,73.014232,OZONE,4.0,81.0,27.0
India,Maharashtra,Navi Mumbai,"Sanpada, Navi Mumbai - MPCB",11-04-2026 13:00,19.0575752,73.0151367,NO2,9.0,40.0,18.0
India,Maharashtra,Navi Mumbai,"Sanpada, Navi Mumbai - MPCB",11-04-2026 13:00,19.0575752,73.0151367,NH3,3.0,18.0,6.0
India,Maharashtra,Navi Mumbai,"Sanpada, Navi Mumbai - MPCB",11-04-2026 13:00,19.0575752,73.0151367,SO2,16.0,25.0,18.0
India,Maharashtra,Navi Mumbai,"Sanpada, Navi Mumbai - MPCB",11-04-2026 13:00,19.0575752,73.0151367,CO,2.0,62.0,20.0
India,Maharashtra,Navi Mumbai,"Sector-2E Kalamboli, Navi Mumbai - MPCB",11-04-2026 13:00,19.02579,73.10297,PM10,92.0,132.0,114.0
India,Maharashtra,Navi Mumbai,"Sector-2E Kalamboli, Navi Mumbai - MPCB",11-04-2026 13:00,19.02579,73.10297,OZONE,1.0,87.0,28.0
India,Maharashtra,Navi Mumbai,"Tondare-Taloja, Navi Mumbai - MPCB",11-04-2026 13:00,19.063,73.1209,PM10,130.0,151.0,142.0
India,Maharashtra,Navi Mumbai,"Tondare-Taloja, Navi Mumbai - MPCB",11-04-2026 13:00,19.063,73.1209,SO2,2.0,10.0,3.0
India,Maharashtra,Navi Mumbai,"Tondare-Taloja, Navi Mumbai - MPCB",11-04-2026 13:00,19.063,73.1209,OZONE,10.0,37.0,20.0
India,Maharashtra,Parbhani,"Masoom Colony, Parbhani - MPCB",11-04-2026 13:00,19.265594,76.761463,NO2,10.0,13.0,11.0
India,Maharashtra,Parbhani,"Masoom Colony, Parbhani - MPCB",11-04-2026 13:00,19.265594,76.761463,CO,8.0,14.0,11.0
India,Maharashtra,Parbhani,"Masoom Colony, Parbhani - MPCB",11-04-2026 13:00,19.265594,76.761463,OZONE,6.0,8.0,7.0
India,Maharashtra,Pimpri-Chinchwad,"Bhosari, Pune - IITM",11-04-2026 13:00,18.640051,73.848956,OZONE,3.0,50.0,29.0
India,Maharashtra,Pimpri-Chinchwad,"Bhumkar Nagar, Pune - IITM",11-04-2026 13:00,18.60577,73.749976,PM10,179.0,307.0,215.0
India,Maharashtra,Pimpri-Chinchwad,"Bhumkar Nagar, Pune - IITM",11-04-2026 13:00,18.60577,73.749976,CO,18.0,110.0,65.0
India,Maharashtra,Pimpri-Chinchwad,"Gavalinagar, Pimpri Chinchwad - MPCB",11-04-2026 13:00,18.63673,73.82487,PM10,0.0,0.0,0.0
India,Maharashtra,Pimpri-Chinchwad,"Gavalinagar, Pimpri Chinchwad - MPCB",11-04-2026 13:00,18.63673,73.82487,NO2,0.0,0.0,0.0
India,Maharashtra,Pimpri-Chinchwad,"Gavalinagar, Pimpri Chinchwad - MPCB",11-04-2026 13:00,18.63673,73.82487,SO2,0.0,0.0,0.0
India,Maharashtra,Pimpri-Chinchwad,"Gavalinagar, Pimpri Chinchwad - MPCB",11-04-2026 13:00,18.63673,73.82487,OZONE,9.0,73.0,22.0
India,Maharashtra,Pimpri-Chinchwad,"Park Street Wakad, Pimpri Chinchwad - MPCB",11-04-2026 13:00,18.59051,73.77946,NH3,2.0,4.0,3.0
India,Maharashtra,Pimpri-Chinchwad,"Savta Mali Nagar, Pimpri-Chinchwad - IITM",11-04-2026 13:00,18.614767,73.799516,OZONE,6.0,31.0,17.0
India,Maharashtra,Thane,"Upvan Fort, Thane - MPCB",11-04-2026 13:00,19.222279,72.957979,PM10,0.0,0.0,0.0
India,Maharashtra,Ulhasnagar,"Sidhi Vinayak Nagar, Ulhasnagar - MPCB",11-04-2026 13:00,19.235581,73.159121,NO2,12.0,38.0,22.0
India,Maharashtra,Ulhasnagar,"Sidhi Vinayak Nagar, Ulhasnagar - MPCB",11-04-2026 13:00,19.235581,73.159121,OZONE,7.0,77.0,36.0
India,Maharashtra,Ulhasnagar,"Vithalwadi, Ulhasnagar - MPCB",11-04-2026 13:00,19.2307571,73.155192,PM2.5,27.0,68.0,43.0
India,Maharashtra,Ulhasnagar,"Vithalwadi, Ulhasnagar - MPCB",11-04-2026 13:00,19.2307571,73.155192,SO2,2.0,12.0,5.0
India,Maharashtra,Ulhasnagar,"Vithalwadi, Ulhasnagar - MPCB",11-04-2026 13:00,19.2307571,73.155192,CO,1.0,32.0,21.0
India,Maharashtra,Virar,"Bolinj, Virar - MPCB",11-04-2026 13:00,19.445821,72.7988231,PM10,40.0,156.0,115.0
India,Maharashtra,Virar,"Bolinj, Virar - MPCB",11-04-2026 13:00,19.445821,72.7988231,SO2,1.0,10.0,5.0
India,Meghalaya,Shillong,"JN Stadium, Shillong - Meghalaya PCB",11-04-2026 13:00,25.5803419,91.8942571,PM2.5,19.0,68.0,37.0
India,Maharashtra,Nanded,"Sneh Nagar, Nanded - MPCB",11-04-2026 13:00,19.173852,77.296291,SO2,5.0,7.0,6.0
India,Maharashtra,Nashik,"Gangapur Road, Nashik - MPCB",11-04-2026 13:00,20.0073285,73.7762427,SO2,4.0,69.0,13.0
India,Maharashtra,Nashik,"Hirawadi, Nashik - MPCB",11-04-2026 13:00,20.021503,73.813844,PM10,78.0,131.0,107.0
India,Maharashtra,Nashik,"Hirawadi, Nashik - MPCB",11-04-2026 13:00,20.021503,73.813844,CO,14.0,69.0,31.0
India,Maharashtra,Nashik,"MIDC Ambad, Nashik - MPCB",11-04-2026 13:00,19.95022,73.73148,NH3,2.0,3.0,3.0
India,Maharashtra,Nashik,"Pandav Nagari, Nashik - MPCB",11-04-2026 13:00,19.9591346,73.7788008,NO2,10.0,47.0,17.0
India,Maharashtra,Nashik,"Pandav Nagari, Nashik - MPCB",11-04-2026 13:00,19.9591346,73.7788008,SO2,3.0,84.0,12.0
India,Maharashtra,Nashik,"Pandav Nagari, Nashik - MPCB",11-04-2026 13:00,19.9591346,73.7788008,OZONE,10.0,87.0,31.0
India,Maharashtra,Sangli,"Vijay Nagar, Sangli - MPCB",11-04-2026 13:00,16.5038,74.3623,CO,10.0,108.0,28.0
India,Maharashtra,Sangli,"Vijay Nagar, Sangli - MPCB",11-04-2026 13:00,16.5038,74.3623,OZONE,4.0,60.0,26.0
India,Maharashtra,Solapur,"Dnyaneshwar Nagar, Solapur - MPCB",11-04-2026 13:00,17.6336264,75.9132495,CO,9.0,44.0,22.0
India,Maharashtra,Thane,"Kasarvadavali, Thane - MPCB",11-04-2026 13:00,19.26777,72.97182,PM2.5,39.0,75.0,63.0
India,Maharashtra,Pimpri-Chinchwad,"Transport Nagar-Nigdi, Pune - IITM",11-04-2026 13:00,18.664282,73.763966,PM2.5,39.0,92.0,70.0
India,Maharashtra,Pimpri-Chinchwad,"Transport Nagar-Nigdi, Pune - IITM",11-04-2026 13:00,18.664282,73.763966,CO,13.0,74.0,60.0
India,Maharashtra,Pune,"Hadapsar, Pune - IITM",11-04-2026 13:00,18.501793,73.927532,CO,0.0,0.0,0.0
India,Maharashtra,Pune,"Mhada Colony, Pune - IITM",11-04-2026 13:00,18.57304,73.927715,NO2,9.0,65.0,38.0
India,Maharashtra,Pune,"Savitribai Phule Pune University, Pune - MPCB",11-04-2026 13:00,18.547056,73.826908,NH3,1.0,11.0,2.0
India,Maharashtra,Pune,"Savitribai Phule Pune University, Pune - MPCB",11-04-2026 13:00,18.547056,73.826908,SO2,3.0,9.0,5.0
India,Maharashtra,Sangli,"Vijay Nagar, Sangli - MPCB",11-04-2026 13:00,16.5038,74.3623,NO2,7.0,135.0,44.0
India,Maharashtra,Pune,"Panchawati_Pashan, Pune - IITM",11-04-2026 13:00,18.536457,73.805454,PM10,107.0,142.0,125.0
India,Odisha,Barbil,"Forest Office, Barbil - OSPCB",11-04-2026 13:00,22.1166054,85.3945546,OZONE,5.0,152.0,82.0
India,Odisha,Baripada,"Meher Colony, Baripada - OSPCB",11-04-2026 13:00,21.941841,86.728318,PM2.5,39.0,81.0,59.0
India,Odisha,Baripada,"Meher Colony, Baripada - OSPCB",11-04-2026 13:00,21.941841,86.728318,SO2,6.0,18.0,10.0
India,Odisha,Baripada,"Meher Colony, Baripada - OSPCB",11-04-2026 13:00,21.941841,86.728318,CO,3.0,47.0,18.0
India,Odisha,Baripada,"Meher Colony, Baripada - OSPCB",11-04-2026 13:00,21.941841,86.728318,OZONE,15.0,87.0,44.0
India,Odisha,Bhubaneswar,"Lingraj Mandir, Bhubaneswar - OSPCB",11-04-2026 13:00,20.24079,85.836784,OZONE,2.0,86.0,30.0
India,Odisha,Bhubaneswar,"Patia, Bhubaneswar - OSPCB",11-04-2026 13:00,20.34652,85.8163,PM10,37.0,117.0,76.0
India,Odisha,Bhubaneswar,"Patia, Bhubaneswar - OSPCB",11-04-2026 13:00,20.34652,85.8163,NO2,5.0,18.0,9.0
India,Odisha,Brajrajnagar,"GM Office, Brajrajnagar - OSPCB",11-04-2026 13:00,21.8004996,83.8396977,PM10,39.0,177.0,97.0
India,Odisha,Brajrajnagar,"GM Office, Brajrajnagar - OSPCB",11-04-2026 13:00,21.8004996,83.8396977,CO,3.0,56.0,31.0
India,Punjab,Rupnagar,"Ratanpura, Rupnagar - Ambuja Cements",11-04-2026 13:00,31.0325454,76.5623046,PM10,16.0,27.0,21.0
India,Punjab,Rupnagar,"Ratanpura, Rupnagar - Ambuja Cements",11-04-2026 13:00,31.0325454,76.5623046,CO,28.0,40.0,36.0
India,Rajasthan,Ajmer,"Civil Lines,  Ajmer - RSPCB",11-04-2026 13:00,26.470859,74.646594,NH3,3.0,4.0,4.0
India,Rajasthan,Alwar,"Moti Doongri, Alwar - RSPCB",11-04-2026 13:00,27.554793,76.611536,PM2.5,37.0,73.0,53.0
India,Rajasthan,Banswara,"Rati Talai, Banswara - RSPCB",11-04-2026 13:00,23.55519,74.44001,SO2,3.0,41.0,10.0
India,Rajasthan,Baran,"Bamboliya, Baran - RSPCB",11-04-2026 13:00,25.106006,76.469948,PM2.5,2.0,85.0,28.0
India,Rajasthan,Baran,"Bamboliya, Baran - RSPCB",11-04-2026 13:00,25.106006,76.469948,PM10,42.0,131.0,91.0
India,Rajasthan,Baran,"Bamboliya, Baran - RSPCB",11-04-2026 13:00,25.106006,76.469948,NO2,7.0,107.0,38.0
India,Rajasthan,Baran,"Bamboliya, Baran - RSPCB",11-04-2026 13:00,25.106006,76.469948,CO,12.0,44.0,25.0
India,Puducherry,Puducherry,"Jawahar Nagar, Puducherry - PPCC",11-04-2026 13:00,11.9309,79.8027,PM2.5,17.0,48.0,27.0
India,Punjab,Amritsar,"Golden Temple, Amritsar - PPCB",11-04-2026 13:00,31.62,74.876512,NO2,8.0,11.0,10.0
India,Punjab,Amritsar,"Golden Temple, Amritsar - PPCB",11-04-2026 13:00,31.62,74.876512,NH3,5.0,6.0,5.0
India,Punjab,Bathinda,"Hardev Nagar, Bathinda - PPCB",11-04-2026 13:00,30.233011,74.907758,SO2,10.0,10.0,10.0
India,Punjab,Jalandhar,"Civil Line, Jalandhar - PPCB",11-04-2026 13:00,31.321907,75.578914,SO2,18.0,19.0,19.0
India,Punjab,Khanna,"Kalal Majra, Khanna - PPCB",11-04-2026 13:00,30.736056,76.209694,PM10,35.0,78.0,54.0
India,Odisha,Rourkela,"Raghunathpali, Rourkela - OSPCB",11-04-2026 13:00,22.220833,84.809444,NO2,15.0,15.0,15.0
India,Odisha,Rourkela,"Sector-2, Rourkela - OSPCB",11-04-2026 13:00,22.245,84.88111111,NO2,9.0,9.0,9.0
India,Odisha,Talcher,"Talcher Coalfields,Talcher - OSPCB",11-04-2026 13:00,20.9360711,85.1707021,PM2.5,17.0,106.0,57.0
India,Odisha,Talcher,"Talcher Coalfields,Talcher - OSPCB",11-04-2026 13:00,20.9360711,85.1707021,PM10,50.0,174.0,94.0
India,Odisha,Talcher,"Talcher Coalfields,Talcher - OSPCB",11-04-2026 13:00,20.9360711,85.1707021,NH3,4.0,4.0,4.0
India,Odisha,Talcher,"Talcher Coalfields,Talcher - OSPCB",11-04-2026 13:00,20.9360711,85.1707021,OZONE,26.0,55.0,44.0
India,Odisha,Tensa,"Barsua Iron Ore Mines, Tensa - OSPCB",11-04-2026 13:00,21.869985,85.167016,CO,15.0,54.0,50.0
India,Rajasthan,Bikaner,"MM Ground, Bikaner - RSPCB",11-04-2026 13:00,28.018792,73.292658,NO2,8.0,129.0,40.0
India,Rajasthan,Bikaner,"MM Ground, Bikaner - RSPCB",11-04-2026 13:00,28.018792,73.292658,CO,12.0,170.0,29.0
India,Rajasthan,Bundi,"New Colony, Bundi - RSPCB",11-04-2026 13:00,25.435774,75.644272,PM10,40.0,168.0,78.0
India,Rajasthan,Churu,"Subash Chowk, Churu - RSPCB",11-04-2026 13:00,28.296139,74.961696,PM10,50.0,167.0,112.0
India,Rajasthan,Churu,"Subash Chowk, Churu - RSPCB",11-04-2026 13:00,28.296139,74.961696,NO2,9.0,49.0,23.0
India,Rajasthan,Churu,"Subash Chowk, Churu - RSPCB",11-04-2026 13:00,28.296139,74.961696,NH3,3.0,10.0,5.0
India,Rajasthan,Dausa,"Khatikan Mohalla, Dausa - RSPCB",11-04-2026 13:00,26.895552,76.334753,PM10,39.0,153.0,90.0
India,Odisha,Byasanagar,"Ferro Chrome Colony, Byasanagar - OSPCB",11-04-2026 13:00,20.94185,86.1151,OZONE,7.0,203.0,203.0
India,Odisha,Nayagarh,"Dabuna, Nayagarh - OSPCB",11-04-2026 13:00,21.847279,85.416905,SO2,7.0,13.0,8.0
India,Odisha,Nayagarh,"Dabuna, Nayagarh - OSPCB",11-04-2026 13:00,21.847279,85.416905,CO,2.0,20.0,15.0
India,Odisha,Rairangpur,"Divisional Forest Office, Rairangpur - OSPCB",11-04-2026 13:00,22.265816,86.174829,PM2.5,13.0,65.0,33.0
India,Odisha,Rairangpur,"Divisional Forest Office, Rairangpur - OSPCB",11-04-2026 13:00,22.265816,86.174829,PM10,34.0,103.0,65.0
India,Odisha,Rairangpur,"Divisional Forest Office, Rairangpur - OSPCB",11-04-2026 13:00,22.265816,86.174829,NO2,10.0,11.0,11.0
India,Rajasthan,Bharatpur,"Krishna Nagar, Bharatpur - RSPCB",11-04-2026 13:00,27.215415,77.50873,NH3,6.0,9.0,7.0
India,Rajasthan,Bhilwara,"Pratap Nagar, Bhilwara - RSPCB",11-04-2026 13:00,25.339605,74.618883,SO2,5.0,41.0,19.0
India,Rajasthan,Bhiwadi,"RIICO Ind. Area III, Bhiwadi - RSPCB",11-04-2026 13:00,28.194909,76.862296,NO2,19.0,65.0,39.0
India,Rajasthan,Bhiwadi,"Vasundhara Nagar_UIT, Bhiwadi - RSPCB",11-04-2026 13:00,28.207266,76.829265,NO2,13.0,72.0,31.0
India,Rajasthan,Bhiwadi,"Vasundhara Nagar_UIT, Bhiwadi - RSPCB",11-04-2026 13:00,28.207266,76.829265,CO,15.0,38.0,23.0
India,Rajasthan,Dausa,"Khatikan Mohalla, Dausa - RSPCB",11-04-2026 13:00,26.895552,76.334753,OZONE,10.0,140.0,85.0
India,Rajasthan,Dholpur,"Raja Ganj, Dholpur - RSPCB",11-04-2026 13:00,26.699557,77.898881,PM2.5,41.0,95.0,62.0
India,Punjab,Ludhiana,"Punjab Agricultural University, Ludhiana - PPCB",11-04-2026 13:00,30.9028,75.8086,PM2.5,46.0,64.0,51.0
India,Rajasthan,Kota,"Dhanmandi, Kota - RSPCB",11-04-2026 13:00,25.16409,75.858137,NO2,23.0,129.0,62.0
India,Rajasthan,Kota,"Dhanmandi, Kota - RSPCB",11-04-2026 13:00,25.16409,75.858137,CO,10.0,108.0,24.0
India,Rajasthan,Kota,"Nayapura, Kota - RSPCB",11-04-2026 13:00,25.196024,75.855668,NO2,14.0,114.0,61.0
India,Rajasthan,Kota,"Nayapura, Kota - RSPCB",11-04-2026 13:00,25.196024,75.855668,NH3,3.0,7.0,5.0
India,Rajasthan,Kota,"Shrinath Puram, Kota - RSPCB",11-04-2026 13:00,25.14389,75.821256,PM2.5,66.0,152.0,100.0
India,Rajasthan,Kota,"Shrinath Puram, Kota - RSPCB",11-04-2026 13:00,25.14389,75.821256,NO2,5.0,19.0,11.0
India,Rajasthan,Jhunjhunu,"Indra Nagar, Jhunjhunu - RSPCB",11-04-2026 13:00,28.108988,75.386577,PM10,43.0,157.0,99.0
India,Rajasthan,Jodhpur,"Collectorate, Jodhpur - RSPCB",11-04-2026 13:00,26.268249,73.0193853,PM2.5,38.0,454.0,133.0
India,Rajasthan,Jodhpur,"Collectorate, Jodhpur - RSPCB",11-04-2026 13:00,26.268249,73.0193853,OZONE,9.0,93.0,56.0
India,Rajasthan,Jodhpur,"Digari Kalan, Jodhpur - RSPCB",11-04-2026 13:00,26.29581,73.082283,PM10,70.0,400.0,151.0
India,Rajasthan,Jaisalmer,"Sadar Bazar, Jaisalmer - RSPCB",11-04-2026 13:00,26.912329,70.909168,NH3,13.0,23.0,17.0
India,Rajasthan,Jaisalmer,"Sadar Bazar, Jaisalmer - RSPCB",11-04-2026 13:00,26.912329,70.909168,CO,12.0,78.0,19.0
India,Rajasthan,Jalore,"Mudtra Sili, Jalore - RSPCB",11-04-2026 13:00,25.344694,72.626208,OZONE,6.0,112.0,68.0
India,Rajasthan,Jhalawar,"Rajlaxmi Nagar, Jhalawar - RSPCB",11-04-2026 13:00,24.588397,76.172782,OZONE,1.0,138.0,74.0
India,Rajasthan,Jaipur,"Mansarovar Sector-12, Jaipur - RSPCB",11-04-2026 13:00,26.843698,75.766894,CO,6.0,55.0,10.0
India,Rajasthan,Jaipur,"Shastri Nagar, Jaipur - RSPCB",11-04-2026 13:00,26.9502929,75.730943,NO2,34.0,101.0,61.0
India,Rajasthan,Jaipur,"Shastri Nagar, Jaipur - RSPCB",11-04-2026 13:00,26.9502929,75.730943,CO,21.0,120.0,39.0
India,Rajasthan,Jaipur,"Shastri Nagar, Jaipur - RSPCB",11-04-2026 13:00,26.9502929,75.730943,OZONE,13.0,58.0,32.0
India,Rajasthan,Jodhpur,"Mandor, Jodhpur - RSPCB",11-04-2026 13:00,26.358805,73.047444,NH3,3.0,6.0,4.0
India,Rajasthan,Jodhpur,"Samrat Ashok Udhyan, Jodhpur - RSPCB",11-04-2026 13:00,26.253384,72.976571,PM10,59.0,234.0,111.0
India,Rajasthan,Jodhpur,"Samrat Ashok Udhyan, Jodhpur - RSPCB",11-04-2026 13:00,26.253384,72.976571,SO2,1.0,8.0,4.0
India,Rajasthan,Jodhpur,"Samrat Ashok Udhyan, Jodhpur - RSPCB",11-04-2026 13:00,26.253384,72.976571,CO,6.0,42.0,30.0
India,Rajasthan,Hanumangarh,"Housing Board, Hanumangarh - RSPCB",11-04-2026 13:00,29.61075,74.283608,PM10,53.0,268.0,104.0
India,Rajasthan,Hanumangarh,"Housing Board, Hanumangarh - RSPCB",11-04-2026 13:00,29.61075,74.283608,NO2,9.0,65.0,23.0
India,Rajasthan,Jaisalmer,"Sadar Bazar, Jaisalmer - RSPCB",11-04-2026 13:00,26.912329,70.909168,NO2,14.0,78.0,25.0
India,Rajasthan,Jaipur,"Adarsh Nagar, Jaipur - RSPCB",11-04-2026 13:00,26.902909,75.836858,NO2,19.0,106.0,54.0
India,Rajasthan,Dungarpur,"Bhoiwada, Dungarpur - RSPCB",11-04-2026 13:00,23.837789,73.714926,NH3,14.0,19.0,17.0
India,TamilNadu,Perundurai,"SIPCOT Industrial Park, Perundurai - TNPCB",11-04-2026 13:00,11.258242,77.552761,NO2,11.0,16.0,12.0
India,TamilNadu,Perundurai,"SIPCOT Industrial Park, Perundurai - TNPCB",11-04-2026 13:00,11.258242,77.552761,SO2,15.0,17.0,16.0
India,Telangana,Hyderabad,"Central University, Hyderabad - TSPCB",11-04-2026 13:00,17.460103,78.334361,PM10,19.0,38.0,28.0
India,Telangana,Hyderabad,"Central University, Hyderabad - TSPCB",11-04-2026 13:00,17.460103,78.334361,NH3,3.0,7.0,5.0
India,Telangana,Hyderabad,"Central University, Hyderabad - TSPCB",11-04-2026 13:00,17.460103,78.334361,SO2,6.0,17.0,11.0
India,Telangana,Hyderabad,"ECIL Kapra, Hyderabad - TSPCB",11-04-2026 13:00,17.470431,78.566959,PM2.5,52.0,77.0,62.0
India,Telangana,Hyderabad,"ECIL Kapra, Hyderabad - TSPCB",11-04-2026 13:00,17.470431,78.566959,CO,19.0,32.0,27.0
India,Telangana,Hyderabad,"ICRISAT Patancheru, Hyderabad - TSPCB",11-04-2026 13:00,17.5184,78.278777,NO2,2.0,18.0,9.0
India,Telangana,Hyderabad,"ICRISAT Patancheru, Hyderabad - TSPCB",11-04-2026 13:00,17.5184,78.278777,CO,36.0,117.0,45.0
India,Sikkim,Gangtok,"Zero Point GICI, Gangtok - SSPCB",11-04-2026 13:00,27.33853,88.614099,SO2,1.0,1.0,1.0
India,TamilNadu,Chennai,"Arumbakkam, Chennai - TNPCB",11-04-2026 13:00,13.0664,80.2112,NH3,2.0,2.0,2.0
India,TamilNadu,Chennai,"Kodungaiyur, Chennai - TNPCB",11-04-2026 13:00,13.1278,80.2642,PM2.5,19.0,52.0,40.0
India,TamilNadu,Chennai,"Kodungaiyur, Chennai - TNPCB",11-04-2026 13:00,13.1278,80.2642,NH3,3.0,5.0,4.0
India,TamilNadu,Chennai,"Kodungaiyur, Chennai - TNPCB",11-04-2026 13:00,13.1278,80.2642,OZONE,25.0,34.0,31.0
India,TamilNadu,Chennai,"Manali Village, Chennai - TNPCB",11-04-2026 13:00,13.1662,80.2584,PM2.5,4.0,48.0,27.0
India,TamilNadu,Chennai,"Manali, Chennai - CPCB",11-04-2026 13:00,13.164544,80.26285,PM10,31.0,88.0,57.0
India,TamilNadu,Gummidipoondi,"Anthoni Pillai Nagar, Gummidipoondi - TNPCB",11-04-2026 13:00,13.4127,80.1081,NH3,1.0,1.0,1.0
India,TamilNadu,Madurai,"Uchapatti, Madurai - TNPCB",11-04-2026 13:00,9.865935,78.022669,PM10,0.0,0.0,0.0
India,TamilNadu,Madurai,"Uchapatti, Madurai - TNPCB",11-04-2026 13:00,9.865935,78.022669,SO2,0.0,0.0,0.0
India,TamilNadu,Ooty,"Bombay Castel, Ooty - TNPCB",11-04-2026 13:00,11.4068288,76.7138973,NO2,2.0,5.0,3.0
India,TamilNadu,Ooty,"Bombay Castel, Ooty - TNPCB",11-04-2026 13:00,11.4068288,76.7138973,SO2,2.0,4.0,3.0
India,Rajasthan,Sri Ganganagar,"Old City, Sri Ganganagar - RSPCB",11-04-2026 13:00,29.931624,73.864511,PM2.5,19.0,50.0,31.0
India,Rajasthan,Sri Ganganagar,"Old City, Sri Ganganagar - RSPCB",11-04-2026 13:00,29.931624,73.864511,PM10,0.0,0.0,0.0
India,Rajasthan,Sri Ganganagar,"Old City, Sri Ganganagar - RSPCB",11-04-2026 13:00,29.931624,73.864511,NO2,5.0,31.0,13.0
India,Rajasthan,Sri Ganganagar,"Old City, Sri Ganganagar - RSPCB",11-04-2026 13:00,29.931624,73.864511,SO2,3.0,8.0,4.0
India,TamilNadu,Chennai,"Manali, Chennai - CPCB",11-04-2026 13:00,13.164544,80.26285,CO,11.0,88.0,40.0
India,TamilNadu,Chennai,"Perungudi, Chennai - TNPCB",11-04-2026 13:00,12.9533,80.2357,NO2,3.0,7.0,4.0
India,TamilNadu,Chennai,"Perungudi, Chennai - TNPCB",11-04-2026 13:00,12.9533,80.2357,OZONE,1.0,3.0,2.0
India,Rajasthan,Udaipur,"Ashok Nagar, Udaipur - RSPCB",11-04-2026 13:00,24.5886166,73.6321397,NO2,2.0,78.0,38.0
India,Sikkim,Gangtok,"Zero Point GICI, Gangtok - SSPCB",11-04-2026 13:00,27.33853,88.614099,PM10,13.0,41.0,24.0
India,Rajasthan,Pratapgarh,"Pragati Nagar, Pratapgarh - RSPCB",11-04-2026 13:00,24.041198,74.780702,SO2,2.0,53.0,6.0
India,Rajasthan,Sawai Madhopur,"Sahu Nagar, Sawai Madhopur - RSPCB",11-04-2026 13:00,26.031443,76.359327,PM2.5,0.0,0.0,0.0
India,Rajasthan,Nagaur,"Karni Colony, Nagaur - RSPCB",11-04-2026 13:00,27.213494,73.734444,OZONE,19.0,116.0,67.0
India,Rajasthan,Pratapgarh,"Pragati Nagar, Pratapgarh - RSPCB",11-04-2026 13:00,24.041198,74.780702,PM2.5,10.0,120.0,42.0
India,TamilNadu,Coimbatore,"PSG College of Arts and Science, Coimbatore - TNPCB",11-04-2026 13:00,11.0328,77.0349,NH3,1.0,1.0,1.0
India,Uttar_Pradesh,Agra,"Shahjahan Garden, Agra - UPPCB",11-04-2026 13:00,27.169338,78.03582,SO2,70.0,82.0,76.0
India,Uttar_Pradesh,Agra,"Shahjahan Garden, Agra - UPPCB",11-04-2026 13:00,27.169338,78.03582,CO,4.0,10.0,5.0
India,Uttar_Pradesh,Agra,"Shastripuram, Agra - UPPCB",11-04-2026 13:00,27.19862,77.92066,CO,7.0,12.0,10.0
India,Uttar_Pradesh,Agra,"Shastripuram, Agra - UPPCB",11-04-2026 13:00,27.19862,77.92066,OZONE,11.0,13.0,12.0
India,Uttar_Pradesh,Baghpat,"Sardar Patel Inter College, Baghpat - UPPCB",11-04-2026 13:00,28.964949,77.278761,PM10,105.0,157.0,132.0
India,Uttar_Pradesh,Baghpat,"Sardar Patel Inter College, Baghpat - UPPCB",11-04-2026 13:00,28.964949,77.278761,CO,43.0,168.0,91.0
India,Uttar_Pradesh,Bareilly,"Civil Lines, Bareilly - UPPCB",11-04-2026 13:00,28.359581,79.414455,CO,33.0,52.0,38.0
India,Uttar_Pradesh,Bareilly,"Rajendra Nagar, Bareilly - UPPCB",11-04-2026 13:00,28.38910936,79.42963708,NH3,1.0,1.0,1.0
India,Uttar_Pradesh,Bulandshahr,"Yamunapuram, Bulandshahr - UPPCB",11-04-2026 13:00,28.406963,77.849831,PM10,73.0,308.0,166.0
India,Uttar_Pradesh,Bulandshahr,"Yamunapuram, Bulandshahr - UPPCB",11-04-2026 13:00,28.406963,77.849831,CO,1.0,62.0,21.0
India,Uttar_Pradesh,Firozabad,"Nagla Bhau, Firozabad - UPPCB",11-04-2026 13:00,27.168897,78.37696,OZONE,9.0,31.0,11.0
India,Uttar_Pradesh,Firozabad,"Vibhab Nagar, Firozabad - UPPCB",11-04-2026 13:00,27.1594,78.3953,SO2,3.0,4.0,3.0
India,Uttar_Pradesh,Firozabad,"Vibhab Nagar, Firozabad - UPPCB",11-04-2026 13:00,27.1594,78.3953,CO,13.0,17.0,15.0
India,Uttar_Pradesh,Ghaziabad,"Indirapuram, Ghaziabad - UPPCB",11-04-2026 13:00,28.646233,77.358075,PM2.5,12.0,83.0,62.0
India,Uttar_Pradesh,Ghaziabad,"Indirapuram, Ghaziabad - UPPCB",11-04-2026 13:00,28.646233,77.358075,NO2,15.0,55.0,34.0
India,Telangana,Hyderabad,"IITH Kandi, Hyderabad - TSPCB",11-04-2026 13:00,17.585705,78.126199,CO,18.0,64.0,34.0
India,Telangana,Hyderabad,"IITH Kandi, Hyderabad - TSPCB",11-04-2026 13:00,17.585705,78.126199,OZONE,25.0,33.0,31.0
India,Telangana,Hyderabad,"Kokapet, Hyderabad - TSPCB",11-04-2026 13:00,17.393559,78.339194,NH3,2.0,3.0,2.0
India,Telangana,Hyderabad,"Nacharam_TSIIC IALA, Hyderabad - TSPCB",11-04-2026 13:00,17.429398,78.569354,SO2,10.0,17.0,12.0
India,Telangana,Hyderabad,"New Malakpet, Hyderabad - TSPCB",11-04-2026 13:00,17.37206,78.50864,PM10,72.0,112.0,88.0
India,Telangana,Hyderabad,"New Malakpet, Hyderabad - TSPCB",11-04-2026 13:00,17.37206,78.50864,OZONE,14.0,49.0,27.0
India,Uttar_Pradesh,Ghaziabad,"Loni, Ghaziabad - UPPCB",11-04-2026 13:00,28.757294,77.278792,NH3,1.0,3.0,2.0
India,Uttar_Pradesh,Ghaziabad,"Sanjay Nagar, Ghaziabad - UPPCB",11-04-2026 13:00,28.685382,77.453839,PM10,90.0,165.0,125.0
India,Uttar_Pradesh,Ghaziabad,"Sanjay Nagar, Ghaziabad - UPPCB",11-04-2026 13:00,28.685382,77.453839,NO2,26.0,70.0,39.0
India,Uttar_Pradesh,Ghaziabad,"Sanjay Nagar, Ghaziabad - UPPCB",11-04-2026 13:00,28.685382,77.453839,NH3,6.0,7.0,6.0
India,Uttar_Pradesh,Ghaziabad,"Sanjay Nagar, Ghaziabad - UPPCB",11-04-2026 13:00,28.685382,77.453839,SO2,9.0,49.0,22.0
India,Uttar_Pradesh,Ghaziabad,"Vasundhara, Ghaziabad - UPPCB",11-04-2026 13:00,28.6603346,77.3572563,PM10,0.0,0.0,0.0
India,Uttar_Pradesh,Ghaziabad,"Vasundhara, Ghaziabad - UPPCB",11-04-2026 13:00,28.6603346,77.3572563,NH3,0.0,0.0,0.0
India,Telangana,Hyderabad,"Sanathnagar, Hyderabad - TSPCB",11-04-2026 13:00,17.4559458,78.4332152,CO,40.0,50.0,48.0
India,Telangana,Hyderabad,"Somajiguda, Hyderabad - TSPCB",11-04-2026 13:00,17.417094,78.457437,PM10,80.0,94.0,86.0
India,Telangana,Hyderabad,"Somajiguda, Hyderabad - TSPCB",11-04-2026 13:00,17.417094,78.457437,NO2,16.0,20.0,20.0
India,Telangana,Hyderabad,"Zoo Park, Hyderabad - TSPCB",11-04-2026 13:00,17.349694,78.451437,PM10,95.0,157.0,126.0
India,Uttar_Pradesh,Agra,"Rohta, Agra - UPPCB",11-04-2026 13:00,27.106972,78.000111,PM10,61.0,176.0,113.0
India,Uttar_Pradesh,Agra,"Sanjay Palace, Agra - UPPCB",11-04-2026 13:00,27.19865833,78.00598056,SO2,17.0,18.0,17.0
India,Uttar_Pradesh,Agra,"Sector-3B Avas Vikas Colony, Agra - UPPCB",11-04-2026 13:00,27.19412,77.96237,PM10,75.0,167.0,123.0
India,Uttar_Pradesh,Gorakhpur,"Madan Mohan Malaviya University of Technology, Gorakhpur - UPPCB",11-04-2026 13:00,26.730136,83.433859,NH3,1.0,1.0,1.0
India,Uttar_Pradesh,Greater Noida,"Knowledge Park - III, Greater Noida - UPPCB",11-04-2026 13:00,28.47272,77.482,PM10,82.0,172.0,128.0
India,Uttar_Pradesh,Ghaziabad,"Ved Vihar-Loni, Ghaziabad - UPPCB",11-04-2026 13:00,28.739153,77.273668,NH3,18.0,26.0,22.0
India,Uttar_Pradesh,Ghaziabad,"Ved Vihar-Loni, Ghaziabad - UPPCB",11-04-2026 13:00,28.739153,77.273668,SO2,4.0,5.0,4.0
India,Uttar_Pradesh,Agra,"Manoharpur, Agra - UPPCB",11-04-2026 13:00,27.23711,78.01936,NO2,20.0,22.0,20.0
India,Uttar_Pradesh,Agra,"Manoharpur, Agra - UPPCB",11-04-2026 13:00,27.23711,78.01936,SO2,10.0,24.0,12.0
India,Uttar_Pradesh,Meerut,"Pallavpuram Phase 2, Meerut - UPPCB",11-04-2026 13:00,29.06351,77.709723,CO,12.0,50.0,20.0
India,Uttar_Pradesh,Meerut,"Pallavpuram Phase 2, Meerut - UPPCB",11-04-2026 13:00,29.06351,77.709723,OZONE,34.0,108.0,70.0
India,Uttar_Pradesh,Modinagar,"SRM University, Modinagar - UPPCB",11-04-2026 13:00,28.798171,77.540243,NH3,3.0,3.0,3.0
India,Uttar_Pradesh,Modinagar,"SRM University, Modinagar - UPPCB",11-04-2026 13:00,28.798171,77.540243,CO,36.0,60.0,50.0
India,Uttar_Pradesh,Moradabad,"Buddhi Vihar, Moradabad - UPPCB",11-04-2026 13:00,28.83526,78.7446,PM2.5,4.0,41.0,23.0
India,Uttar_Pradesh,Moradabad,"Buddhi Vihar, Moradabad - UPPCB",11-04-2026 13:00,28.83526,78.7446,PM10,30.0,89.0,55.0
India,Uttar_Pradesh,Moradabad,"Buddhi Vihar, Moradabad - UPPCB",11-04-2026 13:00,28.83526,78.7446,NH3,5.0,5.0,5.0
India,Uttar_Pradesh,Moradabad,"Buddhi Vihar, Moradabad - UPPCB",11-04-2026 13:00,28.83526,78.7446,SO2,22.0,26.0,23.0
India,Uttar_Pradesh,Moradabad,"Eco Herbal Park, Moradabad - UPPCB",11-04-2026 13:00,28.840739,78.697531,SO2,5.0,20.0,14.0
India,Uttar_Pradesh,Moradabad,"Eco Herbal Park, Moradabad - UPPCB",11-04-2026 13:00,28.840739,78.697531,CO,11.0,35.0,28.0
India,Uttar_Pradesh,Moradabad,"Eco Herbal Park, Moradabad - UPPCB",11-04-2026 13:00,28.840739,78.697531,OZONE,48.0,127.0,74.0
India,Uttar_Pradesh,Moradabad,"Employment Office, Moradabad - UPPCB",11-04-2026 13:00,28.88528,78.7388,OZONE,17.0,33.0,21.0
India,Uttar_Pradesh,Lucknow,"Lalbagh, Lucknow - CPCB",11-04-2026 13:00,26.8458805,80.9365541,SO2,3.0,20.0,9.0
India,Uttar_Pradesh,Lucknow,"Talkatora District Industries Center, Lucknow - CPCB",11-04-2026 13:00,26.83399722,80.8917361,NH3,12.0,12.0,12.0
India,Uttar_Pradesh,Lucknow,"Talkatora District Industries Center, Lucknow - CPCB",11-04-2026 13:00,26.83399722,80.8917361,SO2,3.0,22.0,10.0
India,Uttar_Pradesh,Meerut,"Jai Bhim Nagar, Meerut - UPPCB",11-04-2026 13:00,28.9535882,77.7622941,PM2.5,3.0,37.0,25.0
India,Uttar_Pradesh,Meerut,"Pallavpuram Phase 2, Meerut - UPPCB",11-04-2026 13:00,29.06351,77.709723,PM2.5,17.0,113.0,51.0
India,Uttar_Pradesh,Meerut,"Pallavpuram Phase 2, Meerut - UPPCB",11-04-2026 13:00,29.06351,77.709723,NO2,24.0,58.0,35.0
India,Uttar_Pradesh,Jhansi,"Shivaji Nagar, Jhansi - UPPCB",11-04-2026 13:00,25.4547,78.6039,OZONE,3.0,26.0,4.0
India,Uttar_Pradesh,Kanpur,"FTI Kidwai Nagar, Kanpur - UPPCB",11-04-2026 13:00,26.428282,80.327067,PM2.5,7.0,106.0,39.0
India,Uttar_Pradesh,Kanpur,"NSI Kalyanpur, Kanpur - UPPCB",11-04-2026 13:00,26.509954,80.249612,CO,15.0,30.0,23.0
India,Uttar_Pradesh,Hapur,"Anand Vihar, Hapur - UPPCB",11-04-2026 13:00,28.725645,77.749675,NH3,9.0,16.0,11.0
India,Uttar_Pradesh,Hapur,"Anand Vihar, Hapur - UPPCB",11-04-2026 13:00,28.725645,77.749675,CO,27.0,86.0,59.0
India,Uttar_Pradesh,Jhansi,"Shivaji Nagar, Jhansi - UPPCB",11-04-2026 13:00,25.4547,78.6039,PM10,36.0,121.0,63.0
India,Uttar_Pradesh,Lucknow,"Kendriya Vidyalaya, Lucknow - CPCB",11-04-2026 13:00,26.906111,80.948222,PM10,75.0,112.0,97.0
India,Uttar_Pradesh,Lucknow,"Kukrail Picnic Spot-1, Lucknow - UPPCB",11-04-2026 13:00,26.90723,80.98579,PM2.5,25.0,90.0,54.0
India,Uttar_Pradesh,Moradabad,"Kashiram Nagar, Moradabad - UPPCB",11-04-2026 13:00,28.849399,78.742362,NO2,25.0,25.0,25.0
India,Uttar_Pradesh,Moradabad,"Kashiram Nagar, Moradabad - UPPCB",11-04-2026 13:00,28.849399,78.742362,NH3,4.0,4.0,4.0
India,Uttar_Pradesh,Greater Noida,"Knowledge Park - V, Greater Noida - UPPCB",11-04-2026 13:00,28.557054,77.453663,NO2,38.0,76.0,53.0
India,Uttar_Pradesh,Greater Noida,"Knowledge Park - V, Greater Noida - UPPCB",11-04-2026 13:00,28.557054,77.453663,SO2,11.0,36.0,21.0
India,Uttar_Pradesh,Lucknow,"Gomti Nagar, Lucknow - UPPCB",11-04-2026 13:00,26.86812,81.005119,PM2.5,60.0,183.0,95.0
India,Uttar_Pradesh,Khora,"Prashant Garden, Khora - UPPCB",11-04-2026 13:00,28.61119,77.34206,OZONE,41.0,105.0,64.0
India,West_Bengal,Durgapur,"PCBL Residential Complex, Durgapur - WBPCB",11-04-2026 13:00,23.508764,87.35444,SO2,5.0,22.0,8.0
India,West_Bengal,Durgapur,"Womens College_City Center, Durgapur - WBPCB",11-04-2026 13:00,23.549395,87.300496,SO2,27.0,28.0,28.0
India,West_Bengal,Durgapur,"Womens College_City Center, Durgapur - WBPCB",11-04-2026 13:00,23.549395,87.300496,CO,14.0,57.0,39.0
India,West_Bengal,Haldia,"Priyambada Housing Estate, Haldia - WBPCB",11-04-2026 13:00,22.06047,88.109737,PM2.5,14.0,121.0,63.0
India,West_Bengal,Howrah,"Botanical Garden, Howrah - WBPCB",11-04-2026 13:00,22.554954,88.292568,PM10,50.0,225.0,105.0
India,West_Bengal,Howrah,"Botanical Garden, Howrah - WBPCB",11-04-2026 13:00,22.554954,88.292568,NO2,5.0,35.0,15.0
India,West_Bengal,Howrah,"Dasnagar, Howrah - WBPCB",11-04-2026 13:00,22.6025571,88.3105664,PM2.5,18.0,207.0,65.0
India,Uttar_Pradesh,Varanasi,"Bhelupur, Varanasi - UPPCB",11-04-2026 13:00,25.301778,82.996789,PM2.5,19.0,69.0,40.0
India,Uttar_Pradesh,Varanasi,"IESD Banaras Hindu University, Varanasi - UPPCB",11-04-2026 13:00,25.262326,82.995408,SO2,21.0,50.0,42.0
India,Uttar_Pradesh,Varanasi,"IESD Banaras Hindu University, Varanasi - UPPCB",11-04-2026 13:00,25.262326,82.995408,OZONE,3.0,16.0,6.0
India,Uttar_Pradesh,Varanasi,"Maldahiya, Varanasi - UPPCB",11-04-2026 13:00,25.32393,82.99687,PM2.5,24.0,72.0,45.0
India,Uttar_Pradesh,Varanasi,"Maldahiya, Varanasi - UPPCB",11-04-2026 13:00,25.32393,82.99687,OZONE,4.0,17.0,8.0
India,Uttar_Pradesh,Vrindavan,"Omex Eternity, Vrindavan - UPPCB",11-04-2026 13:00,27.571409,77.655757,PM2.5,13.0,51.0,29.0
India,Uttar_Pradesh,Noida,"Sector-116, Noida - UPPCB",11-04-2026 13:00,28.56923,77.393848,CO,12.0,65.0,40.0
India,Uttar_Pradesh,Prayagraj,"Nagar Nigam, Prayagraj - UPPCB",11-04-2026 13:00,25.44919916,81.82735986,NH3,4.0,7.0,5.0
India,Uttar_Pradesh,Raebareli," Indira Nagar, Raebareli - NTPC Unchahar",11-04-2026 13:00,26.207781,81.245571,PM10,0.0,0.0,0.0
India,Uttar_Pradesh,Raebareli," Indira Nagar, Raebareli - NTPC Unchahar",11-04-2026 13:00,26.207781,81.245571,NO2,0.0,0.0,0.0
India,Uttar_Pradesh,Raebareli," Indira Nagar, Raebareli - NTPC Unchahar",11-04-2026 13:00,26.207781,81.245571,OZONE,54.0,142.0,89.0
India,West_Bengal,Barrackpore,"SVSPA Campus, Barrackpore - WBPCB",11-04-2026 13:00,22.7605581,88.3617589,PM10,47.0,147.0,95.0
India,West_Bengal,Barrackpore,"SVSPA Campus, Barrackpore - WBPCB",11-04-2026 13:00,22.7605581,88.3617589,SO2,14.0,18.0,15.0
India,West_Bengal,Durgapur,"Mahishkapur Road_B-Zone, Durgapur - WBPCB",11-04-2026 13:00,23.567923,87.306843,PM2.5,63.0,63.0,63.0
India,West_Bengal,Durgapur,"Mahishkapur Road_B-Zone, Durgapur - WBPCB",11-04-2026 13:00,23.567923,87.306843,NO2,2.0,56.0,23.0
India,West_Bengal,Asansol,"Mahabir Colliery, Asansol - WBPCB",11-04-2026 13:00,23.618183,87.105718,NH3,1.0,2.0,1.0
India,West_Bengal,Asansol,"Mahabir Colliery, Asansol - WBPCB",11-04-2026 13:00,23.618183,87.105718,SO2,3.0,7.0,4.0
India,West_Bengal,Asansol,"Trivenidevi Bhalotia College, Asansol - WBPCB",11-04-2026 13:00,23.616515,87.119133,NO2,8.0,57.0,26.0
India,Uttar_Pradesh,Noida,"Sector-1, Noida - UPPCB",11-04-2026 13:00,28.5898,77.3101,PM2.5,22.0,80.0,54.0
India,Uttar_Pradesh,Noida,"Sector-1, Noida - UPPCB",11-04-2026 13:00,28.5898,77.3101,NH3,7.0,10.0,8.0
India,Uttar_Pradesh,Noida,"Sector-116, Noida - UPPCB",11-04-2026 13:00,28.56923,77.393848,NO2,24.0,60.0,38.0
India,Uttar_Pradesh,Noida,"Sector - 125, Noida - UPPCB",11-04-2026 13:00,28.5447608,77.3231257,OZONE,51.0,128.0,95.0
India,Uttar_Pradesh,Noida,"Sector - 62, Noida - IMD",11-04-2026 13:00,28.6245479,77.3577104,PM2.5,14.0,116.0,58.0
India,Uttar_Pradesh,Noida,"Sector - 62, Noida - IMD",11-04-2026 13:00,28.6245479,77.3577104,PM10,49.0,154.0,108.0
India,Uttarakhand,Kashipur,"Govt. Girls Inter College, Kashipur - UKPCB",11-04-2026 13:00,29.2124114,78.9611753,SO2,0.0,0.0,0.0
India,Uttarakhand,Kashipur,"Govt. Girls Inter College, Kashipur - UKPCB",11-04-2026 13:00,29.2124114,78.9611753,OZONE,1.0,11.0,2.0
India,Uttarakhand,Rishikesh,"Shivaji Nagar, Rishikesh - UKPCB",11-04-2026 13:00,30.075911,78.2859547,OZONE,5.0,5.0,5.0
India,West_Bengal,Howrah,"Ghusuri, Howrah - WBPCB",11-04-2026 13:00,22.611968,88.347422,NO2,6.0,50.0,24.0
India,West_Bengal,Howrah,"Ghusuri, Howrah - WBPCB",11-04-2026 13:00,22.611968,88.347422,OZONE,10.0,22.0,18.0
India,West_Bengal,Howrah,"Padmapukur, Howrah - WBPCB",11-04-2026 13:00,22.5687319,88.2797276,PM10,62.0,218.0,121.0
India,West_Bengal,Howrah,"Padmapukur, Howrah - WBPCB",11-04-2026 13:00,22.5687319,88.2797276,CO,1.0,72.0,25.0
India,West_Bengal,Kolkata,"Ballygunge, Kolkata - WBPCB",11-04-2026 13:00,22.5367507,88.3638022,PM10,60.0,125.0,84.0
India,West_Bengal,Kolkata,"Ballygunge, Kolkata - WBPCB",11-04-2026 13:00,22.5367507,88.3638022,NH3,10.0,26.0,12.0
India,West_Bengal,Kolkata,"Ballygunge, Kolkata - WBPCB",11-04-2026 13:00,22.5367507,88.3638022,SO2,11.0,27.0,17.0
India,West_Bengal,Kolkata,"Bidhannagar, Kolkata - WBPCB",11-04-2026 13:00,22.58157048,88.41002457,NH3,5.0,6.0,5.0
India,West_Bengal,Kolkata,"Rabindra Bharati University, Kolkata - WBPCB",11-04-2026 13:00,22.627847,88.380669,SO2,3.0,11.0,8.0
India,West_Bengal,Kolkata,"Rabindra Bharati University, Kolkata - WBPCB",11-04-2026 13:00,22.627847,88.380669,CO,26.0,110.0,35.0
India,West_Bengal,Kolkata,"Rabindra Sarobar, Kolkata - WBPCB",11-04-2026 13:00,22.51106,88.35142,NO2,31.0,213.0,78.0
India,West_Bengal,Kolkata,"Rabindra Sarobar, Kolkata - WBPCB",11-04-2026 13:00,22.51106,88.35142,SO2,2.0,27.0,8.0
India,West_Bengal,Kolkata,"Rabindra Sarobar, Kolkata - WBPCB",11-04-2026 13:00,22.51106,88.35142,OZONE,7.0,56.0,20.0
India,West_Bengal,Kolkata,"Victoria, Kolkata - WBPCB",11-04-2026 13:00,22.5448082,88.3403691,PM2.5,48.0,97.0,76.0
India,West_Bengal,Kolkata,"Victoria, Kolkata - WBPCB",11-04-2026 13:00,22.5448082,88.3403691,NH3,7.0,8.0,8.0
India,West_Bengal,Kolkata,"Victoria, Kolkata - WBPCB",11-04-2026 13:00,22.5448082,88.3403691,SO2,12.0,51.0,23.0
India,West_Bengal,Siliguri,"Ward-32 Bapupara, Siliguri - WBPCB",11-04-2026 13:00,26.6879226,88.4152495,PM10,33.0,74.0,51.0
India,West_Bengal,Siliguri,"Ward-32 Bapupara, Siliguri - WBPCB",11-04-2026 13:00,26.6879226,88.4152495,SO2,14.0,17.0,15.0
